--------------------------------------------------------------------------------
--------------------------------------------------------------------------------
--------------------------------------------------------------------------------
--------------------------------------------------------------------------------
parallel1->get_P()->size(): 18305 world_rank: 0
PARETO OPTIMAL POINTS (f1 f2):


10.6023 1.47868
1.30404 11.0906
9.64188 1.86916
10.6231 1.47094
17.3639 0.0931393
2.6827 8.03293
3.05604 7.42036
4.37415 5.66791
12.6036 0.850135
8.97672 2.17865
1.59372 10.3028
18.3742 0.0346601
17.7361 0.068003
3.60243 6.62614
17.171 0.107839
0.183288 16.3616
0.025021 18.6102
0.0874305 17.4456
17.0889 0.114481
3.71889 6.4704
0.574265 13.7965
13.6378 0.607167
10.1998 1.63488
0.332663 15.1751
2.40033 8.54302
0.425173 14.5932
5.67387 4.36878
16.4463 0.173727
1.7739 9.86277
parallel1->get_P()->size(): 6939 world_rank: 3
parallel1->get_P()->size(): 6951 world_rank: 2
parallel1->get_P()->size(): 7523 world_rank: 1
1.09357 11.7406
0.249877 15.7797
11.0679 1.31183
7.57529 2.95782
6.09539 4.01328
0.894928 12.4336
8.54351 2.40009
7.19814 3.20161
4.08123 6.01307
2.10606 9.1259
4.87043 5.1324
3.28229 7.07792
15.3914 0.302096
0.00708662 19.2566
0.696077 13.2359
9.33761 2.0062
14.5346 0.435243
2.88087 7.70081
1.41487 10.776
1.72875 9.96988
13.1968 0.70476
7.63005 2.92386
1.71031 10.0131
0.652996 13.4285
0.955225 12.2142
1.13814 11.6003
1.4135 10.7799
0.000483595 19.8042
1.70268 10.033
3.11207 7.3339
3.55917 6.6853
5.80504 4.25503
6.86984 3.42725
10.7477 1.4255
9.9592 1.73272
8.30631 2.52844
14.7459 0.399705
9.97792 1.72501
6.5641 3.64932
7.02852 3.31686
7.69257 2.8852
4.55705 5.46388
14.8232 0.386939
4.96161 5.03853
4.43135 5.60398
7.02041 3.32325
0.268612 15.633
13.3444 0.671065
0.23782 15.876
0.133778 16.8677
9.10439 2.11641
9.85912 1.77544
7.37154 3.08738
10.4622 1.53203
5.34848 4.66425
4.41408 5.62243
8.90794 2.21291
6.34057 3.82057
7.63327 2.92186
2.73664 7.94102
0.469825 14.3391
0.805097 12.7818
0.95677 12.2086
1.96454 9.42831
2.32305 8.69111
2.32143 8.6941
1.96314 9.43152
5.61756 4.41839
5.87537 4.19653
5.45102 4.56906
4.89372 5.10746
3.14878 7.27738
1.70983 10.0148
2.04514 9.25439
1.30471 11.0883
0.12599 16.9512
0.228401 15.9579
2.30178 8.73189
1.70488 10.0276
3.37652 6.94397
5.81008 4.25115
5.76126 4.29378
5.18762 4.81584
7.52326 2.99083
3.90331 6.23521
3.55805 6.68683
3.11102 7.3355
12.8783 0.780568
9.81719 1.79338
11.4125 1.19725
1.43461 10.7222
12.179 0.964925
16.0334 0.218991
9.59887 1.88849
9.05464 2.14114
8.33199 2.51419
3.31022 7.03807
2.85058 7.7502
2.1806 8.9728
5.01886 4.98213
5.426 4.5924
6.01118 4.08187
0.00159848 19.6444
12.201 0.958817
11.3592 1.21417
12.1999 0.95915
7.69149 2.88586
7.0275 3.31758
3.24697 7.12998
3.70386 6.49116
10.3957 1.55731
3.25037 7.12526
3.13396 7.30254
4.81028 5.1937
14.981 0.361935
7.74643 2.85262
7.75935 2.84477
8.89259 2.22042
14.8207 0.387342
3.56549 6.6767
4.48741 5.54034
5.02212 4.97934
4.47558 5.55346
0.645383 13.4613
0.350052 15.0585
16.5679 0.16156
9.44685 1.9563
8.19076 2.59279
6.87418 3.4244
1.9543 9.45263
2.69894 8.00587
0.240951 15.8514
0.493481 14.2113
0.26739 15.6423
1.09912 11.7244
1.67262 10.1065
15.5171 0.28448
0.266958 15.6484
0.244881 15.8191
0.899774 12.4168
0.0225307 18.6807
0.236073 15.8903
6.79117 3.48346
7.83526 2.79898
7.16458 3.22401
7.85335 2.78807
7.18222 3.21264
9.80617 1.79737
9.80903 1.79616
8.60782 2.36614
9.29608 2.0255
13.7187 0.590232
14.9731 0.363154
16.3655 0.18208
6.43398 3.74675
12.7342 0.816892
11.2686 1.24385
5.93712 4.14333
10.3855 1.56125
10.3818 1.56281
2.19638 8.94079
10.3517 1.57513
9.03435 2.15038
8.8266 2.25364
12.2557 0.943503
13.7822 0.577501
16.7432 0.144666
0.848846 12.6084
3.43775 6.85433
4.26715 5.79116
5.64982 4.39002
1.14239 11.5833
0.895426 12.4321
4.6322 5.38189
5.58808 4.44519
0.439762 14.5101
4.4149 5.62164
4.20189 5.86757
3.87139 6.27381
0.116667 17.0635
1.44171 10.7028
1.75081 9.91621
4.94018 5.06144
13.6122 0.612591
5.39831 4.61771
5.82045 4.24298
6.42592 3.75274
7.57787 2.95616
2.99441 7.51735
0.199241 16.2113
0.323044 15.2394
3.99156 6.12228
4.88289 5.12103
4.26617 5.79217
0.045913 18.13
5.83208 4.23195
0.995967 12.0698
0.766838 12.9364
4.95278 5.04856
5.01651 4.98352
0.67333 13.3341
0.64609 13.4567
1.03155 11.9496
3.0162 7.48251
8.47797 2.43498
3.11328 7.33204
2.41126 8.5226
7.12576 3.24985
10.4906 1.52103
9.5015 1.93132
17.6152 0.0756786
16.5775 0.160633
3.72181 6.46654
4.58343 5.43558
1.69273 10.0572
13.5349 0.629447
3.56608 6.67616
13.4412 0.649559
4.28615 5.76921
5.46276 4.55938
4.37695 5.66498
3.51009 6.7545
2.76139 7.89837
0.868893 12.533
0.633204 13.5177
0.452995 14.4332
0.0817449 17.5245
3.45137 6.83485
3.88482 6.25722
12.716 0.821202
6.88073 3.41934
12.2144 0.955056
10.7803 1.41349
1.24879 11.2537
1.53797 10.4471
7.05916 3.29525
5.97957 4.10824
15.4556 0.292469
2.10133 9.13664
1.53242 10.4603
5.31552 4.69413
0.555448 13.8901
11.5753 1.14492
8.63269 2.35359
0.928205 12.3121
0.565118 13.8416
0.779487 12.8828
1.1982 11.4089
16.969 0.12452
4.66128 5.35078
4.1474 5.93261
6.72868 3.52902
14.3572 0.466564
7.0316 3.31393
0.165013 16.5325
7.74072 2.85588
8.96316 2.18574
15.4793 0.289281
0.810075 12.7599
4.11773 5.96915
3.63501 6.58214
1.52442 10.4812
2.15532 9.02491
2.52983 8.30372
15.1311 0.339231
14.193 0.496806
4.10354 5.98562
3.49375 6.77663
3.96621 6.15339
1.68139 10.0847
17.0791 0.115248
18.1069 0.047381
0.757049 12.9753
0.191761 16.2754
17.674 0.0718826
5.27147 4.73656
10.8725 1.38025
16.0981 0.211898
14.306 0.475834
12.7507 0.813084
12.5804 0.8561
7.96774 2.72087
9.48163 1.9402
8.74264 2.29691
7.05607 3.2974
8.22494 2.57369
0.171559 16.4675
0.0852563 17.4769
5.86674 4.20251
1.61504 10.2484
6.03232 4.06478
4.23356 5.83034
10.1675 1.64752
15.8765 0.238197
11.682 1.11149
1.00846 12.0268
0.456834 14.4123
0.0522988 18.007
2.5865 8.20331
2.88869 7.68697
3.32034 7.02291
6.11037 4.00088
7.20165 3.19959
15.5687 0.27717
1.37331 10.8924
1.59076 10.313
1.91384 9.5404
14.0279 0.528162
13.1259 0.721777
2.53508 8.29512
2.93979 7.60413
4.50201 5.52424
7.3106 3.12704
10.9164 1.36501
6.46574 3.72253
0.00999767 19.1184
0.0862142 17.4601
0.255874 15.7372
0.0469162 18.1107
2.06866 9.20517
3.75033 6.43025
3.59164 6.64113
15.113 0.342369
13.0722 0.733778
13.9733 0.539168
6.90162 3.4046
4.8691 5.13271
4.80095 5.2033
5.35284 4.65948
5.60823 4.42718
12.4153 0.90008
0.53757 13.9811
2.5023 8.35401
1.56767 10.3699
2.1749 8.98435
4.75908 5.24688
3.88125 6.26162
3.20784 7.18872
2.34989 8.63987
10.5829 1.4863
11.6737 1.11482
3.30196 7.05054
2.98593 7.53139
2.57721 8.21837
16.1477 0.205896
5.57729 4.45425
4.14633 5.93383
7.70057 2.88223
2.02977 9.28725
13.777 0.578573
9.1118 2.11415
11.9555 1.02916
10.6299 1.46861
7.14781 3.23567
6.27635 3.86858
6.25751 3.88341
15.8514 0.240889
10.3034 1.59327
1.47449 10.6156
19.2485 0.00720172
19.2838 0.00658031
19.2784 0.0066658
0.273063 15.5993
0.210166 16.1109
1.41942 10.7636
1.78625 9.8325
2.00115 9.34931
0.712163 13.1647
2.2624 8.81219
3.0515 7.42774
4.06081 6.03692
4.89944 5.10183
15.3688 0.304565
0.746842 13.0181
12.0437 1.00351
18.8505 0.0170261
6.7681 3.49912
0.149023 16.6978
3.20736 7.19093
2.89174 7.68197
12.4121 0.901002
11.5413 1.15546
3.82917 6.32679
3.83139 6.32393
9.56659 1.90204
8.07026 2.66128
19.5849 0.00217882
19.5501 0.00257324
19.6398 0.00163616
3.39837 6.91028
4.07608 6.01921
1.84852 9.68803
5.45563 4.56425
18.2878 0.0383416
15.2501 0.321912
18.0176 0.0519386
0.013323 18.989
0.0946559 17.3437
0.0661638 17.7655
0.0646244 17.7919
0.0738264 17.6437
0.074844 17.6285
0.0331717 18.4055
1.38132 10.8694
0.294793 15.4402
6.09516 4.01358
6.08652 4.02054
12.8677 0.783209
11.2235 1.25888
7.89078 2.76664
8.6361 2.35144
18.5849 0.0259587
17.9966 0.0530129
7.55202 2.97259
15.2701 0.318616
12.9238 0.770043
10.1238 1.66509
10.8928 1.3745
6.57819 3.63794
0.100633 17.2651
11.6015 1.13658
11.9283 1.03716
13.2444 0.693729
1.2818 11.1568
0.601075 13.6683
1.19996 11.403
1.13293 11.6132
1.74624 9.92775
1.57318 10.3551
4.45284 5.57932
7.35982 3.09571
4.70922 5.29978
2.35336 8.63283
2.29487 8.74536
0.45215 14.4407
1.19057 11.4315
15.7433 0.254548
11.2715 1.24283
7.27039 3.15336
2.19196 8.94994
5.1141 4.8878
0.513998 14.1015
9.22881 2.0572
18.2121 0.0418706
1.0432 11.9078
1.05468 11.8691
0.609432 13.627
1.94133 9.47926
1.93257 9.49867
15.7051 0.259424
19.035 0.0119375
1.46784 10.6315
2.78922 7.8516
8.7543 2.29055
14.9925 0.360301
14.279 0.480797
11.8879 1.04929
0.0172201 18.8449
10.2752 1.60445
2.10571 9.12664
4.13085 5.9522
6.71705 3.53611
1.3582 10.9344
0.70122 13.2123
0.744457 13.0273
0.290529 15.4711
1.00975 12.0248
1.00942 12.0253
12.6063 0.849588
7.87749 2.77379
14.6504 0.415566
13.4491 0.64842
12.9102 0.773493
12.8531 0.786854
5.05952 4.94109
4.58717 5.43062
2.87525 7.71031
4.83933 5.16484
19.9539 4.62613e-05
19.1499 0.00925895
3.97392 6.14469
4.20588 5.86516
13.8845 0.556491
13.1732 0.710103
17.1125 0.112563
14.4477 0.450414
4.64541 5.36817
9.25727 2.04372
9.55608 1.9079
0.0109105 19.0774
5.24806 4.75836
5.28827 4.72082
0.196321 16.2341
0.282565 15.5313
1.64136 10.1831
2.79697 7.83867
8.44911 2.45082
5.46921 4.55188
6.92232 3.38974
2.18727 8.96185
8.68092 2.32818
18.1451 0.0451278
0.706237 13.1902
2.16437 9.00855
3.45827 6.82514
3.46478 6.816
16.6726 0.151278
2.21215 8.90919
5.74295 4.30865
5.85456 4.21341
6.6554 3.58133
5.53523 4.49213
0.948718 12.2369
2.6487 8.09206
0.264118 15.671
0.302057 15.3868
3.82765 6.32948
2.24012 8.85349
2.39087 8.56084
2.06374 9.21467
16.2368 0.196087
11.7362 1.09482
11.6661 1.11634
10.1814 1.64185
10.1913 1.63791
10.9809 1.34201
1.04879 11.8894
9.62668 1.87616
12.9988 0.751495
1.86052 9.66069
2.89894 7.67083
0.225468 15.9796
2.48725 8.38134
4.8066 5.19758
8.08476 2.65307
6.38165 3.7872
5.3462 4.66539
6.77469 3.4944
4.89061 5.11083
3.49034 6.78146
3.23725 7.14451
2.49598 8.36677
3.91621 6.21604
2.31244 8.71248
4.3712 5.67112
0.117545 17.0538
2.84003 7.76693
0.0322171 18.4296
2.01358 9.32168
1.18643 11.4447
1.09445 11.7392
1.69924 10.04
1.51429 10.5083
0.0615926 17.8424
0.344567 15.0962
1.26038 11.2206
0.114052 17.0947
1.67603 10.0966
4.97009 5.03043
2.98204 7.53831
5.25249 4.75407
2.66077 8.07215
1.10397 11.7065
3.20532 7.19361
2.37992 8.58289
3.11835 7.3243
3.12013 7.32158
16.3129 0.187683
9.69836 1.84395
9.696 1.84498
6.13383 3.98195
11.4085 1.1979
10.4138 1.55054
3.08243 7.3792
7.49965 3.00535
7.31829 3.12274
5.85259 4.2152
9.4853 1.93858
12.0707 0.995841
10.9296 1.3599
15.303 0.313992
7.05326 3.29966
11.1343 1.28906
11.1463 1.28516
10.3254 1.58486
0.582238 13.7583
1.53453 10.4569
0.661088 13.3895
1.06897 11.8214
1.56962 10.3644
1.57012 10.363
16.9443 0.126823
14.6621 0.414365
13.4808 0.640956
17.5265 0.0817229
14.1225 0.51009
1.80536 9.7875
4.06006 6.03772
7.95903 2.72576
12.0237 1.0099
10.7465 1.42552
11.2047 1.26515
3.35549 6.97138
6.17975 3.94547
5.51574 4.51138
11.8411 1.06311
13.4057 0.657502
8.31593 2.52302
17.8302 0.0623964
8.4282 2.46212
3.24351 7.13572
3.68501 6.51544
4.05002 6.05016
4.72533 5.28302
6.38509 3.78535
8.59196 2.37527
10.9333 1.35859
19.4278 0.00422568
17.9005 0.0582073
10.1688 1.64741
17.4716 0.0854698
16.5996 0.158349
15.7714 0.251343
6.54615 3.66183
3.17064 7.24421
2.81767 7.8043
3.0205 7.4759
3.85142 6.29836
9.04634 2.14507
4.75226 5.25479
8.31258 2.52564
0.104081 17.2187
0.541414 13.9606
0.543311 13.9505
8.95896 2.18761
18.4326 0.0322007
18.4696 0.0305069
18.7088 0.021566
10.9016 1.37072
13.8931 0.554821
14.5172 0.438682
0.855992 12.582
6.13072 3.98573
12.4628 0.887108
12.4501 0.890514
10.5528 1.49762
6.72325 3.53194
6.79613 3.47909
9.37053 1.99223
6.79988 3.47667
6.78685 3.48574
4.22029 5.847
7.90442 2.75866
15.2159 0.327049
13.6144 0.612109
15.125 0.339945
10.5072 1.5145
6.01771 4.07717
14.3397 0.470305
9.84534 1.78075
15.5692 0.277089
7.70926 2.87537
5.09714 4.90382
3.34043 6.99375
3.93079 6.19855
16.397 0.179015
7.86364 2.78276
12.8522 0.787323
11.5559 1.15094
5.68322 4.36225
17.3005 0.0979208
7.91597 2.75184
6.86075 3.43301
7.17995 3.21346
9.29847 2.02445
12.0928 0.989372
9.4071 1.9752
10.0043 1.71395
14.9226 0.371405
11.002 1.33457
6.35153 3.81001
6.45189 3.73309
6.4931 3.70197
3.4917 6.77836
4.64389 5.37013
11.7757 1.08316
8.86209 2.23579
6.26174 3.88039
5.35804 4.65435
5.35606 4.65618
5.66414 4.37764
7.80696 2.81588
3.65007 6.56245
1.21426 11.3583
0.572662 13.8077
2.26007 8.81421
3.14976 7.27592
3.15198 7.27255
2.58523 8.20419
2.59086 8.19424
3.17848 7.23238
1.65219 10.1557
6.64876 3.58656
0.483133 14.2662
0.474166 14.3152
2.44657 8.45767
0.295969 15.4309
0.351564 15.0488
0.125719 16.9549
0.139768 16.7959
2.46541 8.42158
0.33125 15.1835
1.04045 11.9171
1.03786 11.9259
0.706249 13.1899
0.173227 16.4508
0.748231 13.0134
0.711092 13.1718
1.14332 11.58
1.81704 9.76156
2.01136 9.32759
1.88476 9.60565
9.94977 1.7369
11.0544 1.31657
7.12893 3.24822
3.99392 6.11941
5.01595 4.98474
7.12302 3.25168
1.48723 10.58
2.97999 7.54077
3.76819 6.40593
2.41657 8.51243
0.951164 12.2288
1.20364 11.3912
1.22101 11.3378
1.86155 9.65825
0.935634 12.2872
2.48103 8.39278
2.35437 8.63035
2.17916 8.97572
2.1479 9.04003
0.38418 14.8403
0.058527 17.8968
0.928223 12.3113
1.51098 10.5192
2.62939 8.12626
2.23583 8.86192
1.57267 10.356
2.17294 8.98928
5.74907 4.30387
4.33495 5.71268
3.77959 6.39093
8.15677 2.61268
9.52461 1.92174
6.66516 3.57376
5.20674 4.79839
5.78089 4.27577
5.23503 4.77047
7.48399 3.01527
4.37874 5.66256
5.09293 4.90808
5.08837 4.9126
1.75389 9.90862
6.27888 3.86697
2.56417 8.24235
8.77297 2.28075
7.37454 3.08558
6.02128 4.07358
4.75872 5.2493
8.05101 2.67233
6.23518 3.90105
6.23569 3.90063
6.23105 3.90436
9.43726 1.96037
7.78454 2.8301
5.25434 4.75211
8.6935 2.32198
7.70916 2.87617
15.8971 0.235283
13.335 0.673224
11.7512 1.09045
9.67901 1.85274
9.67911 1.85267
8.14011 2.62132
10.371 1.56713
10.2891 1.59908
11.1059 1.29892
9.91487 1.75174
9.04948 2.14332
6.57235 3.64238
6.53919 3.66713
0.961115 12.1925
3.0124 7.48848
4.86784 5.13394
4.86348 5.13842
4.21017 5.85786
1.161 11.5236
1.59266 10.3057
4.21554 5.85213
15.9854 0.224756
14.4934 0.442517
13.619 0.611596
10.6557 1.45902
9.20602 2.06783
9.20443 2.0686
12.0491 1.00209
10.0523 1.69462
10.0313 1.70324
10.0357 1.70154
10.0428 1.69857
0.734822 13.07
2.23993 8.85366
1.93571 9.49378
0.570968 13.8128
0.58464 13.747
0.574454 13.7957
2.00682 9.33755
1.72897 9.96864
0.963999 12.1822
0.940923 12.2679
12.2732 0.938739
18.2436 0.0405566
8.84059 2.2472
14.6271 0.419506
10.0302 1.70382
11.1841 1.27238
11.1042 1.2993
6.83442 3.45304
8.2209 2.57694
17.8944 0.0586041
12.6047 0.850084
17.8222 0.0628335
18.8895 0.0159211
15.1284 0.33949
15.6351 0.268927
14.6475 0.415945
12.3456 0.918877
14.1745 0.50077
7.24588 3.16995
7.68435 2.89034
8.44256 2.45419
7.23508 3.17708
7.88819 2.76745
16.8695 0.1332
9.72088 1.83457
10.8866 1.37576
7.97372 2.71708
8.48864 2.42968
11.6652 1.11721
8.74729 2.29422
0.449322 14.4544
0.982035 12.119
1.98076 9.39279
2.4933 8.37128
4.13893 5.94253
1.25637 11.2309
1.31215 11.0666
0.67996 13.3061
4.56398 5.4563
1.66453 10.1249
3.64649 6.56752
1.23754 11.2884
4.3127 5.73811
0.786916 12.853
2.62844 8.12825
1.30227 11.0966
3.90847 6.22593
4.51571 5.50947
3.18423 7.22395
5.88814 4.18459
4.48679 5.54099
4.55314 5.46974
10.5095 1.51402
5.08342 4.91838
0.0178909 18.8235
0.0221612 18.6943
10.1884 1.63898
16.6946 0.149488
14.5646 0.430211
12.9978 0.751615
13.0104 0.74865
17.2295 0.103349
9.63212 1.87309
12.346 0.918639
7.78666 2.82815
6.74797 3.5136
10.099 1.67508
8.02607 2.6871
16.1319 0.207666
8.33735 2.51134
12.7691 0.80856
14.7773 0.394734
10.829 1.3957
9.57165 1.9001
4.56514 5.45468
2.79613 7.84102
1.06583 11.8322
3.1434 7.28785
0.831534 12.6771
2.81719 7.80471
2.92955 7.62237
2.13685 9.0626
13.0283 0.744429
9.06657 2.13498
9.86836 1.77093
4.57449 5.44622
4.52015 5.50412
5.50181 4.52222
15.2219 0.325616
10.4797 1.52496
6.56418 3.6488
14.3413 0.469577
9.13954 2.09964
2.18774 8.96121
1.35127 10.9543
3.18855 7.21862
1.85807 9.66782
0.939603 12.2721
2.70886 7.98795
2.51419 8.33313
3.10187 7.34914
3.10546 7.34362
3.33985 6.99397
1.10086 11.7166
4.04917 6.05122
2.22595 8.88279
4.83764 5.16504
7.47521 3.0212
2.35883 8.62217
5.7905 4.26852
3.25124 7.12455
5.41202 4.60438
4.27418 5.78353
5.42182 4.59538
5.83044 4.23353
17.7241 0.0687734
15.8561 0.240257
15.8347 0.242963
11.7608 1.08741
15.6961 0.260412
14.1544 0.503981
14.0543 0.523698
16.7118 0.147727
16.8344 0.136616
7.25352 3.1647
7.28353 3.14477
7.26434 3.15757
13.325 0.675367
13.3255 0.675256
14.143 0.506211
11.7291 1.09717
6.34101 3.81817
11.3534 1.21604
12.5728 0.858077
3.52373 6.73437
9.67965 1.85211
5.91524 4.16198
8.95071 2.1919
4.64829 5.36465
8.6848 2.32605
8.38234 2.48665
9.00026 2.16819
7.98535 2.71117
8.94675 2.19391
7.30161 3.13434
3.73717 6.44664
13.794 0.574761
9.06079 2.13792
9.37299 1.98984
9.37088 1.99081
7.42625 3.0521
6.40008 3.77281
13.1721 0.71034
13.2597 0.690844
11.4928 1.17082
10.3373 1.58032
9.53633 1.91598
11.7518 1.09004
19.4009 0.00461326
19.341 0.00553959
15.9507 0.229065
14.6208 0.420652
18.0051 0.0524138
18.0326 0.0509276
11.5203 1.16256
11.9436 1.03277
16.9007 0.13041
13.8016 0.573459
10.1388 1.65903
5.28942 4.71897
6.16129 3.95999
3.41444 6.88759
3.41448 6.88728
4.94584 5.05445
2.96064 7.571
4.16495 5.91206
2.53851 8.28793
2.82619 7.79017
2.93391 7.61387
5.03754 4.96271
4.08502 6.00822
5.01181 4.98846
4.03513 6.06822
4.19863 5.8714
5.26016 4.74766
1.22682 11.3206
2.83628 7.77352
2.62794 8.13087
1.60468 10.2746
5.4303 4.58773
2.76925 7.88528
4.90499 5.09705
3.50318 6.76239
3.51045 6.7523
4.50889 5.517
1.49349 10.5628
2.78207 7.86358
6.53249 3.67245
2.4297 8.48813
2.43557 8.47694
5.25293 4.75333
5.11042 4.89103
5.26592 4.74103
3.29366 7.06128
6.52557 3.67772
4.70234 5.3068
4.70339 5.30567
0.315572 15.295
0.152904 16.6555
0.661357 13.388
8.55767 2.39348
14.8776 0.378336
6.85519 3.43701
7.6114 2.93619
8.96918 2.18307
5.1734 4.83001
5.12963 4.87228
5.6506 4.3897
5.66876 4.37366
6.31822 3.83681
3.89507 6.24321
6.95593 3.36635
8.51325 2.41614
3.86682 6.27865
9.46118 1.94947
9.44713 1.95585
7.99737 2.70582
18.4748 0.0302601
0.31168 15.3187
0.254446 15.7432
0.637865 13.4944
1.3924 10.8382
0.821612 12.7143
3.23211 7.15211
0.700189 13.2162
0.711791 13.1659
0.86751 12.5369
7.51058 2.99899
1.07211 11.8132
1.94538 9.47019
4.25025 5.81067
3.81368 6.35025
3.86268 6.28634
2.07691 9.18704
3.31627 7.02938
1.43099 10.7318
0.595631 13.6929
1.42731 10.7417
2.38532 8.57202
0.287904 15.4888
0.468663 14.3466
0.0558352 17.9494
0.0677866 17.7401
0.852653 12.5945
0.18158 16.3716
0.367907 14.9446
0.406728 14.706
0.922618 12.3314
0.0500298 18.0528
0.696904 13.2304
0.0359658 18.3403
0.401001 14.7373
0.157641 16.6076
1.69483 10.051
1.01601 12.001
1.4301 10.7346
2.98996 7.52397
2.21559 8.90232
1.35235 10.9522
18.3338 0.0362489
19.1307 0.00971108
17.3135 0.0968984
17.2047 0.105266
16.2242 0.197459
0.00412886 19.4294
0.216281 16.0573
0.24874 15.7891
0.426907 14.5829
0.34754 15.0776
0.35788 15.0112
0.354835 15.0312
5.2302 4.77542
2.11648 9.10484
0.495957 14.1974
1.91328 9.54154
1.63801 10.1913
0.761521 12.9564
1.33962 10.9878
0.517721 14.0821
1.34052 10.9851
0.682941 13.2916
0.257754 15.7174
0.928996 12.3085
0.138978 16.8049
0.130176 16.9058
0.0803432 17.5474
0.0545315 17.9667
0.111822 17.1209
0.618408 13.5869
0.0239949 18.6449
0.106495 17.192
0.00249651 19.5568
0.00552875 19.3405
0.013923 18.9594
0.216727 16.0529
10.1413 1.65838
3.79232 6.37445
9.4038 1.97576
8.01482 2.69364
6.27343 3.87089
2.57313 8.22728
2.57396 8.22485
5.67795 4.36518
11.2791 1.24056
11.4053 1.19964
10.6515 1.46166
6.56723 3.64678
6.68989 3.55708
5.5135 4.51168
6.59814 3.62319
6.05678 4.04446
11.4391 1.18814
12.5248 0.870778
8.62757 2.35663
9.81169 1.79511
12.814 0.796621
6.62643 3.60247
6.59767 3.62426
17.943 0.0558574
12.3925 0.906722
10.9586 1.3497
10.9494 1.3529
8.61793 2.36104
9.16808 2.08634
10.4488 1.53714
9.18739 2.07706
12.0422 1.00406
10.3792 1.56538
8.8822 2.2256
15.4718 0.290314
12.8459 0.788873
13.413 0.655712
8.89307 2.22015
12.4901 0.879948
10.7044 1.44107
8.24141 2.56433
9.74748 1.82284
12.6956 0.826658
14.287 0.479384
11.1381 1.28859
3.94446 6.18081
5.15984 4.84271
5.12124 4.88032
7.35705 3.09674
3.10677 7.34303
6.73114 3.52577
5.68684 4.35753
5.67945 4.36387
2.23317 8.86818
4.68265 5.32803
12.9626 0.759997
7.42494 3.0531
9.93182 1.74414
5.16292 4.84009
8.52903 2.40872
7.18734 3.20849
6.97473 3.35317
3.28565 7.07326
6.81998 3.46268
13.2354 0.695721
13.5131 0.633808
10.7383 1.42857
8.1628 2.6087
9.14117 2.09919
16.2337 0.196275
15.0433 0.352401
13.6803 0.598356
14.43 0.453791
12.321 0.92564
12.7818 0.804559
18.8256 0.017972
16.8166 0.138253
15.0189 0.35635
8.26275 2.55299
17.7004 0.0702758
15.8351 0.242857
17.0045 0.121462
16.3187 0.18718
18.1245 0.0462945
14.7366 0.40109
19.4305 0.00413276
18.1211 0.0465423
18.2235 0.0413953
3.01762 7.48062
4.33447 5.71377
4.88915 5.11309
5.31911 4.69115
7.61252 2.93478
7.029 3.31636
5.03067 4.96943
9.61298 1.88149
9.36765 1.99261
10.9173 1.36439
10.5006 1.51704
8.50284 2.42206
11.8415 1.06296
9.74283 1.82472
10.7836 1.41252
12.668 0.833459
11.7559 1.08887
13.3768 0.664334
11.8658 1.05605
11.5767 1.14422
10.5153 1.51142
14.7465 0.399525
18.9578 0.0139469
10.0552 1.69304
11.8998 1.04615
13.0871 0.730393
14.3955 0.459886
10.2177 1.62725
2.13945 9.05679
1.97902 9.39673
1.13161 11.617
6.76117 3.50461
3.25767 7.11493
5.08258 4.91863
2.62519 8.13352
3.41123 6.8916
4.74839 5.2582
2.54401 8.27806
4.57034 5.44965
2.55807 8.25329
2.55685 8.25568
3.7844 6.38473
3.66933 6.53632
3.7925 6.37423
3.19832 7.20284
4.4441 5.59002
0.604425 13.6518
0.758063 12.9709
0.51067 14.1222
1.17486 11.4806
0.581709 13.7619
0.175018 16.4333
0.362636 14.9765
0.410599 14.6795
0.412755 14.6668
0.624385 13.5574
0.737601 13.0571
0.739719 13.0474
17.8644 0.0602923
16.5611 0.162092
15.7423 0.254592
10.8563 1.38593
17.4639 0.0859507
15.646 0.267238
13.5368 0.628761
14.8546 0.381892
11.6779 1.11338
14.0378 0.526334
11.3034 1.23232
9.13088 2.10374
13.9436 0.544677
15.0732 0.347806
15.0862 0.345874
18.819 0.0179793
6.46082 3.72667
11.4776 1.17573
13.5086 0.635219
11.0736 1.30977
15.6291 0.269301
15.0822 0.346414
8.99099 2.17176
7.7958 2.82325
7.44611 3.03953
12.1036 0.986379
12.474 0.884906
12.212 0.956146
10.5173 1.5107
12.9406 0.765412
14.132 0.50852
10.6749 1.45205
10.6597 1.4574
10.6836 1.44888
6.15055 3.96849
10.7785 1.41412
12.9481 0.763614
12.9499 0.763209
0.717516 13.1428
1.73958 9.94429
2.10306 9.13273
1.05823 11.8583
2.10496 9.12861
1.305 11.088
1.2796 11.1619
1.88999 9.59387
1.53906 10.443
1.53567 10.4519
14.0998 0.51464
8.42657 2.46283
8.17859 2.60016
8.90227 2.21557
5.96786 4.11791
8.0227 2.68897
8.57677 2.38273
9.55191 1.90869
7.49323 3.00983
11.6356 1.12585
11.6806 1.112
11.9974 1.01691
8.26184 2.55303
8.17644 2.60077
8.77439 2.28015
5.29881 4.71005
15.2006 0.329032
8.79681 2.26862
8.86885 2.23286
6.47423 3.71597
5.71168 4.33583
6.95162 3.36989
8.30037 2.53223
11.073 1.30996
10.0959 1.67634
11.021 1.3281
13.8021 0.573107
13.0936 0.728683
13.8222 0.569048
10.0655 1.6892
9.96586 1.73049
10.0093 1.71192
14.532 0.435684
12.1832 0.964158
19.5461 0.00261538
16.3767 0.181366
0.332047 15.1792
0.275962 15.5785
1.28222 11.1552
1.3287 11.0213
1.48568 10.5842
0.871367 12.5222
2.7245 7.96112
3.63338 6.58478
4.78824 5.21677
1.14906 11.562
0.377492 14.8821
0.15121 16.6733
0.0291206 18.5028
1.51328 10.5111
0.0409484 18.2317
0.11786 17.0505
0.200133 16.1988
0.205142 16.154
0.531743 14.0097
0.0771966 17.5928
0.134585 16.8539
0.135233 16.8466
0.136195 16.8358
1.62445 10.2257
0.224174 15.9894
0.517385 14.0838
0.500482 14.173
0.16463 16.5355
0.0188909 18.7896
0.0184574 18.8033
0.652126 13.4299
3.73874 6.44498
5.60662 4.42821
7.29464 3.13761
4.70465 5.30526
5.48225 4.54039
7.87133 2.77796
6.20307 3.92685
2.16697 9.00104
5.82378 4.23915
5.69159 4.35445
2.28456 8.7657
2.61966 8.14304
2.60819 8.16361
1.63981 10.1863
1.38117 10.8696
1.13178 11.6165
3.19376 7.21155
2.92061 7.63544
2.8899 7.68517
4.17241 5.90241
5.56685 4.46581
5.17573 4.82737
4.85397 5.14887
5.28527 4.72306
2.38548 8.57176
3.32556 7.01514
3.4608 6.82195
3.69867 6.49717
0.755182 12.9849
1.24345 11.2698
0.805693 12.778
3.34529 6.98787
0.828643 12.6868
1.72315 9.98216
2.31617 8.70434
2.87174 7.71471
1.82916 9.73253
5.89394 4.1806
4.01303 6.09622
4.02111 6.08621
4.96492 5.03544
8.94831 2.193
3.97289 6.14506
3.97456 6.14299
2.66326 8.06687
2.9661 7.56201
2.94554 7.59492
2.04161 9.26201
2.2488 8.83599
2.97857 7.54241
4.59583 5.42185
3.56193 6.68153
1.94734 9.46686
4.46113 5.56983
5.86919 4.20062
4.78777 5.21741
0.467419 14.3527
0.473097 14.3216
2.17709 8.98069
0.188751 16.303
0.0568421 17.9246
0.0667519 17.7568
0.068 17.7367
0.000886131 19.7374
0.906969 12.3891
0.633922 13.5128
0.200756 16.1947
0.97926 12.1286
1.10802 11.695
0.180679 16.3792
1.46997 10.6271
0.58315 13.7532
0.845159 12.6225
1.45832 10.6575
3.14402 7.28533
5.50931 4.51618
4.41326 5.62339
3.1051 7.34416
8.3667 2.49595
3.7078 6.48512
1.32285 11.036
1.45488 10.6665
1.81965 9.75457
0.799493 12.8021
0.665181 13.3704
0.876185 12.5048
1.54886 10.418
0.00228998 19.5744
2.07468 9.19196
0.274812 15.5872
0.0962662 17.3268
15.3769 0.303382
13.8872 0.556195
12.0986 0.988116
12.2402 0.947856
13.5715 0.621378
8.36316 2.49764
15.1399 0.338055
13.2294 0.697676
13.2798 0.685975
16.4007 0.178478
12.2293 0.951156
18.6074 0.0252017
13.3249 0.675375
4.85426 5.14832
6.14489 3.97352
6.32677 3.82928
5.4029 4.61272
8.95531 2.18974
5.97404 4.11449
5.8852 4.18691
3.51966 6.7398
2.0384 9.26844
4.33253 5.71531
11.7709 1.08478
6.20594 3.92618
6.92391 3.38906
6.94434 3.37435
4.23907 5.82554
2.54557 8.27517
6.31404 3.83945
5.18364 4.81996
5.1771 4.82629
4.10234 5.9864
6.17426 3.95182
1.94083 9.48145
1.9902 9.37284
2.8602 7.73361
2.32224 8.69223
2.27379 8.78719
2.27408 8.78706
3.3893 6.92319
1.50259 10.5406
0.631063 13.526
0.314556 15.2987
0.118684 17.0375
4.45724 5.57436
5.7333 4.31686
6.00218 4.0893
3.8012 6.36326
3.60564 6.62214
4.0885 6.00334
5.35801 4.65451
5.24153 4.7643
5.35783 4.65465
1.40236 10.812
3.04924 7.43069
3.83441 6.32058
7.98104 2.71414
3.55462 6.69136
3.42099 6.8789
4.42288 5.61275
0.101044 17.2595
0.014948 18.9222
1.02455 11.9712
0.829414 12.6845
0.44177 14.4992
0.0415285 18.2192
6.92524 3.3878
5.37236 4.64259
3.87656 6.26622
0.0501514 18.0478
1.18679 11.4429
0.984967 12.1088
1.47023 10.6256
0.109063 17.1572
0.0455542 18.1368
7.12528 3.25063
4.42323 5.61212
9.75648 1.81872
8.60188 2.37082
7.63705 2.91936
5.32721 4.68395
2.73194 7.9488
5.53742 4.49051
16.9198 0.129211
0.0903273 17.4022
0.0235485 18.6532
0.343969 15.0983
0.714115 13.156
0.612732 13.6146
1.09293 11.744
0.300579 15.3969
12.1883 0.963473
17.4169 0.0893669
17.4247 0.0888069
19.7547 0.000760962
1.28103 11.1578
1.76977 9.87098
1.56271 10.3816
1.28136 11.1572
1.22455 11.3277
3.6618 6.5464
12.9268 0.769995
15.613 0.271248
6.85333 3.43915
4.25228 5.80902
5.56028 4.46964
1.60906 10.2653
4.28846 5.76613
3.14847 7.27818
0.721452 13.1244
2.70391 7.9967
2.70239 7.99936
3.22026 7.16976
7.90159 2.7603
9.29079 2.02833
9.64044 1.86953
6.03494 4.06259
6.04403 4.05522
6.99979 3.33715
6.69526 3.5525
7.73391 2.8603
1.67875 10.0924
1.88371 9.60787
3.28329 7.077
2.42492 8.498
3.18992 7.21786
7.1163 3.25628
3.52117 6.7378
0.441278 14.4997
3.06632 7.40421
2.49991 8.35811
2.93712 7.60935
2.9195 7.63761
2.60807 8.16487
2.66636 8.06139
2.07451 9.19205
3.83296 6.32233
2.46258 8.42722
2.26267 8.80942
1.40656 10.7998
1.09384 11.7394
1.50546 10.5315
0.962171 12.1892
1.90827 9.55495
0.776358 12.8965
1.6821 10.0821
2.50425 8.35121
2.38867 8.56503
1.92407 9.51752
3.9392 6.18719
9.07766 2.12942
5.9481 4.13423
7.19437 3.20412
5.9752 4.11177
6.43245 3.74877
12.6802 0.830362
7.35692 3.09714
6.68224 3.56235
6.24366 3.89505
5.43046 4.58768
5.55381 4.47543
9.78644 1.80603
9.91048 1.7543
7.68534 2.88976
15.7543 0.253018
13.2725 0.687435
9.13923 2.09966
10.5695 1.49111
9.08398 2.12653
11.3381 1.22087
10.5281 1.50662
11.3333 1.22247
12.4432 0.892484
9.48663 1.93804
14.227 0.490371
9.7486 1.8223
8.87133 2.23181
18.5268 0.028343
17.5443 0.0804169
16.5142 0.166913
19.1213 0.00991817
18.7484 0.0204045
16.6066 0.157928
16.0655 0.215362
15.7634 0.251991
0.582106 13.7595
3.87558 6.26793
1.07347 11.807
1.73516 9.9535
0.879204 12.4937
1.62387 10.2275
1.02883 11.9574
0.173848 16.4459
0.677625 13.3157
0.677129 13.3184
0.454488 14.4249
0.851768 12.598
0.0972665 17.3078
0.0760429 17.6101
0.155922 16.6294
0.188305 16.3095
0.230959 15.9336
11.7328 1.09654
17.5993 0.076862
14.9015 0.374417
17.3826 0.0917519
15.7645 0.251751
11.3725 1.20965
16.2246 0.197377
16.3105 0.188113
10.0731 1.68575
13.0192 0.747071
14.0411 0.525676
7.93881 2.73754
3.0871 7.37225
3.45538 6.82987
3.31817 7.02556
5.0492 4.95308
5.09673 4.90429
1.32647 11.0251
2.55513 8.25801
2.54975 8.26763
4.32664 5.72225
6.19429 3.93355
5.47174 4.54955
0.249623 15.7809
0.748243 13.0114
3.60074 6.62908
3.90425 6.23116
3.05937 7.4156
3.47764 6.79815
2.41612 8.51407
4.05162 6.04835
3.27025 7.09572
3.2617 7.1084
1.83746 9.71324
1.89513 9.58248
2.11808 9.1013
0.526598 14.0364
1.74246 9.93582
2.13131 9.07432
4.79054 5.21401
3.35899 6.96656
1.69401 10.0531
2.21627 8.90115
18.0601 0.0495556
11.1241 1.2925
11.1177 1.29462
11.2326 1.25679
14.8 0.391118
15.1617 0.334499
11.8585 1.0579
13.5977 0.615797
0.438183 14.5214
4.02657 6.07945
3.51433 6.74724
2.81526 7.80842
0.752435 12.9969
4.01546 6.09247
1.25604 11.2321
4.9862 5.01393
9.30365 2.0223
14.3322 0.47165
13.4805 0.641346
13.4823 0.640904
7.74961 2.852
15.1898 0.330929
8.78678 2.27433
15.9526 0.228569
13.7099 0.592195
6.75958 3.50548
4.87581 5.12581
3.61276 6.61305
2.53285 8.29983
4.59212 5.42536
6.30327 3.84855
5.79322 4.26555
10.2183 1.62712
7.55498 2.97051
4.43228 5.60391
4.81687 5.18666
1.98818 9.37654
5.77854 4.27821
4.79003 5.21447
2.76434 7.89434
3.52142 6.73711
7.00094 3.33522
4.75386 5.25345
4.09412 5.99656
1.44393 10.6998
2.58975 8.19711
1.82356 9.74783
4.46282 5.56772
0.0847972 17.4806
0.105247 17.2039
0.412489 14.6686
0.532503 14.0056
0.538472 13.9768
0.857614 12.5789
0.637982 13.4942
0.549585 13.9191
0.507481 14.1363
0.365175 14.9621
0.381716 14.8564
1.3179 11.0516
0.206709 16.1412
0.992438 12.0821
0.33735 15.1426
0.313347 15.3071
0.993736 12.0784
0.306107 15.3619
2.45365 8.44329
0.2636 15.6725
0.242517 15.8406
8.81664 2.25857
9.01156 2.16162
9.87116 1.76969
16.6329 0.155115
10.4113 1.55145
10.3955 1.55737
10.4002 1.55557
14.3218 0.473165
0.385389 14.8328
0.00861533 19.1785
5.59773 4.43607
3.69782 6.50007
2.00155 9.34769
3.01419 7.48658
2.24986 8.83396
7.23638 3.17592
6.21088 3.9206
3.78951 6.37901
2.19753 8.93972
2.45519 8.44074
3.40887 6.89495
3.41366 6.88815
8.10278 2.64257
4.30129 5.75151
4.18269 5.8905
3.0243 7.46992
7.16396 3.22545
4.73438 5.27304
2.6229 8.13747
4.37378 5.66811
3.53402 6.72093
3.1804 7.23191
3.92442 6.20663
8.80897 2.26327
6.61687 3.60927
9.88823 1.76269
8.24823 2.56065
7.52044 2.99358
6.81645 3.46509
14.0999 0.51445
8.50588 2.4201
8.45085 2.44954
5.36121 4.65177
8.03245 2.68297
8.31743 2.52239
7.85913 2.78496
7.32818 3.11593
7.79304 2.82421
18.3759 0.0344422
15.9695 0.226586
12.0896 0.990767
13.605 0.614542
12.4748 0.884124
12.4344 0.895
8.01276 2.69444
8.0749 2.65956
8.09214 2.64931
9.86312 1.77392
13.9703 0.539533
13.2005 0.704028
8.05904 2.6684
8.56247 2.39013
11.4543 1.18323
14.1029 0.513747
10.3375 1.5799
0.440764 14.5031
0.614756 13.6019
1.51637 10.5023
0.887951 12.4597
4.02701 6.07844
0.455693 14.4181
1.79913 9.80204
0.807567 12.7699
1.777 9.85486
2.76401 7.89618
9.05273 2.14234
8.29554 2.53442
6.66424 3.57452
4.91058 5.09025
6.06775 4.03556
5.04635 4.9539
7.67224 2.89778
7.09057 3.27367
6.39722 3.7748
6.14035 3.9769
13.0993 0.727537
16.0634 0.215526
14.4325 0.453106
12.6634 0.834643
9.62475 1.87625
5.53023 4.49879
10.8258 1.39687
8.34762 2.50804
11.2074 1.26431
11.6399 1.12486
15.5311 0.282158
14.3724 0.463833
13.7901 0.575796
0.664494 13.3735
3.60534 6.62245
1.80123 9.79763
1.27908 11.1643
0.910556 12.3766
0.558402 13.8747
2.16088 9.01439
1.25367 11.2393
7.62524 2.92739
7.63609 2.92056
6.52279 3.67942
4.78529 5.22025
4.93604 5.06448
4.21329 5.85461
6.86767 3.4289
2.03637 9.27394
6.387 3.7826
5.5214 4.50551
0.0587313 17.8926
0.0599412 17.8724
0.388627 14.815
0.312705 15.3111
0.948733 12.2368
0.0268778 18.5629
0.42674 14.5846
0.095847 17.3274
2.72989 7.9524
0.737881 13.0549
13.1753 0.70995
7.92077 2.74842
8.74401 2.29565
12.4459 0.891686
10.7721 1.41631
8.69744 2.31952
8.69101 2.32284
12.372 0.911574
10.9675 1.34697
12.2723 0.938887
10.991 1.33926
7.42276 3.05459
10.802 1.40543
7.49241 3.01011
8.98841 2.17306
4.68728 5.32363
4.51892 5.50549
4.31195 5.73918
4.56314 5.45712
8.14337 2.61964
6.80329 3.47384
4.83231 5.17067
6.85995 3.43361
6.84883 3.44145
13.4925 0.638702
14.5977 0.424948
9.86624 1.77206
7.40472 3.06724
7.45898 3.0319
12.2422 0.947848
9.51257 1.92664
7.07978 3.28103
12.9435 0.764629
9.65984 1.86111
9.63672 1.87124
14.602 0.42364
10.2656 1.60818
10.9866 1.34002
10.6965 1.44409
10.6567 1.45848
0.0219824 18.6961
0.283816 15.519
0.146382 16.7261
0.0752453 17.6225
0.242061 15.8444
0.150683 16.6788
0.178684 16.4022
0.0010028 19.7208
0.401968 14.7329
0.000145729 19.8936
0.123098 16.9866
0.132829 16.8732
1.11136 11.6822
1.37171 10.8969
3.31323 7.03346
1.07036 11.8191
0.134013 16.8611
1.4184 10.7661
0.59767 13.683
0.942878 12.2578
0.792667 12.8294
0.0118827 19.0377
0.0763253 17.6053
0.770946 12.9184
1.61974 10.2373
1.63471 10.199
0.918288 12.349
3.39439 6.9156
1.13834 11.5975
0.833489 12.6688
0.767713 12.9308
0.886313 12.4681
0.697591 13.2272
1.20971 11.3724
0.421448 14.6161
1.59443 10.3005
2.22788 8.88044
1.39672 10.8267
3.18142 7.22822
0.0607051 17.8571
1.46301 10.6448
8.38632 2.48453
6.11044 4.00087
9.39414 1.98007
7.93931 2.73733
9.39155 1.98177
8.5051 2.42059
7.73869 2.8571
7.3542 3.09962
8.67338 2.332
17.0215 0.120035
10.4154 1.54968
17.7525 0.066969
16.7889 0.140414
11.1395 1.28727
17.4113 0.0898284
2.20679 8.92064
1.61615 10.246
3.38475 6.92939
2.50607 8.3472
1.31402 11.0614
3.52363 6.73488
5.53542 4.49181
4.5918 5.42618
3.77923 6.39271
3.7287 6.45746
4.62249 5.39249
6.83075 3.45566
6.54198 3.66534
3.60961 6.61718
5.75307 4.29997
5.75239 4.30055
8.83094 2.2517
12.1487 0.973494
3.19994 7.20069
12.7657 0.808751
13.5321 0.6297
2.72296 7.9637
2.9095 7.65304
3.30345 7.04691
3.30489 7.04483
4.51657 5.50853
4.15187 5.92712
3.20039 7.19945
3.34839 6.98191
5.0766 4.924
4.11814 5.9687
8.22397 2.57427
8.91237 2.21052
6.32327 3.83228
8.48884 2.42927
7.62833 2.92477
0.730741 13.0857
0.338 15.1413
0.565991 13.8384
0.0246502 18.622
6.46805 3.72138
6.07081 4.03372
4.39239 5.64887
11.893 1.04758
8.96363 2.18511
9.77113 1.81347
11.4126 1.19673
6.67487 3.56701
8.20282 2.58624
7.99803 2.703
14.9658 0.364433
15.4471 0.293611
14.805 0.389938
17.2468 0.101892
0.323451 15.2371
1.20967 11.374
1.50288 10.5396
1.83935 9.71021
1.02585 11.9667
2.13554 9.06489
2.52972 8.30412
3.18333 7.22598
0.75718 12.9751
1.00878 12.0265
0.886296 12.4684
1.66906 10.1144
1.77494 9.85955
2.51009 8.33944
2.46931 8.41513
5.77754 4.27869
4.02511 6.08061
0.31803 15.2748
3.599 6.63081
2.65781 8.07627
2.28992 8.75903
2.42545 8.49613
1.86958 9.64065
5.01745 4.98259
2.79067 7.85003
0.0559115 17.946
0.533034 14.0033
0.259022 15.7069
2.12588 9.08485
1.15995 11.5269
0.110222 17.1434
1.81197 9.77248
0.120675 17.0161
2.78329 7.86223
1.97881 9.39688
3.77799 6.39337
2.1658 9.00322
0.239 15.867
2.17197 8.99028
3.6924 6.50584
3.24054 7.14021
4.92882 5.07211
3.68243 6.51869
2.87433 7.71045
0.611229 13.6193
2.61517 8.15246
2.21852 8.89829
13.1689 0.711066
16.8059 0.139058
13.8734 0.558653
18.6744 0.0227288
15.3009 0.314164
15.0572 0.35021
3.50789 6.75829
3.35044 6.98126
1.29054 11.1307
3.27691 7.08578
5.76443 4.29183
1.63469 10.1991
4.93468 5.06621
3.93736 6.18992
2.78685 7.85547
1.91923 9.52817
3.7226 6.46623
4.4075 5.62998
3.11909 7.32276
4.55753 5.46305
2.89842 7.67326
3.4504 6.83644
1.15307 11.5499
3.67224 6.53319
3.64936 6.56301
16.9376 0.127371
17.2209 0.10397
15.1953 0.329514
13.6957 0.59543
11.2234 1.25894
14.4884 0.443447
0.576394 13.7859
0.0194718 18.7764
0.153493 16.6493
0.863135 12.5537
0.201171 16.1925
0.287546 15.4922
1.16506 11.5112
1.16716 11.5045
1.29798 11.1079
10.4291 1.54506
12.2133 0.955289
12.0378 1.00653
18.8029 0.0184968
14.6795 0.410682
12.6601 0.835474
11.5936 1.13892
1.80202 9.79604
0.0474583 18.0992
0.180861 16.3772
2.2348 8.86416
0.172161 16.4632
0.00332598 19.4889
1.07871 11.7891
0.566936 13.8337
0.77808 12.8887
0.753239 12.9957
0.595585 13.6932
18.5366 0.0278191
18.6849 0.0224991
17.5703 0.0786611
9.69283 1.84663
5.62436 4.41284
5.61941 4.41714
7.5408 2.97956
5.45199 4.5678
6.61024 3.61452
7.22204 3.18533
7.20811 3.1946
3.06604 7.40453
4.41573 5.62107
1.84723 9.69281
6.18903 3.93778
2.16636 9.00169
1.5786 10.3408
2.01161 9.32631
4.12895 5.95499
3.30432 7.04568
3.30569 7.0437
7.32675 3.11642
2.34826 8.64209
17.8487 0.0612845
17.8608 0.0605975
8.10454 2.64171
10.912 1.36638
9.39267 1.98106
10.4706 1.5286
10.1287 1.66301
8.84616 2.24395
12.5238 0.870941
11.046 1.31965
12.1154 0.98292
12.3316 0.922698
15.4603 0.292111
18.6303 0.0243016
17.8044 0.0638127
15.882 0.237305
17.1327 0.110874
11.2923 1.23615
13.0138 0.747698
3.37286 6.94711
1.91818 9.53125
1.75711 9.90146
2.30133 8.73466
1.48655 10.5825
1.31785 11.0518
2.38148 8.57863
2.38799 8.56646
1.4903 10.5727
1.44851 10.6852
0.980975 12.1225
0.792053 12.8332
1.56293 10.3813
1.54009 10.4403
1.0113 12.0167
1.16548 11.5105
1.19502 11.4199
1.25737 11.2309
1.39461 10.8321
1.21152 11.3708
16.4267 0.175688
11.021 1.3279
12.0596 0.998911
13.8106 0.571938
14.2393 0.488463
13.0323 0.743233
12.1387 0.977147
10.2686 1.60753
14.9103 0.373034
10.7107 1.44014
11.3345 1.22205
15.9353 0.230634
14.2398 0.488013
9.57634 1.89798
13.6686 0.600691
6.97934 3.35046
7.63987 2.91815
7.00195 3.33442
7.31502 3.12424
7.47195 3.02301
12.1962 0.960311
6.24426 3.89401
6.26426 3.87817
6.27719 3.86797
7.07511 3.28439
7.08146 3.28005
2.96392 7.56581
6.89842 3.40643
9.55462 1.90815
9.25287 2.04572
10.0149 1.70985
9.26752 2.03883
11.1091 1.29812
7.06749 3.29064
7.52436 2.98973
10.202 1.63357
5.8507 4.21613
5.89193 4.18124
3.74868 6.43125
6.85603 3.43672
8.37853 2.48888
7.09285 3.27325
7.24587 3.17037
7.10521 3.26531
7.10705 3.2641
8.23291 2.56976
0.00605412 19.3102
0.0872722 17.4458
0.174412 16.4412
0.326467 15.2173
0.232944 15.9224
0.141168 16.784
0.0690761 17.7186
0.0579145 17.9079
0.912832 12.368
1.66217 10.1322
4.76441 5.24165
5.70762 4.33974
9.4976 1.93371
5.36605 4.64723
5.36191 4.65094
5.3741 4.63975
4.06067 6.03744
4.98337 5.01735
5.22481 4.78052
5.23465 4.77124
0.40085 14.7382
0.273142 15.5992
0.0710009 17.6877
0.142528 16.7663
4.60697 5.41039
0.665714 13.3688
2.25192 8.83078
1.08491 11.7691
0.483268 14.2656
0.919999 12.3412
0.502875 14.1605
0.558933 13.8734
2.4686 8.41556
0.187679 16.3172
0.143132 16.7593
0.144058 16.7497
1.12168 11.6495
0.616903 13.5928
1.5233 10.4856
0.816043 12.7389
8.593 2.37397
4.49053 5.53709
7.80437 2.81762
6.67378 3.56746
2.29775 8.73973
0.978116 12.1333
0.388793 14.8119
0.935878 12.2858
10.4441 1.53861
4.64705 5.36591
5.60983 4.42664
6.31948 3.83485
6.51723 3.68395
8.6801 2.32896
5.47847 4.54342
5.97742 4.10996
5.97964 4.10811
7.16653 3.22256
2.86901 7.71957
4.67594 5.33534
4.3405 5.70614
4.68728 5.32282
5.65068 4.38912
4.21407 5.85309
5.77583 4.28012
5.04336 4.95726
1.62075 10.2341
4.62127 5.3939
6.50705 3.69121
3.79426 6.37184
4.25356 5.80677
5.13382 4.86795
5.16463 4.83809
15.8391 0.242419
9.92798 1.74596
8.89258 2.22098
5.29395 4.71453
16.377 0.18094
8.1997 2.58773
12.4114 0.901098
11.7283 1.09752
10.2616 1.61024
18.7568 0.0199576
16.8297 0.136766
14.5546 0.432002
15.6248 0.269702
11.6402 1.12443
15.7722 0.250709
13.2527 0.691794
13.2692 0.688156
14.0095 0.531861
16.5049 0.16772
15.5397 0.281153
11.8161 1.07056
16.1044 0.210779
0.457212 14.4095
3.56803 6.67492
1.5055 10.5312
1.49888 10.5487
0.12077 17.0126
2.84868 7.75251
0.656513 13.4095
0.376121 14.8933
0.579394 13.7762
6.0002 4.09154
5.83354 4.23085
6.1938 3.93467
10.0089 1.71296
9.01292 2.16136
11.6509 1.12131
10.5086 1.51402
7.96425 2.72294
9.4313 1.96313
8.86148 2.23596
9.24006 2.05203
10.6818 1.44929
10.6955 1.44429
0.0255504 18.5965
0.519398 14.0737
0.00838775 19.1925
0.505314 14.1486
0.467908 14.3512
0.129783 16.9103
0.154137 16.6426
0.353372 15.0364
0.595421 13.6938
0.372834 14.9115
0.0898443 17.4119
0.121348 17.0078
0.230852 15.9369
13.7295 0.588015
13.7272 0.588487
14.0603 0.522138
17.1857 0.106659
1.36394 10.9197
4.19469 5.87626
4.13341 5.94986
3.98965 6.1243
3.24129 7.13866
3.25859 7.11289
3.25236 7.1222
2.70189 7.9999
0.487559 14.2424
2.68048 8.03842
2.39169 8.55974
3.27037 7.09566
6.29527 3.85453
3.08484 7.37595
2.74112 7.9327
2.85956 7.73611
4.45543 5.576
4.14269 5.9379
2.4734 8.40733
4.23303 5.83109
5.79415 4.26454
12.3128 0.927744
9.02503 2.15501
3.97745 6.13957
12.1447 0.975195
6.93257 3.38255
7.03337 3.31275
6.62597 3.60328
7.56864 2.96224
19.2268 0.00775272
12.1699 0.967763
17.0095 0.121032
15.8456 0.241702
15.8424 0.242062
0.0706759 17.6955
1.85159 9.68135
2.76443 7.89356
2.86009 7.73412
2.75951 7.90193
1.65452 10.1511
1.83288 9.72436
1.94273 9.47657
1.82656 9.73882
1.57694 10.3454
4.94758 5.05279
1.65595 10.15
12.8325 0.791926
12.9 0.775606
10.3624 1.5702
16.9093 0.129637
12.4996 0.877999
11.1497 1.28372
11.8217 1.06903
13.7935 0.575082
13.7636 0.581184
1.66137 10.133
2.09757 9.14369
2.21876 8.89582
2.5828 8.20874
4.17735 5.89678
1.88935 9.59536
0.683543 13.2894
2.76677 7.89107
4.61546 5.40086
3.29456 7.06081
2.55691 8.25482
3.62889 6.59046
3.64484 6.57117
2.11895 9.09933
2.78153 7.86704
6.51012 3.6896
4.9972 5.00282
5.27998 4.72764
9.91656 1.75056
5.04246 4.95825
7.97707 2.71611
6.76379 3.50217
6.58337 3.63447
8.56354 2.38945
6.23833 3.89907
5.22939 4.7767
5.91058 4.1656
4.57952 5.44043
5.61468 4.42103
2.45931 8.43566
7.21599 3.19074
6.22252 3.91233
8.33869 2.51053
9.1783 2.08104
12.4287 0.896309
10.5109 1.51376
7.11655 3.25622
7.41344 3.06144
10.1767 1.6437
6.9495 3.37131
9.54273 1.91273
9.53864 1.9147
6.98384 3.34686
11.7378 1.0943
8.2797 2.54314
6.82371 3.4593
5.64456 4.39458
4.24902 5.8125
7.06884 3.28846
5.69869 4.34738
0.00964798 19.1428
0.188333 16.3071
1.41262 10.782
0.0818381 17.524
0.0387731 18.2813
0.625313 13.5525
0.400148 14.7425
1.96855 9.41991
0.16808 16.5013
0.165893 16.5229
1.43606 10.7176
1.02036 11.9866
1.38455 10.8614
1.021 11.984
0.728244 13.0955
2.15853 9.01784
1.47629 10.6088
2.31997 8.69665
1.38361 10.8642
0.931054 12.3009
0.92706 12.3153
1.45622 10.6628
1.14772 11.5657
1.05568 11.8658
1.80855 9.78022
1.69971 10.0388
0.0994729 17.2839
0.00507215 19.3699
0.325721 15.2228
9.01539 2.15971
8.67937 2.32939
6.91015 3.39855
9.45011 1.95467
12.0055 1.01453
6.42337 3.7548
7.16849 3.22108
6.50152 3.69614
9.31973 2.01446
7.89465 2.76355
7.1263 3.24954
2.42074 8.50547
2.82574 7.7937
2.26977 8.79459
3.1569 7.2654
3.4205 6.87958
1.24042 11.2789
4.4367 5.59715
2.07978 9.18121
0.893233 12.4405
3.58799 6.6458
0.925456 12.321
2.78466 7.85908
3.48223 6.79177
2.94649 7.59338
2.95936 7.57274
2.05372 9.23653
4.42999 5.60536
3.12391 7.31543
3.43258 6.8638
5.46116 4.56021
2.29117 8.75281
5.20861 4.79573
2.57848 8.21674
2.99113 7.52229
3.445 6.84451
7.49515 3.00855
4.3446 5.7017
1.17604 11.4765
2.46089 8.43003
1.92099 9.525
7.73509 2.85926
5.44533 4.57367
5.46532 4.55541
4.0541 6.04695
16.8555 0.134641
19.1778 0.00862885
14.2974 0.477459
15.8153 0.24583
9.55053 1.9101
12.8009 0.800217
13.433 0.651998
12.8035 0.799544
12.7584 0.810571
15.5358 0.282047
13.1024 0.726601
2.25768 8.81983
6.89221 3.41095
3.8356 6.31911
5.15794 4.84608
5.20944 4.79488
5.16168 4.84214
9.16873 2.08572
8.07116 2.661
5.07293 4.92778
5.54323 4.48527
5.39416 4.62098
6.03093 4.06567
5.3699 4.64344
6.3652 3.79983
5.84593 4.2214
4.61688 5.39839
4.75893 5.24891
2.42519 8.49631
5.0223 4.97898
4.40739 5.63168
4.87976 5.12238
0.345666 15.0884
1.86354 9.65359
0.68529 13.2811
0.585009 13.7445
2.02805 9.29087
1.00808 12.0278
11.4742 1.17676
16.67 0.151517
15.2376 0.323419
13.2601 0.690092
13.2731 0.687215
4.56326 5.45671
4.08191 6.01125
3.64573 6.56778
8.29112 2.53914
5.39298 4.62296
5.53428 4.49336
6.59349 3.62826
10.2791 1.60352
10.1515 1.65455
14.8127 0.388743
12.5026 0.876674
12.5184 0.872479
14.6965 0.407752
12.8841 0.779257
16.3109 0.187902
15.9794 0.225358
10.2795 1.60312
10.6111 1.47547
0.391926 14.796
0.638105 13.4941
0.682821 13.2945
0.680696 13.3046
0.69645 13.2322
2.65358 8.08446
0.303786 15.3746
0.263395 15.6732
0.448703 14.4587
0.484098 14.2618
0.159473 16.5902
0.416225 14.6458
0.413637 14.6612
0.994799 12.074
0.892104 12.4445
0.193124 16.2628
3.41048 6.89324
2.36817 8.60422
2.27172 8.79075
2.51057 8.33867
2.58485 8.20501
2.59526 8.18621
0.649228 13.4427
1.80096 9.7997
1.71285 10.0086
4.59651 5.42081
4.16616 5.91126
0.397251 14.7615
2.36349 8.61325
0.372702 14.913
3.35193 6.97721
3.29333 7.06519
2.50932 8.34131
2.81368 7.81063
1.36762 10.908
3.54122 6.7118
4.1232 5.96142
3.21417 7.17881
2.15412 9.02681
3.83657 6.31744
1.72704 9.97303
3.72367 6.46454
0.929572 12.3071
2.87886 7.70292
1.71394 10.0046
1.94527 9.47053
10.6738 1.45253
6.19443 3.93338
5.72509 4.32483
3.03201 7.45822
4.73909 5.26803
3.56338 6.68005
5.30297 4.70606
5.40938 4.6071
3.58226 6.65364
2.7464 7.92403
4.02188 6.08448
1.99267 9.36684
4.03574 6.06773
3.44062 6.85078
3.55763 6.68797
4.91201 5.08879
5.32187 4.68853
4.82465 5.1792
3.49781 6.77139
4.30823 5.7435
1.67945 10.0905
2.05309 9.23728
4.30326 5.74902
4.77873 5.22751
2.18925 8.95553
1.3026 11.0948
3.77779 6.394
2.53514 8.29433
9.98052 1.72436
10.9863 1.34043
13.9837 0.536809
8.73368 2.30158
10.1041 1.67303
12.0293 1.00807
11.0032 1.3342
12.7312 0.817317
9.00671 2.16436
13.6764 0.599538
14.7023 0.406953
12.6555 0.837077
12.8483 0.78866
12.1337 0.977793
0.87366 12.5135
7.3601 3.09529
1.53261 10.4602
2.91717 7.64072
3.69164 6.50646
0.867295 12.5427
0.633685 13.5168
2.53539 8.29357
5.081 4.92097
2.08423 9.17153
2.62477 8.13601
4.25935 5.80088
1.61281 10.2539
15.9086 0.233957
15.9138 0.233322
15.9113 0.233615
15.6752 0.263138
18.3857 0.0339611
17.9679 0.0544994
17.9434 0.0558082
17.637 0.0742692
17.9397 0.0560249
8.02039 2.69023
5.6462 4.39426
7.85356 2.78807
7.2367 3.17582
7.2385 3.17456
6.76236 3.50381
6.09069 4.017
6.10469 4.00552
3.88815 6.25165
3.32075 7.02187
3.88635 6.25566
4.97203 5.02898
4.68788 5.32225
5.58875 4.44517
3.74891 6.43098
5.27813 4.73112
4.72705 5.28063
10.6359 1.46669
6.75434 3.51106
5.247 4.76081
16.9528 0.125855
7.80031 2.81993
7.8891 2.7671
6.71292 3.53894
0.971599 12.1554
0.0199406 18.7577
0.0103513 19.1012
0.00395842 19.444
13.2264 0.697778
16.2066 0.199295
1.35642 10.9401
0.279236 15.5532
9.70692 1.84026
19.7111 0.00107921
0.266283 15.6516
9.18152 2.07966
1.55638 10.3981
16.5332 0.164898
0.515716 14.0928
1.2418 11.2756
1.06347 11.8399
0.594855 13.6973
14.3551 0.46724
0.754241 12.9869
18.1505 0.0448833
0.294164 15.4434
5.97816 4.10924
0.0433697 18.183
0.317515 15.2777
0.129488 16.9116
6.74476 3.51617
0.275527 15.5834
0.0471358 18.1073
0.0326335 18.4169
19.8923 0.000145449
16.1685 0.203521
13.4016 0.658295
0.0641205 17.8047
13.6414 0.606511
0.94463 12.252
19.3514 0.00535326
0.211622 16.0971
8.35637 2.50181
5.29838 4.71138
12.1184 0.982356
7.92015 2.74863
13.1293 0.720337
9.65513 1.86335
8.63042 2.35479
18.9078 0.0153377
15.0295 0.354505
5.14097 4.8612
0.141191 16.7813
5.94356 4.13831
19.0493 0.0115916
1.13674 11.6009
5.51219 4.51285
16.1664 0.204308
6.3088 3.84321
3.91831 6.21366
13.6862 0.597025
9.81191 1.79491
14.1766 0.499787
16.8682 0.133437
16.2554 0.194215
12.6344 0.842673
4.26458 5.79525
0.0155837 18.9008
1.9442 9.47326
10.7108 1.43904
0.364577 14.9641
10.9039 1.36899
8.69891 2.31877
0.0366308 18.3248
0.716122 13.1471
0.202677 16.1763
0.42889 14.5731
3.95201 6.17251
19.5789 0.002312
8.15332 2.61384
7.14317 3.23881
19.8451 0.000313564
14.6352 0.418028
0.374444 14.9079
0.0295239 18.4941
2.8969 7.67418
5.98879 4.10039
15.7914 0.248509
2.01879 9.31042
0.257931 15.7172
0.158441 16.5987
1.50978 10.5207
7.75682 2.84625
17.0482 0.117873
11.8299 1.06693
2.09744 9.14404
2.21413 8.90548
0.0169091 18.8541
0.70781 13.1848
4.72306 5.28547
2.3204 8.69585
14.289 0.479265
9.30537 2.0213
18.5515 0.0273053
7.61583 2.93255
8.66368 2.33782
0.151465 16.6716
0.00120586 19.6974
17.8816 0.0592879
5.70004 4.34581
10.3373 1.5801
16.0109 0.222008
0.824244 12.7044
5.98762 4.10239
14.5901 0.425728
13.9259 0.548337
15.4919 0.288099
18.9588 0.0139344
1.40968 10.791
1.05287 11.8755
9.5272 1.91968
2.22353 8.88698
12.8751 0.782121
1.9946 9.36325
15.0649 0.34903
1.0418 11.9126
6.05825 4.04336
1.44666 10.6889
0.0767142 17.6015
7.41466 3.05955
8.48596 2.43115
16.6749 0.151193
13.4916 0.639577
0.356205 15.0201
10.0475 1.69615
3.08412 7.3782
1.35642 10.9394
6.69744 3.55021
1.58954 10.3131
3.43423 6.85905
0.458199 14.4053
0.248717 15.7901
0.494671 14.2051
9.2172 2.06256
4.19623 5.87545
7.74775 2.85227
3.93981 6.18638
3.86954 6.27515
0.525015 14.0464
15.513 0.284636
18.2489 0.0405265
0.224926 15.9849
3.08053 7.38213
8.95036 2.19283
11.7176 1.10091
16.277 0.19162
3.82042 6.33807
8.81634 2.25877
0.380846 14.8615
19.1185 0.0099327
0.463006 14.3798
8.39181 2.48254
11.2965 1.23495
0.361063 14.9905
18.2564 0.0397561
13.3362 0.673151
3.67066 6.53494
0.548919 13.9236
0.151533 16.6702
0.0198477 18.7612
0.0123567 19.0183
0.095034 17.3408
3.95917 6.1627
0.194623 16.2489
0.0930963 17.3642
0.0540871 17.974
1.33871 10.9912
5.38727 4.6272
7.13856 3.2424
1.72182 9.98635
19.6953 0.0011707
4.12513 5.95896
10.0227 1.70648
2.7296 7.95245
2.7035 7.99753
0.03974 18.2567
8.46526 2.44186
18.4104 0.032962
5.07289 4.92827
5.19075 4.8131
0.781056 12.8778
3.22388 7.16617
18.3194 0.036969
1.95988 9.43835
7.38628 3.0778
0.602942 13.6581
14.0709 0.519888
0.290684 15.4685
10.7107 1.43919
10.881 1.37712
2.94221e-05 19.9525
0.231278 15.9299
18.9184 0.0150612
3.36274 6.96104
1.91654 9.53567
14.268 0.483033
8.66519 2.33641
5.87936 4.19222
8.28068 2.54276
2.13919 9.0575
1.00364 12.0435
11.5138 1.16421
13.9285 0.547702
8.78868 2.27298
3.64291 6.573
8.37579 2.49047
8.29846 2.53273
15.6883 0.261826
0.0117205 19.0502
4.67772 5.33412
13.6162 0.611974
14.1485 0.50537
18.8696 0.0165423
7.66117 2.90452
12.0031 1.01555
16.9506 0.126115
14.4004 0.45895
13.4778 0.64165
1.9153 9.53725
6.43754 3.74388
0.18511 16.3416
1.22706 11.3193
0.31569 15.2918
15.092 0.345027
19.0832 0.0107776
9.70139 1.84272
18.0423 0.050518
17.5367 0.0811994
15.2603 0.320283
11.6293 1.12852
10.714 1.43742
19.2598 0.00699051
10.5616 1.49396
0.0634821 17.811
0.22386 15.9922
0.100818 17.2613
12.0063 1.01452
0.112262 17.116
0.822593 12.7118
8.93651 2.19859
1.39739 10.8247
13.5284 0.630802
0.158963 16.593
0.466265 14.3592
0.504536 14.1514
3.46979 6.80998
4.54294 5.47903
1.23035 11.311
18.3321 0.0363184
17.7697 0.0659903
16.217 0.198157
18.6987 0.0220838
0.205632 16.15
14.8521 0.382316
10.1471 1.65556
6.60951 3.61478
7.91924 2.74954
0.116118 17.0685
17.2929 0.098386
5.84241 4.22357
0.817335 12.7319
16.762 0.14288
14.9475 0.367195
0.41558 14.6508
10.8376 1.39269
16.8438 0.135434
7.27494 3.15041
1.90236 9.56589
1.43784 10.7133
2.83052 7.78267
10.7778 1.41415
18.477 0.0301597
8.71089 2.31271
0.218627 16.0372
11.7954 1.07683
2.64403 8.10035
0.905301 12.3952
8.99624 2.16903
0.674766 13.3281
8.27258 2.54698
1.23601 11.2925
2.29299 8.74978
8.79184 2.27151
12.5593 0.861655
0.0896394 17.4124
12.9773 0.756688
0.00321228 19.4963
5.35003 4.66228
0.0326984 18.4156
0.112707 17.1127
1.87517 9.62723
0.305185 15.3641
8.12201 2.63168
9.57965 1.89626
1.14816 11.5643
19.8235 0.000411645
0.772031 12.9135
2.03226 9.28161
4.1908 5.88147
9.09209 2.12247
10.179 1.64295
12.2877 0.934759
5.96311 4.12167
13.3693 0.665418
5.47974 4.5429
1.96063 9.43692
12.3204 0.925957
13.4643 0.644424
5.2375 4.76801
2.28664 8.76297
17.4036 0.0902228
6.13684 3.97953
0.165272 16.5296
1.10579 11.7015
18.9895 0.0131955
0.841996 12.6347
18.2022 0.0423424
3.76336 6.41253
4.85412 5.14834
18.0538 0.0500717
6.05448 4.04781
8.11137 2.638
1.33507 11.0005
18.1712 0.0439334
0.236465 15.8891
6.25898 3.88296
0.692497 13.2503
8.45728 2.44615
7.57989 2.95559
6.94509 3.37422
0.492444 14.2159
0.141913 16.7726
0.328164 15.2045
0.597485 13.6873
9.88961 1.76268
9.02359 2.15587
3.62786 6.59219
13.3989 0.658869
14.269 0.482621
1.37844 10.8773
6.82044 3.46175
15.4275 0.296352
9.73789 1.8268
0.636149 13.5034
0.617056 13.5913
13.7619 0.581374
16.8924 0.131232
14.4504 0.450389
14.6574 0.414609
5.45886 4.56148
0.0799547 17.5513
19.19 0.00840613
19.3052 0.00614223
10.0511 1.69469
4.66412 5.34756
11.5409 1.15552
9.39585 1.97995
1.12782 11.6292
17.2736 0.100051
13.912 0.551412
0.0660002 17.7712
1.41621 10.774
2.13364 9.06968
0.195283 16.2452
7.33594 3.11056
2.33438 8.66975
9.84683 1.78028
13.5217 0.632047
15.4385 0.295043
13.9158 0.551373
10.441 1.53995
5.33566 4.67637
0.159885 16.5835
1.54772 10.421
16.5041 0.167948
0.129089 16.9166
2.60166 8.17551
14.225 0.491079
2.89309 7.68006
12.6585 0.836044
0.979731 12.1266
1.45658 10.6627
6.90071 3.40509
4.32338 5.72683
0.243176 15.8326
1.32619 11.027
3.10946 7.33979
0.798987 12.8056
0.645405 13.4602
12.7274 0.818638
6.79795 3.47799
13.4184 0.654821
8.87565 2.22981
18.0783 0.0485243
7.45232 3.03541
4.84941 5.15299
1.18146 11.461
0.275126 15.5838
0.00656219 19.2829
6.01473 4.08011
3.80704 6.35539
16.7266 0.146174
17.1521 0.109457
1.17828 11.4725
8.41404 2.46942
1.38757 10.8524
13.2826 0.684944
11.3823 1.20649
4.47051 5.56136
8.7991 2.26751
12.7862 0.803976
6.36875 3.79686
0.441115 14.5014
0.452183 14.4377
5.49708 4.5267
9.1151 2.11149
0.587049 13.734
19.4097 0.00442132
2.28183 8.77144
0.182338 16.3631
3.35475 6.9737
1.12315 11.6465
2.98901 7.52556
11.5923 1.13936
3.42356 6.87612
0.750806 13.0008
3.04171 7.44348
11.4278 1.19169
9.34086 2.0048
6.68789 3.55726
7.52697 2.98824
3.40085 6.90906
4.98804 5.01223
0.0108484 19.0895
6.37806 3.7896
16.0079 0.22214
0.130807 16.896
12.6072 0.849171
0.87716 12.5004
3.80966 6.35228
16.9928 0.12288
4.05872 6.04155
8.19423 2.5908
1.19823 11.4076
2.48667 8.38282
3.03389 7.45478
2.38237 8.57711
1.5726 10.3579
1.03502 11.9358
17.5432 0.0805894
7.93709 2.73911
3.05299 7.42511
3.53776 6.71462
10.5356 1.50472
1.60766 10.268
10.8632 1.38389
7.76731 2.84012
6.0821 4.02382
10.2348 1.62043
1.21209 11.3658
12.1033 0.98638
15.1791 0.332053
2.69007 8.0203
17.0765 0.115461
2.99522 7.51617
4.78181 5.22461
2.80373 7.82786
6.5781 3.63911
2.44098 8.46694
4.11297 5.97395
14.4387 0.452129
17.2615 0.100894
2.95899 7.57427
2.26373 8.80683
1.26728 11.1991
4.81263 5.19218
0.784417 12.863
17.9702 0.0542939
1.45218 10.6745
0.5997 13.6763
0.834923 12.6624
1.54677 10.4229
13.5689 0.621798
9.20527 2.06831
13.4824 0.640507
12.1507 0.973047
6.50661 3.69152
5.10163 4.90148
1.90427 9.56205
15.3205 0.311474
0.858831 12.5703
16.1076 0.210578
1.78318 9.84144
0.137525 16.8225
7.56014 2.96723
0.224292 15.989
5.17687 4.82707
10.5161 1.5113
10.4563 1.53397
6.99436 3.34047
0.00497506 19.3756
18.6585 0.0233572
14.685 0.409648
10.0173 1.70863
4.88316 5.11877
5.06977 4.93236
0.0133962 18.9785
3.90043 6.23632
12.4971 0.878579
6.44728 3.73816
12.1093 0.984753
4.51814 5.50627
12.3419 0.920426
4.27888 5.77734
12.3029 0.930442
8.70935 2.31365
0.00300907 19.5153
0.590668 13.717
11.2263 1.25806
16.552 0.16303
4.52721 5.49651
11.5603 1.14963
5.59358 4.4406
0.0942033 17.3491
11.1811 1.27315
15.6505 0.266364
9.63927 1.86984
10.3081 1.59146
18.6333 0.0241973
15.8476 0.241463
12.7817 0.804618
13.8348 0.566427
18.3387 0.0361448
4.38837 5.65152
3.59567 6.63659
2.19576 8.94269
17.5215 0.0819493
2.31141 8.71426
5.57529 4.4563
11.5434 1.15475
0.299 15.4103
6.90378 3.40273
13.7497 0.585325
7.9226 2.74707
0.864823 12.5484
15.2345 0.323764
1.34328 10.9769
14.7107 0.405419
0.00588437 19.3244
16.5581 0.16296
4.0744 6.02027
12.0828 0.992954
0.853597 12.59
0.461029 14.388
6.35179 3.80995
16.0223 0.220344
16.3684 0.181931
12.9287 0.768466
4.27338 5.78407
14.7364 0.401383
2.83513 7.77541
10.0923 1.6781
19.7539 0.000830866
2.40759 8.5297
2.97242 7.55195
12.8962 0.776313
7.1527 3.23167
1.21644 11.3521
4.81135 5.19228
2.68357 8.03148
0.0966754 17.3165
1.64704 10.1682
3.11374 7.33182
8.01097 2.6966
0.396108 14.7669
14.946 0.367435
1.17383 11.4833
2.51977 8.32239
3.65882 6.55018
6.17753 3.94725
13.109 0.725427
1.31848 11.0483
15.3334 0.309534
7.25761 3.16198
4.70564 5.30341
5.01381 4.98637
10.6288 1.46894
0.338058 15.1381
19.4914 0.00327901
7.24206 3.17279
6.93692 3.37947
14.3403 0.469758
5.90016 4.17479
13.4964 0.637461
1.13113 11.6198
8.59008 2.3755
10.1291 1.66292
2.85697 7.74076
8.09124 2.65142
1.99892 9.35483
0.145899 16.73
0.707117 13.188
10.4362 1.54168
4.39364 5.64627
4.06652 6.03051
0.0681925 17.7362
2.6898 8.02186
8.86613 2.23371
5.85845 4.20968
3.54365 6.70746
11.2286 1.25734
9.97078 1.72788
15.0123 0.357105
6.10252 4.00736
16.1002 0.211458
0.43352 14.548
2.40169 8.54108
11.9825 1.02133
0.552379 13.9057
11.2707 1.24316
1.90902 9.55226
11.6171 1.13157
9.35769 1.997
10.2721 1.60561
8.19153 2.59246
16.1886 0.201576
1.53089 10.4648
14.1924 0.497144
1.4795 10.6003
0.836827 12.6552
2.01841 9.31216
9.37864 1.98724
0.0272036 18.5521
0.270315 15.6248
15.4171 0.297885
4.4844 5.54412
2.61145 8.15847
12.5519 0.8643
1.74501 9.93288
3.62652 6.59375
0.393491 14.783
8.06287 2.66545
7.39445 3.07262
7.25551 3.16418
0.817971 12.7289
11.0946 1.30309
6.68522 3.55972
7.71001 2.87457
7.65926 2.90667
1.07429 11.8052
17.9555 0.0551251
1.5114 10.5154
0.324402 15.2304
8.59355 2.37393
6.36032 3.8036
1.18074 11.462
13.507 0.635856
1.38128 10.8696
7.21879 3.18753
0.420755 14.6191
1.75967 9.89696
7.32029 3.121
0.640036 13.4886
10.1778 1.64321
16.1646 0.204335
3.50077 6.76585
1.86881 9.64262
6.38924 3.78087
11.955 1.02929
3.70205 6.49445
6.44015 3.74257
12.6224 0.845183
1.59794 10.2915
14.201 0.495278
2.50554 8.34786
0.566187 13.836
3.16244 7.25693
6.17755 3.94689
0.000393413 19.8296
0.0353652 18.3553
1.27257 11.1827
1.01707 11.9977
7.43627 3.04677
2.40568 8.53469
8.43533 2.45859
1.11762 11.662
2.46018 8.43306
1.69444 10.0519
10.0671 1.68829
11.0293 1.32596
1.2006 11.4002
0.103077 17.235
2.60681 8.16578
0.123283 16.9831
10.4618 1.53222
3.47742 6.80023
11.7994 1.07568
16.7582 0.143483
0.506348 14.1434
16.6683 0.15215
11.9684 1.02541
9.1198 2.1094
12.7629 0.809343
3.84695 6.30491
17.6917 0.0707474
5.32839 4.68219
11.4832 1.17408
17.478 0.0850262
11.5971 1.13826
0.747464 13.0151
6.7258 3.5298
13.2329 0.696392
12.2279 0.951237
1.73399 9.95626
0.357256 15.0113
0.546757 13.9383
10.9184 1.36391
2.00594 9.33805
2.04704 9.25011
4.75444 5.25176
7.59797 2.94362
0.0704214 17.7015
3.99342 6.11964
8.16211 2.60893
18.8111 0.0183465
1.47241 10.6199
5.15562 4.847
4.09122 5.99988
18.1039 0.047452
10.1249 1.66481
0.0223651 18.6904
11.4684 1.17887
15.9926 0.224232
3.39239 6.91943
1.76876 9.87356
4.72226 5.28673
15.9145 0.233233
10.739 1.42848
4.92034 5.08047
18.8635 0.0166198
12.5106 0.874719
2.08326 9.17426
1.50421 10.5357
1.60401 10.2766
0.674545 13.3286
13.8436 0.565012
5.43183 4.58613
6.00062 4.09091
7.60213 2.94158
8.9329 2.20037
3.06934 7.40018
12.4847 0.881314
1.87503 9.62786
0.446307 14.4712
4.36535 5.67799
4.36711 5.67684
15.8973 0.235219
9.27133 2.03719
1.73032 9.96489
8.18749 2.5952
8.53492 2.40486
2.78956 7.85126
9.91292 1.75208
0.268975 15.6318
4.65751 5.35468
0.81512 12.7401
8.4563 2.44695
0.515328 14.0968
0.995725 12.0711
1.76723 9.87713
7.3409 3.10723
6.16309 3.95911
0.303699 15.3763
0.959416 12.1999
16.6283 0.155519
2.71783 7.97327
3.72141 6.46712
0.781494 12.8746
0.908049 12.3849
10.802 1.40546
9.88041 1.76581
9.34497 2.00274
3.2165 7.17551
5.28249 4.72557
10.9758 1.34365
1.55523 10.401
9.50675 1.92889
15.2816 0.31699
0.938357 12.275
3.39645 6.91494
9.27846 2.03423
0.830433 12.684
0.606935 13.639
14.4834 0.444122
3.2957 7.0591
6.07735 4.02841
4.96522 5.03496
8.4218 2.46524
7.51757 2.99404
8.73898 2.29814
6.49783 3.69831
8.66053 2.33891
1.24087 11.2778
9.89063 1.76162
2.91187 7.64938
1.11179 11.6812
9.16452 2.08757
13.8515 0.563232
4.77373 5.23167
14.4626 0.447857
8.51091 2.41738
1.79263 9.82165
2.86224 7.73244
10.6894 1.44644
1.15166 11.5576
0.0486874 18.0752
5.48455 4.53798
5.45987 4.56107
12.2788 0.937398
5.91349 4.16315
1.68286 10.0808
0.740119 13.0454
8.36048 2.49894
2.01012 9.32955
1.57487 10.3505
3.966 6.15406
15.8232 0.244606
13.2767 0.686331
0.350424 15.0569
5.12822 4.87457
8.17288 2.60302
12.3963 0.904973
0.65505 13.416
1.77764 9.85315
12.6632 0.834663
11.8515 1.05993
6.64322 3.58994
4.16447 5.91226
5.8014 4.25815
0.270721 15.6184
0.527282 14.0335
14.4976 0.441687
6.85776 3.43511
9.50564 1.9296
0.664199 13.3764
13.7616 0.581378
2.43904 8.4704
0.107772 17.1718
0.541064 13.9623
3.12676 7.31091
7.71701 2.87079
8.64154 2.34851
0.943171 12.2571
5.13956 4.86312
3.6672 6.53902
12.6518 0.837729
0.0718868 17.6751
14.7903 0.39252
1.49172 10.5677
12.1607 0.970365
13.3224 0.675956
0.551713 13.9083
11.7502 1.09053
11.3987 1.20124
8.51836 2.41405
19.0035 0.0127514
12.8722 0.78318
0.526116 14.0385
0.961853 12.19
4.91638 5.08511
17.7516 0.0673788
14.6296 0.419008
6.65067 3.5844
0.72287 13.1188
2.0923 9.15593
12.3879 0.907407
8.91339 2.21017
13.0501 0.739105
0.100654 17.263
16.4539 0.173033
0.0342577 18.3803
0.140459 16.7903
1.27346 11.1803
3.49561 6.77329
6.40546 3.76933
6.32289 3.83238
5.6159 4.42074
9.84999 1.7788
4.05427 6.04574
16.2828 0.190971
2.76563 7.89168
6.13529 3.98089
7.84131 2.79585
9.54104 1.91397
2.45398 8.44268
9.76293 1.81637
11.1582 1.28134
1.67153 10.1078
8.71337 2.31159
2.64018 8.10702
1.10042 11.7178
2.14406 9.04962
11.321 1.22661
6.39218 3.77942
5.28794 4.72083
1.11411 11.6737
11.0702 1.3111
19.9901 1.45953e-06
2.56051 8.2485
0.0158985 18.8881
0.366864 14.9498
15.1193 0.340822
0.0325307 18.4229
1.72762 9.97199
4.17865 5.89504
5.33369 4.67776
10.6148 1.47413
1.27234 11.1854
1.8629 9.65806
17.3683 0.0928508
5.07018 4.93031
5.40897 4.60775
7.51561e-08 20.0006
0.449292 14.4553
17.9987 0.0527789
14.0546 0.523107
7.91677 2.75166
7.37938 3.08244
1.66878 10.1152
13.7554 0.582738
13.0363 0.742279
6.99665 3.338
5.81324 4.24871
0.225051 15.9844
1.26019 11.2209
2.4893 8.37831
7.77542 2.83483
17.8372 0.0618878
9.60534 1.88538
0.00155236 19.6501
0.191012 16.2832
0.0425947 18.1967
7.83684 2.79794
7.68127 2.8925
0.00204246 19.6004
6.22548 3.90877
16.4013 0.178334
3.32891 7.01111
6.61436 3.61165
2.70078 8.00172
5.08974 4.91198
18.7984 0.0187076
8.40243 2.4759
11.1072 1.29823
16.1715 0.203265
4.95971 5.04329
0.000631906 19.7768
18.1072 0.0470685
9.72912 1.83108
3.2567 7.11557
0.204755 16.1614
7.72305 2.86669
9.66542 1.85842
0.278599 15.5576
2.38338 8.57709
0.548151 13.9261
18.4222 0.0324409
6.35495 3.80731
3.30267 7.04838
14.0025 0.533139
2.40324 8.53864
11.0389 1.32174
0.0408139 18.2365
8.21249 2.5809
8.62567 2.35687
7.33062 3.1151
8.05952 2.66792
0.726959 13.1026
9.97535 1.72596
0.212139 16.0929
18.7168 0.0212719
9.60833 1.88369
7.20316 3.19859
0.338504 15.1361
0.991607 12.0853
0.69005 13.2635
12.9865 0.754326
11.6918 1.10842
5.55228 4.47668
0.179472 16.3917
3.45823 6.82554
2.33622 8.66542
0.0209979 18.7252
0.884039 12.4744
10.2966 1.59614
19.1981 0.00822403
2.60719 8.16511
12.9315 0.76758
10.9371 1.35732
5.11708 4.88432
9.59048 1.89156
5.54903 4.4796
7.03672 3.31048
0.710617 13.172
9.39217 1.98124
0.67364 13.3327
10.8963 1.37189
11.923 1.03881
2.24525 8.84372
2.49004 8.37611
0.459721 14.396
0.00722439 19.247
10.3412 1.57859
14.1576 0.503493
0.896174 12.429
0.977584 12.1371
11.8678 1.05517
0.284806 15.5121
10.5774 1.48805
3.17571 7.23663
11.1782 1.27424
18.4618 0.0309094
2.65923 8.07479
3.62443 6.59639
0.954337 12.2187
11.6227 1.12997
13.8445 0.564502
0.986545 12.1042
12.7372 0.81582
7.46222 3.02938
0.04366 18.1793
0.627953 13.5404
9.67565 1.85448
0.403824 14.72
0.0176733 18.8339
4.65141 5.36164
1.03462 11.9372
3.21995 7.17103
14.102 0.514086
4.33969 5.70762
8.23036 2.57053
0.626091 13.55
12.378 0.910181
18.763 0.0197536
1.71477 10.0025
7.53013 2.98703
7.06339 3.29336
2.66491 8.06379
3.71429 6.47664
2.30649 8.72275
0.229974 15.9409
2.64995 8.09035
5.51921 4.50684
9.06886 2.13359
9.11406 2.11196
1.83029 9.73133
12.2444 0.946825
3.03073 7.46024
3.54398 6.70636
7.71479 2.87175
3.97134 6.14846
9.80436 1.79852
14.0163 0.530672
3.69371 6.50414
1.9602 9.43761
1.8098 9.77727
3.31193 7.03494
17.4945 0.0838237
5.77734 4.27922
0.211377 16.0997
0.762674 12.9527
0.917364 12.3508
3.93687 6.19257
4.14962 5.9296
7.43694 3.04536
5.20083 4.80359
7.20885 3.19419
13.5746 0.62061
14.0813 0.517926
1.86879 9.64429
0.145644 16.7323
11.7828 1.08082
0.298308 15.4132
16.7012 0.148554
3.74416 6.43787
13.1097 0.724943
12.834 0.791526
11.8967 1.04653
13.7234 0.589796
13.4503 0.647741
6.47844 3.71285
0.0949542 17.3426
0.999584 12.0607
2.3381 8.66182
4.03844 6.06418
13.5682 0.622218
4.59303 5.42431
5.25832 4.74903
13.9324 0.547247
15.6493 0.266569
1.01939 11.9892
0.800073 12.7999
11.4221 1.19354
1.23206 11.3041
0.33956 15.1285
0.00272859 19.5382
6.12071 3.99308
6.99211 3.34139
4.71432 5.29437
5.94441 4.13734
3.90961 6.22448
8.59986 2.37085
1.08043 11.7838
2.0687 9.2042
0.433917 14.5423
5.71711 4.33174
11.3667 1.21151
0.668651 13.3555
17.0675 0.116184
16.0422 0.218192
4.54824 5.47388
11.9261 1.03798
13.9457 0.544296
0.439674 14.5129
1.83554 9.71772
15.4088 0.298976
0.34979 15.0599
3.33493 7.00115
1.55339 10.4067
9.57068 1.90027
0.218412 16.0384
8.52142 2.41315
0.162415 16.5593
17.3383 0.094992
4.66958 5.34183
2.14471 9.04705
0.405124 14.713
10.5289 1.50647
0.0365466 18.3291
17.6524 0.0733266
8.04212 2.6776
3.88327 6.25781
4.8221 5.18175
18.7987 0.0186061
4.72998 5.27753
0.045294 18.1495
1.84797 9.68965
18.2688 0.0391986
18.427 0.0322089
1.36308 10.9208
3.8279 6.32858
0.258391 15.7119
14.3099 0.47549
3.22422 7.16437
7.34672 3.1037
0.573334 13.8016
8.1123 2.63718
2.7477 7.92175
16.2739 0.191878
3.19646 7.20532
1.40163 10.8126
13.8531 0.563077
5.89062 4.18393
5.4244 4.59346
4.46495 5.56545
0.104039 17.2205
1.76259 9.88905
7.66874 2.90014
14.774 0.394941
3.38063 6.93552
5.39051 4.62532
0.74795 13.0138
1.15428 11.5451
3.13843 7.2937
7.15514 3.23015
6.7589 3.50579
3.10215 7.34885
0.176371 16.4207
2.47689 8.40057
0.984775 12.1089
2.93007 7.61986
0.21741 16.0497
5.89698 4.17766
1.61829 10.241
7.5059 3.00156
18.1693 0.0440723
4.90224 5.09925
1.78497 9.83521
5.49811 4.52553
1.93684 9.48906
17.4492 0.0869837
5.34271 4.66867
2.43787 8.47325
7.44928 3.03784
18.0683 0.0490754
13.3904 0.660858
17.13 0.111108
4.61631 5.39981
0.0229666 18.6675
1.99506 9.36189
14.943 0.368458
0.194309 16.2558
10.8865 1.37577
18.5584 0.0270559
0.535142 13.9922
3.03695 7.45021
6.8714 3.42565
6.44934 3.73512
12.3594 0.915063
5.28054 4.72719
4.35823 5.68648
0.566815 13.8353
6.72726 3.52902
19.7179 0.00104074
16.4836 0.169858
0.509871 14.1238
2.85405 7.7437
3.76893 6.40476
6.26303 3.87913
2.57265 8.22772
6.82835 3.45628
18.5808 0.0263066
1.01329 12.0146
0.034669 18.3695
9.8413 1.78237
3.62384 6.59969
6.81678 3.46427
6.15833 3.96233
7.42086 3.05596
0.679654 13.3062
4.79606 5.20911
16.3535 0.183605
9.76642 1.81446
13.1858 0.707122
2.94246 7.60004
8.80925 2.26317
0.968892 12.1653
3.25433 7.12002
15.4158 0.29795
0.832597 12.6712
8.60547 2.3677
7.52659 2.98865
18.6906 0.0221984
2.17541 8.98349
2.06196 9.21881
6.81829 3.46426
11.5304 1.15916
2.43426 8.48145
4.94968 5.05128
0.0893804 17.4155
6.93956 3.37915
0.528734 14.0291
3.28857 7.06865
5.78787 4.26994
4.29584 5.7581
4.33689 5.71131
1.41744 10.7696
13.9936 0.535459
9.40246 1.97641
0.369203 14.9347
0.250446 15.7745
2.02506 9.2972
13.1385 0.718401
1.31173 11.0701
6.00486 4.08716
3.04754 7.43337
4.26018 5.7995
11.8877 1.0503
0.0838709 17.4956
14.8863 0.377075
3.51263 6.75028
8.8449 2.24431
11.1681 1.27752
1.08196 11.7793
0.121464 17.0051
0.705764 13.1917
0.0074888 19.2339
5.42051 4.59647
0.69254 13.2497
6.3666 3.79903
16.876 0.132564
5.78746 4.27089
0.0273169 18.5493
2.19713 8.94054
3.41091 6.89212
4.07535 6.01945
0.511825 14.1138
1.87474 9.62828
17.6965 0.0705057
12.7197 0.820373
3.14083 7.28958
3.08745 7.37135
4.23102 5.83318
4.92493 5.07564
0.248591 15.7915
1.37291 10.8948
15.4811 0.289159
1.83301 9.72352
3.65454 6.55704
0.269099 15.6298
5.63693 4.40157
1.75469 9.90688
0.414398 14.6608
0.602442 13.6602
14.0639 0.521205
0.47498 14.3108
5.11249 4.88877
0.497123 14.1913
0.342583 15.1076
2.9162 7.64386
12.893 0.777218
1.90674 9.55686
7.46225 3.0291
13.8337 0.566696
0.564439 13.8448
2.55152 8.26586
4.6695 5.34325
5.74411 4.30787
19.7786 0.00062542
9.78058 1.80841
0.0212026 18.7217
13.1436 0.716946
14.3844 0.462126
0.0723647 17.6674
3.91237 6.22143
6.55972 3.65176
14.2255 0.490857
15.3326 0.309847
12.2987 0.932378
5.06678 4.93376
10.2111 1.63022
10.649 1.46207
4.38163 5.65926
3.54975 6.69808
1.12011 11.6555
0.801194 12.7964
4.53982 5.4824
17.8328 0.0622031
0.632096 13.521
1.4645 10.6406
4.84012 5.16251
8.76314 2.2858
4.08341 6.0094
1.29188 11.1261
15.9051 0.234615
4.51108 5.51516
1.35249 10.9511
11.3222 1.2264
14.7604 0.397235
2.56582 8.23904
4.02381 6.08397
1.02581 11.967
0.121167 17.011
17.2073 0.104957
10.401 1.55522
7.8595 2.78444
5.75091 4.30163
0.880673 12.4873
0.236224 15.8896
11.3139 1.22883
0.0907138 17.398
2.27095 8.79242
11.6701 1.11556
2.1146 9.10882
10.5493 1.49865
6.95994 3.36345
0.10669 17.1852
0.676519 13.3212
11.8232 1.06876
12.5244 0.870803
0.0566791 17.9274
8.81595 2.2594
0.660088 13.3932
0.64511 13.4618
8.88003 2.22699
15.7408 0.254713
0.177301 16.4112
4.43017 5.60483
3.46467 6.81687
14.5263 0.436741
16.5583 0.162525
2.52616 8.31064
2.71862 7.97112
0.0759632 17.6128
0.00987745 19.121
1.51963 10.494
0.00890932 19.1656
8.21087 2.5814
0.0868644 17.457
4.68843 5.32163
1.75871 9.89714
0.310062 15.3299
6.45993 3.7272
13.7745 0.578719
0.186776 16.3223
3.57795 6.66009
7.65435 2.90889
5.73665 4.31409
7.07237 3.28613
10.4184 1.5489
1.8511 9.68197
0.0581877 17.9047
12.5766 0.857214
12.0676 0.996889
1.46224 10.6466
3.00919 7.49366
7.13256 3.24547
4.22704 5.8379
0.820555 12.7185
7.90043 2.7603
5.64634 4.39294
5.8596 4.20862
7.5444 2.97717
7.28002 3.14751
3.76931 6.40443
4.00122 6.11012
1.20248 11.3949
15.2079 0.327986
14.9385 0.368581
16.043 0.217917
5.87974 4.19156
0.399093 14.7521
15.6087 0.271897
1.68953 10.0644
5.33118 4.67953
6.61226 3.61421
0.0109227 19.0761
19.5904 0.00214539
5.58685 4.44588
3.36623 6.95688
0.371086 14.9225
0.0440036 18.1681
6.33615 3.82209
11.9434 1.03296
0.118184 17.0442
9.60542 1.88479
6.58462 3.6333
0.0131142 18.9905
0.338504 15.1346
4.47897 5.55018
0.0264266 18.5734
10.6567 1.45862
8.83225 2.25084
0.183902 16.3495
13.3646 0.666522
1.82022 9.75301
0.919082 12.345
8.54631 2.39858
5.88564 4.1866
19.8084 0.00046112
1.02405 11.9729
10.8826 1.37661
13.795 0.574635
4.4158 5.62075
0.29691 15.4234
5.65588 4.38517
9.71444 1.83694
2.29021 8.75898
15.0113 0.357656
4.78939 5.21554
15.4206 0.297693
3.26067 7.11018
1.97654 9.4019
2.92023 7.63566
3.37342 6.94567
13.7097 0.592318
1.66621 10.1209
7.32647 3.11667
7.94878 2.73169
16.8969 0.131026
0.733922 13.0721
3.43321 6.86053
15.5181 0.283953
1.26955 11.192
8.93888 2.19733
10.8154 1.40081
3.17173 7.24316
0.809669 12.7629
3.70457 6.4893
0.873286 12.5171
1.21544 11.3547
5.86738 4.20236
3.43751 6.85436
11.0528 1.31753
6.19911 3.92978
0.611294 13.6187
3.77713 6.39415
8.53086 2.407
14.8289 0.386264
0.527403 14.0329
5.04927 4.95097
1.86543 9.65284
1.81654 9.76422
9.61917 1.87906
5.43596 4.58228
2.82735 7.78783
9.48302 1.93981
0.0975846 17.3054
6.29995 3.85066
0.968025 12.1692
11.198 1.26796
17.266 0.100442
16.5743 0.160838
0.0302855 18.4742
0.0670193 17.7523
1.47019 10.627
9.2272 2.0584
8.26585 2.55074
1.34131 10.9825
0.0516721 18.0185
5.20195 4.80263
14.5657 0.430186
4.35394 5.69085
3.13747 7.29485
9.14814 2.09542
6.11934 3.99387
2.24813 8.83785
8.66654 2.33555
0.01825 18.8106
6.01537 4.07854
10.6918 1.44561
2.23583 8.86173
2.09131 9.15669
17.0374 0.118678
1.63153 10.2073
18.2627 0.0395629
0.447212 14.4659
7.0577 3.29605
4.01623 6.09183
4.53085 5.49262
16.8567 0.134596
2.55834 8.25214
8.93223 2.20146
8.71495 2.31059
1.68544 10.0736
14.118 0.510878
3.57814 6.65964
13.8052 0.572596
8.72733 2.30497
0.309664 15.3354
5.77639 4.27973
9.71508 1.83683
10.7419 1.42739
2.05419 9.23487
12.6973 0.826127
0.0147566 18.9315
2.84456 7.75948
4.28177 5.77485
12.0295 1.00763
5.562 4.46839
10.8194 1.39932
5.67448 4.36833
5.80924 4.2515
0.434106 14.541
11.2162 1.2613
7.28821 3.14205
5.17946 4.8238
7.7209 2.86844
0.356827 15.0142
0.148309 16.7038
4.12102 5.9639
7.15574 3.22997
15.661 0.265213
12.17 0.967441
5.57896 4.45277
17.5754 0.0783758
7.30441 3.13212
11.7194 1.10011
5.92185 4.15664
1.28939 11.1344
4.05926 6.03876
5.21969 4.78524
2.12074 9.09541
0.190429 16.2884
1.5256 10.479
3.2385 7.14255
12.6215 0.845409
6.64306 3.59047
0.758171 12.9702
7.77231 2.83676
6.89739 3.40784
2.4741 8.40648
3.62642 6.59481
14.9129 0.37269
15.8025 0.247036
10.9567 1.35055
4.9174 5.08362
13.3039 0.680271
8.36068 2.49846
7.18979 3.20697
11.1946 1.26865
0.438228 14.5173
1.60344 10.2778
5.38014 4.63382
8.05808 2.66856
0.0653137 17.7795
9.45979 1.95025
0.145503 16.735
0.193724 16.257
0.0675489 17.7478
0.0164241 18.8716
0.88871 12.4581
7.30524 3.13048
0.475539 14.3078
12.6995 0.82544
14.4134 0.456485
10.3669 1.56851
12.479 0.882836
2.32763 8.68174
4.15821 5.91942
7.42968 3.05078
0.166492 16.5196
0.732602 13.0772
7.60005 2.94247
17.7666 0.0660969
6.89439 3.41001
5.96153 4.123
8.24894 2.56023
0.166623 16.5168
8.13516 2.62427
8.05164 2.67191
17.8943 0.0586136
0.0632096 17.8147
9.6878 1.84903
0.00198007 19.6057
8.49345 2.42783
10.217 1.62758
7.64801 2.91272
0.380337 14.866
2.49152 8.37549
3.72767 6.4589
0.0861672 17.4617
1.77074 9.8687
5.10952 4.89198
0.545815 13.9385
14.8603 0.3811
12.8054 0.799386
7.96912 2.71985
1.18428 11.4508
2.76908 7.88533
5.09097 4.91058
0.422071 14.6117
9.968 1.72941
8.00035 2.70158
13.065 0.735504
1.08169 11.7793
4.19302 5.87796
1.88838 9.59785
18.3764 0.034373
0.364747 14.9639
2.28065 8.77318
1.35312 10.9502
13.6772 0.598872
0.845567 12.6213
0.694411 13.2411
9.29415 2.02637
2.57946 8.21658
15.3353 0.309294
11.3009 1.23319
0.940179 12.2685
1.05239 11.8776
2.66585 8.06219
1.08096 11.7833
3.00546 7.50038
15.9344 0.230733
10.0009 1.71581
15.7194 0.257509
5.3947 4.62051
3.90682 6.22786
0.332283 15.1765
1.90462 9.56091
0.492784 14.2141
2.02724 9.29288
5.29999 4.70948
12.9777 0.756348
11.7128 1.10194
1.92195 9.52362
4.99296 5.00706
0.186814 16.3209
15.6412 0.267537
0.125092 16.9632
10.205 1.63255
15.2948 0.315334
4.73963 5.2677
11.6449 1.12292
0.0230275 18.6672
0.857877 12.5737
7.75147 2.84995
0.937026 12.2791
0.384695 14.8382
6.24674 3.89311
0.17568 16.4273
3.51894 6.74061
1.25486 11.2362
15.1929 0.329931
1.3684 10.9055
17.7186 0.0690769
3.34106 6.99245
0.862955 12.5541
18.7801 0.0195285
8.68127 2.32788
0.332246 15.1772
14.8689 0.379621
2.36269 8.6145
2.80415 7.82644
13.3616 0.667857
5.62933 4.40812
0.128251 16.9252
11.4834 1.1739
8.96232 2.18649
6.04182 4.05732
1.64842 10.1649
2.06091 9.22096
0.841593 12.6375
0.233219 15.9223
8.89028 2.22177
7.38217 3.08157
14.7309 0.402043
13.0681 0.735036
4.32644 5.72412
0.616749 13.5939
0.293773 15.4459
4.67246 5.33924
10.1027 1.67371
7.81706 2.81074
1.12116 11.6508
10.5605 1.49534
10.7495 1.4245
11.395 1.20232
15.0308 0.354273
6.88505 3.41645
0.0301615 18.4769
6.5586 3.65298
13.3949 0.659728
9.04177 2.14699
9.78697 1.80561
0.444354 14.4822
0.966232 12.1746
0.960904 12.1957
0.452516 14.4358
16.4209 0.17634
2.59739 8.18379
13.6109 0.612845
3.03556 7.45243
0.175245 16.4319
4.45185 5.5806
11.9735 1.02397
6.18236 3.94301
2.42708 8.49279
0.0114767 19.0579
5.50704 4.51749
0.0853145 17.4728
3.99647 6.11583
12.9304 0.767902
2.23721 8.86064
8.67054 2.33381
9.39743 1.97857
12.3517 0.917106
0.352997 15.0389
7.48898 3.01208
1.08471 11.7723
3.27921 7.08244
0.828191 12.6886
17.1229 0.111702
2.27513 8.78404
9.41884 1.96879
6.36284 3.80121
5.51824 4.50739
3.74039 6.44212
0.917496 12.3508
7.5356 2.98267
7.58905 2.94925
11.0748 1.30933
11.9055 1.04431
2.37456 8.5918
1.34942 10.9597
1.8867 9.6044
19.1482 0.00927967
5.45839 4.56244
4.45821 5.5731
0.521294 14.064
0.598293 13.6813
7.97757 2.71484
0.449467 14.4531
1.33087 11.0125
9.33226 2.00897
2.50452 8.34963
1.49518 10.5588
0.82577 12.698
1.25541 11.2351
5.25076 4.75592
5.29644 4.71245
4.22956 5.83698
4.33041 5.71771
13.1475 0.716593
10.2578 1.61203
6.45764 3.7293
5.27265 4.73571
5.78904 4.26896
5.21457 4.7902
6.22204 3.91252
5.78532 4.27267
5.21065 4.79371
0.70914 13.1772
0.256698 15.7252
3.45248 6.83376
3.44517 6.84362
6.99485 3.34025
9.10047 2.11832
4.08286 6.01003
4.98303 5.01763
4.24346 5.81912
17.1173 0.112131
15.4115 0.298911
3.70768 6.4852
10.3112 1.59034
15.4522 0.293132
14.0776 0.518699
5.35488 4.6573
4.27585 5.7824
5.34858 4.66372
7.57523 2.95791
8.78487 2.27497
13.5485 0.626304
8.95173 2.19135
13.1589 0.713384
12.2855 0.935659
12.3619 0.914341
11.5157 1.16388
3.10471 7.34575
2.7989 7.83682
2.40346 8.53708
3.12146 7.31909
2.36684 8.6065
3.06316 7.41024
1.76665 9.88001
1.01554 12.002
0.715884 13.1501
1.35035 10.957
1.64634 10.1705
2.23403 8.86562
0.864891 12.5475
0.652022 13.4303
0.240787 15.852
0.376298 14.8918
13.8306 0.567392
15.4493 0.29351
0.20185 16.1834
17.1904 0.106497
16.361 0.182581
19.147 0.00930231
8.29466 2.53483
4.23985 5.82294
4.90719 5.09369
4.91221 5.08861
2.78599 7.85779
5.46354 4.55715
5.46976 4.55141
11.243 1.25235
2.26601 8.80196
0.150404 16.6822
0.381988 14.854
2.06711 9.20801
1.72981 9.96642
0.757448 12.9742
0.762202 12.9537
7.43148 3.04901
9.34166 2.0043
3.68966 6.50907
7.08695 3.27611
16.3083 0.188251
9.27379 2.03594
10.0351 1.70159
12.1978 0.959629
0.149607 16.6908
0.153465 16.6524
0.143542 16.7549
7.24107 3.17303
7.72926 2.86433
8.4245 2.46387
2.3523 8.63735
2.63256 8.12073
3.04504 7.43751
3.21573 7.17864
1.8766 9.62466
1.87891 9.6197
7.30207 3.13334
1.52333 10.4845
1.70526 10.0259
3.72004 6.46931
4.20747 5.86103
0.0246738 18.6207
0.0788941 17.5792
0.73005 13.0887
2.91453 7.64526
0.0727399 17.6605
10.0912 1.67831
17.1493 0.10969
16.1591 0.204571
15.1512 0.336382
3.10791 7.33991
11.8665 1.05552
18.1431 0.0452252
4.52851 5.4949
1.96579 9.42628
2.60359 8.1715
7.67113 2.89851
7.00761 3.33069
1.2093 11.3747
1.49342 10.5631
0.785456 12.8585
12.4352 0.894618
2.47738 8.39956
2.10762 9.12549
0.0776365 17.5856
3.21078 7.18391
1.04137 11.914
3.25729 7.11537
6.44472e-05 19.948
1.77872 9.84987
1.46752 10.6344
1.26834 11.1961
1.0073 12.0307
4.63768 5.37672
6.93136 3.38338
5.65478 4.38605
16.2012 0.199985
4.088 6.00384
0.358131 15.0086
0.462184 14.3858
1.4656 10.6376
13.7825 0.577073
15.2421 0.322819
7.6622 2.90403
6.53558 3.66998
6.99214 3.34123
4.55567 5.46513
0.523501 14.052
0.863873 12.5527
5.92306 4.1551
14.9068 0.373674
9.77483 1.81099
15.6193 0.270422
0.00688256 19.2682
8.20142 2.58673
7.51546 2.99647
11.9378 1.03456
13.4446 0.648848
10.2585 1.61101
0.382872 14.8488
18.2665 0.0392854
10.6156 1.47379
9.83256 1.78645
2.90072 7.66757
3.33303 7.00417
15.4639 0.291297
0.58203 13.7596
1.53364 10.4572
6.27419 3.87032
5.67579 4.36762
9.673 1.85507
8.92624 2.20401
16.3073 0.188414
6.64415 3.58936
0.852967 12.5939
2.8363 7.77349
13.916 0.550889
2.55814 8.25255
1.92637 9.51335
4.04668 6.05412
0.217872 16.0431
0.46052 14.3931
14.9254 0.370919
2.87211 7.71456
4.87652 5.12573
3.85482 6.29543
10.1187 1.66755
9.35403 1.99856
4.85553 5.14692
5.83273 4.23154
19.3346 0.0057721
11.1933 1.26997
12.8922 0.777537
5.43813 4.58127
5.86153 4.20779
6.46921 3.71977
1.05028 11.8847
1.49867 10.5503
0.401253 14.7363
0.571471 13.8108
8.1341 2.62474
3.42432 6.87342
14.0088 0.532065
3.45557 6.82909
8.04897 2.67345
9.10238 2.11788
8.57308 2.38546
7.87007 2.77815
10.3608 1.57082
3.92968 6.2003
4.59121 5.42648
4.58025 5.43814
2.42291 8.50099
2.8192 7.80158
0.660415 13.3923
0.543782 13.9482
14.5824 0.427007
0.964913 12.1793
0.426176 14.5872
0.371751 14.9186
7.0243 3.32031
4.74911 5.25789
4.22998 5.83446
13.1941 0.705425
6.00822 4.08504
2.56292 8.24451
1.97855 9.39885
10.6132 1.4749
9.19375 2.07399
12.6693 0.833387
7.28675 3.1426
0.11522 17.0793
6.04117 4.05763
15.8857 0.236819
1.15751 11.5347
1.65787 10.1425
7.01683 3.32417
2.66425 8.06508
2.94828 7.59048
4.50801 5.5176
5.67679 4.36694
5.26035 4.74738
4.71288 5.29561
3.30469 7.04553
11.9346 1.03527
11.1037 1.29998
6.12857 3.98734
4.97531 5.02549
1.48901 10.5748
2.05049 9.24373
6.68652 3.55818
1.95175 9.45733
14.2717 0.482434
12.7175 0.820821
5.8114 4.25062
0.925219 12.3235
9.7346 1.82829
3.36707 6.95549
2.93222 7.61635
16.7782 0.141441
16.7468 0.144317
8.37046 2.49384
17.5903 0.0773479
12.2368 0.949061
0.604357 13.6522
15.906 0.234204
3.56842 6.67247
6.80271 3.47486
3.84012 6.31289
4.29076 5.7637
0.0395179 18.266
2.14055 9.05474
4.76071 5.2452
14.3433 0.469156
9.69943 1.84392
1.2066 11.3818
2.75867 7.90301
0.296313 15.4291
2.75938 7.90263
4.86624 5.13664
9.60779 1.88379
8.96747 2.1832
4.69735 5.31275
1.87563 9.62634
4.46756 5.56302
6.03941 4.05887
17.8351 0.0620535
0.190235 16.2903
0.178894 16.3967
1.10845 11.6919
3.94529 6.17974
2.17037 8.99434
2.1796 8.97545
1.40784 10.7953
3.49635 6.77266
0.298096 15.4158
7.33916 3.10908
5.04163 4.95863
10.2996 1.59478
0.481295 14.2779
1.10403 11.7061
18.8424 0.01732
0.135998 16.8407
1.87055 9.63889
2.24063 8.85249
2.95463 7.58059
17.0184 0.120523
16.7457 0.144385
16.7315 0.145711
16.7522 0.143791
1.36159 10.925
2.74619 7.92611
4.43834 5.59526
1.03746 11.9273
1.54035 10.4397
1.6251 10.2238
0.0193191 18.7766
7.78919 2.82656
3.83624 6.31774
1.26385 11.2102
0.0140114 18.9572
0.322113 15.2458
5.63355 4.40443
1.58492 10.3253
0.507713 14.1359
0.508703 14.1303
0.152368 16.6611
7.09877 3.26816
0.973405 12.1498
0.0935075 17.3589
10.8931 1.37285
10.9121 1.36612
3.50597 6.75991
7.05019 3.30166
17.3667 0.0929021
5.41112 4.6071
14.7499 0.398989
5.09452 4.90683
10.5246 1.50859
11.4323 1.19045
12.5914 0.853236
6.78269 3.48931
6.19852 3.93131
1.28015 11.1603
6.79136 3.48333
16.9341 0.127503
1.85951 9.66276
12.1042 0.986217
12.0615 0.998411
0.718953 13.1351
1.81095 9.77457
1.96389 9.42951
3.41829 6.88179
2.29728 8.74087
12.1009 0.988045
10.5661 1.49225
14.2457 0.486915
11.7151 1.10193
7.99141 2.70769
0.277615 15.565
2.68227 8.0342
2.67832 8.04085
8.52598 2.40948
8.04612 2.67532
13.4358 0.650902
8.8108 2.26158
8.80629 2.26385
8.76357 2.28571
5.12351 4.87878
6.80299 3.47406
1.43592 10.7203
6.27164 3.87281
0.393427 14.7836
11.6098 1.13409
0.86389 12.5508
6.29585 3.85363
17.8417 0.0618764
0.156047 16.6248
2.98587 7.5323
14.1855 0.499482
16.9794 0.123621
4.98524 5.0152
2.36817 8.60508
2.02003 9.30775
2.51223 8.33615
0.209242 16.1206
11.7676 1.08553
12.4885 0.880823
10.97 1.34616
8.22255 2.57534
9.33046 2.00978
10.1361 1.66037
9.33995 2.00536
15.2636 0.320243
19.0819 0.0108583
5.72969 4.32
3.82156 6.33671
1.65066 10.1592
2.57361 8.22656
1.12096 11.6528
1.12011 11.6556
4.76296 5.24335
8.07507 2.65881
4.35256 5.69298
6.94354 3.37487
7.2474 3.16853
6.6195 3.60828
10.5167 1.51098
3.60362 6.62465
3.61222 6.61329
0.020408 18.7444
0.670619 13.3462
0.54045 13.9664
10.1205 1.66655
16.6623 0.152267
7.89203 2.76627
11.6182 1.13123
11.622 1.13007
9.97253 1.72714
9.44002 1.95919
3.47132 6.80682
12.0737 0.995036
9.51903 1.92338
6.37647 3.79085
10.2366 1.61968
8.50338 2.42149
8.96683 2.18352
15.0564 0.350556
13.3394 0.672702
11.8206 1.06926
13.6002 0.615264
9.71105 1.83888
4.87087 5.13094
1.21717 11.3504
3.91945 6.21221
3.11044 7.33593
0.814176 12.7445
0.988926 12.0955
2.08171 9.17691
1.14044 11.5914
5.17123 4.83177
1.73929 9.94446
5.95536 4.12812
5.96577 4.11945
2.08768 9.16494
2.09585 9.1483
3.52691 6.7302
6.13349 3.98244
6.47536 3.71513
7.43564 3.04794
5.57395 4.45734
4.98913 5.01113
7.56744 2.963
7.61482 2.93415
6.56798 3.64588
6.57937 3.63739
0.0489957 18.0694
0.713758 13.1582
0.265317 15.6625
0.193072 16.2652
0.580923 13.7641
0.295828 15.4311
9.54207 1.91349
9.54647 1.91153
13.939 0.545617
13.003 0.750288
10.547 1.50015
10.9126 1.36593
7.36398 3.09224
11.3381 1.22155
18.4294 0.0322067
8.51736 2.41507
10.9561 1.35156
9.27951 2.03321
0.00283508 19.5289
3.02589 7.46732
1.15001 11.5592
0.617906 13.5871
1.00593 12.0352
4.16376 5.91304
1.8975 9.57679
1.90409 9.5621
0.240653 15.8548
0.875663 12.5063
1.00018 12.0576
1.5941 10.3014
3.94346 6.18337
0.481889 14.2741
1.38557 10.8578
1.3796 10.8744
10.7408 1.42778
7.91341 2.75271
7.8935 2.76516
12.2398 0.948328
11.1171 1.29508
11.4289 1.19144
11.5328 1.15845
11.2538 1.24878
15.3228 0.311036
18.0411 0.0505342
12.7902 0.802463
13.7057 0.593108
15.7598 0.252284
15.7876 0.248799
2.50765 8.34433
0.825664 12.6984
2.15257 9.02993
0.494475 14.2051
0.483789 14.2629
2.84225 7.76338
0.802107 12.7948
1.52312 10.4885
0.126904 16.9412
1.22408 11.3283
0.591327 13.7139
0.0354812 18.3536
1.84616 9.69395
0.931951 12.2974
2.34995 8.63949
2.1425 9.05052
2.48288 8.38931
8.63738 2.35069
3.43181 6.86484
3.92249 6.20816
4.6988 5.3106
3.82891 6.32775
3.84875 6.30263
3.07737 7.38865
5.25486 4.7515
7.54008 2.98005
4.74783 5.25883
4.15467 5.92357
3.38575 6.92907
4.0266 6.07906
3.83738 6.31633
6.92537 3.38761
6.93631 3.38021
3.87618 6.267
2.73014 7.9516
2.88535 7.6934
4.85345 5.14954
4.42244 5.61313
2.70497 7.99519
3.83196 6.32374
5.65611 4.38516
5.27892 4.72866
5.25058 4.75634
5.82475 4.23821
10.2483 1.61542
11.4884 1.17221
6.11676 3.99597
8.31689 2.52257
8.362 2.49789
8.36317 2.49736
10.4113 1.55179
4.78859 5.21598
16.5108 0.167142
16.5011 0.168119
11.6747 1.1137
8.84231 2.24561
11.6163 1.13326
10.8983 1.37097
7.3802 3.08213
3.53058 6.72646
4.34703 5.6987
5.42135 4.59579
4.87851 5.124
7.48032 3.01759
5.92022 4.15754
5.9124 4.16404
6.91678 3.39379
6.91347 3.39607
5.08621 4.91474
5.34452 4.66762
3.38495 6.92911
0.0069378 19.2654
0.548041 13.9286
0.165391 16.5279
1.83158 9.7268
0.10814 17.1674
0.90083 12.4118
0.0038365 19.4514
0.883294 12.4794
0.102455 17.24
1.69903 10.0427
1.93475 9.49558
0.352852 15.0424
13.2716 0.687499
11.3578 1.21459
10.8808 1.37733
10.0804 1.68284
7.23618 3.17646
7.57004 2.96123
2.19269 8.94824
4.66148 5.35074
1.30672 11.0828
1.66508 10.1236
4.33222 5.71692
0.946127 12.2491
3.34724 6.98334
3.54544 6.70428
6.88406 3.41702
6.8841 3.41694
8.75533 2.2899
12.374 0.911117
11.2025 1.26596
6.0338 4.06327
10.48 1.52488
10.4986 1.5178
11.2801 1.24033
6.02607 4.07182
2.53768 8.29154
1.80556 9.78748
4.30568 5.74675
3.16802 7.25242
7.18222 3.21189
4.07613 6.01912
7.54327 2.97838
2.618 8.14609
1.96964 9.41748
6.56084 3.65088
3.18402 7.2241
3.18257 7.22627
4.30056 5.75241
3.7389 6.44423
11.2012 1.26641
7.12759 3.24935
5.63974 4.39884
5.65422 4.3861
7.78183 2.831
7.21223 3.19202
18.2316 0.0412023
17.4797 0.0849646
14.1628 0.50251
9.84426 1.78111
19.9941 1.26685e-06
19.6983 0.00115666
19.7077 0.00108756
17.1237 0.111601
17.1658 0.108373
14.5066 0.440236
18.6631 0.0232579
5.60998 4.42541
2.90464 7.66092
1.74741 9.92432
5.57889 4.4531
5.61039 4.42493
4.6582 5.35441
2.5144 8.33213
2.28424 8.76762
1.09954 11.7212
2.31158 8.71304
1.07221 11.8111
0.589865 13.7207
0.685122 13.283
0.499467 14.1784
1.3647 10.9161
1.58885 10.3146
0.533181 14.0027
1.31105 11.0703
2.10335 9.13218
0.0384899 18.2843
7.77933 2.83258
6.61552 3.61032
4.34112 5.7057
13.7774 0.57815
14.7243 0.403275
14.7032 0.406767
13.7802 0.577609
13.7959 0.574396
13.8488 0.563778
16.6335 0.155054
16.679 0.150768
15.1662 0.333816
14.8651 0.38021
2.02618 9.29459
3.28776 7.06986
1.47406 10.6188
3.49248 6.77727
4.88877 5.11324
5.44777 4.57154
3.42941 6.86628
4.52012 5.50417
4.35369 5.69123
4.82328 5.18004
11.0061 1.33335
10.1931 1.63705
6.97678 3.35186
8.62572 2.35677
8.16915 2.60557
9.54118 1.9137
19.4822 0.00341294
16.0532 0.21689
17.8691 0.0600295
17.9291 0.0565786
17.8438 0.0614866
14.4438 0.451099
16.155 0.20526
13.4544 0.646806
13.4576 0.646015
17.6859 0.0711279
15.0249 0.355505
14.2096 0.493648
12.8118 0.797306
9.09277 2.12204
7.86043 2.78396
13.0908 0.729655
8.06362 2.66523
5.0085 4.99191
9.93353 1.74387
10.2223 1.62627
9.73312 1.82888
8.81805 2.25794
8.7981 2.26807
12.4902 0.879916
6.08063 4.02501
9.71433 1.83753
10.9869 1.33982
9.42026 1.96864
10.4638 1.53112
13.5509 0.625654
11.8641 1.05665
9.09906 2.119
16.016 0.22104
11.2767 1.24161
9.61093 1.88279
9.63523 1.87198
9.62323 1.87741
18.5303 0.028043
10.8248 1.39759
7.98294 2.71194
10.3544 1.57432
19.4408 0.00396489
12.883 0.779441
18.3983 0.0336198
11.0787 1.30813
11.0955 1.30229
10.1693 1.64719
12.2168 0.954598
2.43137 8.48505
3.92543 6.206
2.76026 7.90023
2.50713 8.34541
2.58902 8.19883
2.56601 8.23849
3.9841 6.13125
2.71038 7.98641
0.341641 15.1141
3.09002 7.36753
1.39899 10.8203
0.692577 13.2493
3.11001 7.33668
2.71464 7.97794
1.44694 10.688
3.91803 6.21397
2.39969 8.54489
2.33938 8.66076
2.35679 8.6261
0.224655 15.9862
1.49516 10.559
1.02675 11.9643
0.405986 14.7093
0.458624 14.4015
0.452933 14.4335
0.617508 13.5889
0.435865 14.5322
0.753255 12.991
0.0978392 17.301
0.372616 14.914
0.380377 14.8657
0.676951 13.3202
4.26132 5.79829
1.78447 9.83694
1.08465 11.7727
0.948183 12.2387
1.07239 11.8101
3.0001 7.50857
5.70473 4.34172
1.12426 11.641
2.13829 9.0594
0.894305 12.4362
2.60229 8.17379
1.26531 11.2044
3.6609 6.54769
1.92244 9.52115
0.11014 17.1455
0.0643022 17.7966
0.260293 15.6977
1.63305 10.2033
1.64593 10.1723
0.0252368 18.6049
0.225804 15.9758
0.222779 16.002
0.280104 15.5481
10.5942 1.48279
8.5665 2.38815
13.7028 0.594267
14.095 0.515255
0.0520483 18.0126
0.00884552 19.1677
1.25767 11.2271
0.106364 17.1957
0.0147091 18.9323
0.403567 14.7216
0.00133851 19.6749
0.314696 15.2972
0.0260533 18.5943
0.638927 13.4896
0.992231 12.0828
0.134176 16.8597
0.48198 14.2729
0.480428 14.2814
17.3632 0.0934276
19.2711 0.00677128
14.6071 0.422873
14.6256 0.419648
16.5365 0.164824
14.3604 0.466098
15.7911 0.248707
16.2968 0.189913
11.482 1.17512
19.87 0.000211891
9.18932 2.07575
4.45286 5.57887
8.51916 2.41403
7.68596 2.88925
5.72339 4.32579
7.32451 3.11846
6.41809 3.75895
11.7868 1.07942
8.90983 2.21223
8.73007 2.30272
6.24781 3.89122
7.46818 3.0253
4.76594 5.24016
4.6414 5.37205
5.09951 4.90149
3.1512 7.27437
7.25727 3.16357
6.29829 3.85193
4.09987 5.98986
3.81278 6.35118
3.16845 7.24816
4.97559 5.02452
3.95848 6.1631
5.41336 4.60317
4.01947 6.0882
3.67348 6.53091
3.9616 6.15932
4.39173 5.64925
6.30104 3.84972
5.984 4.10498
2.84303 7.7622
2.84496 7.75871
4.18863 5.88367
7.71866 2.86999
7.7556 2.84698
3.29648 7.05711
4.27119 5.78619
5.96268 4.12291
5.96882 4.11778
7.10586 3.26417
8.17555 2.60126
14.4567 0.449009
9.73062 1.83037
12.7321 0.817265
10.555 1.49691
10.652 1.46025
9.09996 2.11855
9.69529 1.84653
11.9863 1.02067
10.4255 1.54644
15.4381 0.295062
17.2266 0.103598
18.1821 0.0435333
16.3212 0.18688
17.2189 0.104141
0.923854 12.3295
3.7944 6.37169
0.260047 15.7009
0.54731 13.9338
0.124288 16.9712
0.336165 15.1508
0.43205 14.555
1.22948 11.3131
3.09768 7.35647
2.71055 7.98565
1.697 10.0459
1.16211 11.523
1.60277 10.2801
3.48772 6.78442
1.92707 9.51084
2.02255 9.30357
0.0431045 18.1861
0.29182 15.4608
0.983966 12.1118
0.987606 12.0992
1.13439 11.6081
0.561463 13.8594
0.306192 15.3608
1.73188 9.96114
0.270428 15.6195
1.2047 11.3876
0.438932 14.515
0.842989 12.6316
1.69583 10.0482
1.21239 11.365
2.89607 7.67712
11.2396 1.25392
6.86454 3.43032
8.03713 2.68117
5.20145 4.80273
12.5868 0.854627
8.44183 2.45441
18.7339 0.0207024
10.7818 1.4127
10.7647 1.41892
7.3077 3.12897
9.50202 1.93112
9.49054 1.93626
10.1074 1.67267
8.58874 2.37649
10.0095 1.71179
12.2795 0.936878
8.63829 2.35023
4.17675 5.89835
6.81452 3.46793
5.4192 4.59849
1.31577 11.0566
3.25971 7.11127
12.5674 0.859835
10.3945 1.55786
8.32661 2.51715
8.93018 2.20217
4.91667 5.08465
6.03748 4.0618
8.12853 2.62813
5.44239 4.57646
6.70552 3.5444
6.76246 3.50328
9.94139 1.74014
5.75817 4.29533
18.3826 0.0340941
16.92 0.128756
14.9753 0.362824
14.9899 0.360644
17.4798 0.0849079
8.55076 2.39621
7.47008 3.02459
9.93171 1.74465
8.19789 2.5887
6.8101 3.46931
7.25867 3.16131
9.00847 2.16379
9.46734 1.94733
15.1202 0.340701
7.8486 2.79135
12.048 1.00231
12.0583 0.999312
6.18044 3.9449
6.17574 3.94859
11.5287 1.15947
7.38551 3.07983
9.24707 2.04899
9.21496 2.0644
11.4409 1.18746
0.369268 14.9341
0.071971 17.6732
0.0705638 17.6971
0.175296 16.4312
0.0792436 17.5649
0.253004 15.7554
0.24803 15.7938
0.0170048 18.8516
0.33387 15.166
0.18519 16.3362
0.186887 16.3202
0.0725233 17.6647
0.749072 13.0083
0.513031 14.1074
0.672934 13.336
0.163497 16.548
0.11935 17.0326
0.371582 14.9215
3.88299 6.25804
2.78695 7.85546
5.60555 4.42919
6.49135 3.70306
7.391 3.07475
9.11342 2.11249
3.58497 6.65081
0.823958 12.7063
1.20005 11.402
1.20566 11.3846
0.445457 14.4773
0.590461 13.7176
0.605815 13.6455
0.606056 13.6447
0.310259 15.3294
0.94922 12.2357
3.01594 7.48295
2.54715 8.2723
2.54401 8.27794
3.41102 6.89204
3.40625 6.899
2.10051 9.13747
2.31474 8.70675
2.31276 8.71057
3.65352 6.55892
3.17874 7.23217
2.97881 7.54211
6.30839 3.8449
3.51871 6.74122
4.15767 5.92041
3.27317 7.09132
1.41485 10.7775
2.47168 8.4111
3.76974 6.40439
0.846556 12.6172
1.55361 10.4052
1.97178 9.41224
1.97602 9.40301
3.24626 7.13126
3.24726 7.12967
2.04272 9.25968
1.97306 9.40943
1.94306 9.47547
5.77903 4.27756
11.8547 1.05911
8.78861 2.27339
12.1779 0.966142
6.20655 3.92377
9.93377 1.74362
5.15143 4.85087
6.21182 3.91956
6.30492 3.8463
2.46197 8.42869
1.26809 11.1962
1.79165 9.82185
1.40725 10.7971
0.803647 12.7861
0.728606 13.0939
1.16068 11.5246
1.40564 10.8014
1.40342 10.8077
0.407332 14.7001
2.67075 8.05363
1.39424 10.8341
0.895763 12.4315
0.101224 17.2573
0.987526 12.1007
0.135355 16.8447
1.24352 11.2698
0.615016 13.6007
0.202917 16.1739
0.203898 16.1651
0.827277 12.6954
1.43512 10.7204
0.333859 15.1698
0.480274 14.2836
0.0112824 19.0612
0.937439 12.2784
16.4735 0.170903
15.348 0.307534
18.9922 0.0130267
13.0445 0.740335
16.8381 0.136285
12.3666 0.913935
15.7104 0.259247
14.4062 0.458402
6.98213 3.34894
12.4696 0.885346
9.43224 1.96289
1.94247 9.47915
4.14763 5.93256
4.13853 5.9433
4.15055 5.92939
6.26017 3.88195
3.64547 6.5681
4.61227 5.4041
4.61029 5.4062
7.69117 2.88662
5.71362 4.33505
4.39631 5.64296
4.47249 5.55804
4.5425 5.48012
0.208 16.1298
0.36433 14.9659
0.00533366 19.3529
1.3447 10.9732
0.500892 14.1712
0.026703 18.5731
0.414636 14.656
0.971783 12.1547
2.2743 8.78574
6.8053 3.47263
2.53624 8.29253
2.67882 8.03993
2.22027 8.89279
0.805895 12.7765
4.71514 5.29345
1.07754 11.7936
2.94633 7.5938
1.80599 9.78628
2.94672 7.59315
1.6298 10.2113
2.8062 7.82301
3.56035 6.68382
3.23576 7.14697
4.75335 5.25424
1.31489 11.0601
0.000352574 19.8375
0.891469 12.4481
0.567181 13.832
0.359426 14.9982
0.0860859 17.4644
4.84991 5.1524
9.82274 1.79029
15.5837 0.275313
12.1147 0.983205
5.85596 4.21202
8.49005 2.42881
9.61973 1.87891
7.08892 3.27512
7.08065 3.28085
11.5661 1.14804
9.32689 2.01144
10.8697 1.3822
8.89456 2.21948
16.1503 0.205669
18.724 0.0212442
16.2271 0.197006
18.917 0.0151427
18.9621 0.0138263
17.7848 0.0650172
15.6424 0.267453
10.4624 1.53196
12.5055 0.875803
16.0112 0.221726
16.1084 0.21034
16.6074 0.157766
13.2745 0.686807
15.1118 0.342855
15.344 0.30823
11.2694 1.24355
14.4355 0.45257
9.15627 2.09249
7.79291 2.82444
10.4863 1.52259
7.85199 2.78893
17.0814 0.11504
15.2794 0.317259
3.00916 7.49369
2.78126 7.86903
2.37781 8.58577
2.3718 8.59718
6.64081 3.59188
2.05926 9.22417
4.60763 5.40921
3.699 6.4967
12.6811 0.830086
10.6946 1.4445
7.17904 3.21513
15.833 0.243688
13.0624 0.736158
13.4212 0.654194
15.9167 0.232887
18.2893 0.0383399
17.2453 0.102082
19.7368 0.000952322
19.69 0.00126162
18.5021 0.0294339
15.6127 0.271487
11.2928 1.23599
14.7686 0.395814
16.3508 0.183661
17.5699 0.0793807
12.9142 0.771786
9.25157 2.04668
14.0086 0.532188
14.2601 0.484254
15.7144 0.25821
15.2059 0.328367
10.124 1.66492
13.13 0.720168
13.1231 0.721873
15.3503 0.307444
4.10266 5.98623
5.28299 4.72493
4.17588 5.90131
4.43931 5.59405
3.73087 6.45475
1.54561 10.4264
5.10791 4.89356
6.49644 3.6995
4.6478 5.36509
5.04923 4.95104
6.10326 4.00704
5.03347 4.96665
4.39005 5.64961
3.16135 7.25833
4.56195 5.45847
1.67446 10.1012
3.4206 6.87944
0.711672 13.1667
1.14847 11.5642
2.94156 7.60278
5.53198 4.49541
3.34681 6.98489
5.71505 4.33296
9.63334 1.87257
8.88996 2.22192
5.89464 4.17932
3.51565 6.74508
5.8846 4.18771
5.33746 4.67363
8.27697 2.54458
7.63462 2.92089
7.63168 2.92273
0.164502 16.5383
0.156803 16.615
0.524452 14.0493
1.76764 9.87599
1.41805 10.7687
1.00201 12.0491
3.75617 6.42318
1.60693 10.2708
0.613553 13.6085
2.3289 8.68017
1.50173 10.541
0.394008 14.7817
0.0449808 18.1525
0.213107 16.0846
0.411875 14.6741
0.52371 14.0509
0.115818 17.0719
1.06947 11.8202
0.0548955 17.9593
0.0297401 18.4887
8.21708 2.57821
17.6077 0.0762109
10.8784 1.37842
10.8949 1.37245
6.92884 3.38533
10.9387 1.35669
11.6884 1.10945
6.67265 3.56829
2.90074 7.66753
2.82703 7.78907
0.0374851 18.3064
0.147869 16.7091
0.147165 16.7173
0.53387 13.9997
0.0908556 17.3957
0.111339 17.1301
0.0804672 17.5455
7.5224 2.99123
2.00482 9.34102
2.39612 8.5517
3.75664 6.42186
3.39615 6.91548
0.922017 12.3343
7.08296 3.27904
5.47649 4.54671
4.61893 5.39627
3.19427 7.20867
3.16943 7.24743
3.48386 6.79174
1.53703 10.4482
0.132131 16.8895
0.804153 12.7851
0.878204 12.4963
1.38718 10.8573
1.09635 11.733
5.99013 4.0994
6.15291 3.9666
3.94306 6.18353
6.14019 3.97761
1.84467 9.69707
3.66513 6.54202
7.95927 2.72569
7.94393 2.73458
6.41586 3.76043
2.5461 8.27424
3.05992 7.41435
3.72416 6.46372
0.03412 18.382
0.174815 16.4351
0.114699 17.0856
0.0428423 18.1943
0.76806 12.9294
0.000188266 19.8808
0.465475 14.3638
2.369 8.60385
1.48482 10.5862
1.04759 11.8955
0.694033 13.2442
2.32517 8.68715
0.346127 15.085
1.38196 10.8674
1.73576 9.95315
0.32059 15.2573
0.442717 14.4933
1.79981 9.80054
1.52905 10.4698
1.528 10.4725
2.86942 7.71843
1.2367 11.2907
5.67828 4.36494
3.84613 6.30776
2.27566 8.78343
5.55759 4.47188
3.89478 6.24394
3.75918 6.41776
3.76667 6.40784
10.3209 1.58681
10.4147 1.54991
7.43151 3.0488
8.07885 2.65642
2.92465 7.62891
5.39883 4.61702
5.63228 4.40656
2.96023 7.5715
5.15291 4.84953
6.58417 3.63352
9.47077 1.94513
5.83761 4.22726
9.18917 2.07609
3.06397 7.40774
4.81376 5.19043
7.97137 2.71957
6.73435 3.52348
6.73104 3.5259
9.0349 2.15012
7.37032 3.0884
6.77284 3.4967
6.70155 3.54732
6.74546 3.51553
6.10843 4.00275
17.3764 0.0923731
16.1221 0.208874
15.2778 0.317482
12.0515 1.00157
13.7512 0.583828
4.80991 5.19432
2.90405 7.66331
7.02112 3.32113
2.52154 8.31954
1.34453 10.9745
2.45077 8.44857
2.44846 8.45285
3.00373 7.50223
2.99277 7.51954
3.93805 6.18895
3.66398 6.54349
3.55695 6.68928
0.727105 13.1013
2.67003 8.05566
3.38732 6.92622
3.39883 6.90941
1.38524 10.8599
0.839195 12.6464
0.589516 13.7247
0.13605 16.8386
0.137439 16.8228
0.236571 15.8865
1.95495 9.44978
0.0237908 18.6491
0.0741617 17.639
0.69276 13.2483
0.916482 12.3539
3.16431 7.25394
1.09144 11.7475
0.61621 13.5959
0.568574 13.8265
3.06021 7.41398
1.45053 10.6783
4.04267 6.05903
3.64517 6.56874
2.34781 8.64324
2.02373 9.30081
9.89652 1.75997
8.30872 2.52741
13.9953 0.534535
14.875 0.378748
14.8711 0.379369
13.6276 0.609555
17.8903 0.0588538
12.6528 0.837529
10.4877 1.52211
12.7515 0.812405
14.5478 0.43318
11.9836 1.02121
13.6932 0.59552
15.4362 0.295113
18.8499 0.0170408
15.1542 0.335795
7.12222 3.25233
7.11652 3.25626
10.2376 1.6195
4.93624 5.06425
8.68817 2.32434
2.36393 8.61236
7.46806 3.02598
3.96514 6.15543
5.25639 4.75013
9.60111 1.88671
2.1702 8.99452
5.40508 4.61149
4.29392 5.76078
3.20274 7.19672
3.34298 6.99005
5.88281 4.18893
5.87105 4.19891
0.918453 12.3471
1.90598 9.55858
0.560852 13.8625
0.565523 13.8396
0.166758 16.5161
0.270563 15.6192
0.071383 17.6817
0.277495 15.5659
0.276356 15.5745
1.9624 9.43309
1.96173 9.43458
3.24628 7.13107
3.31601 7.02995
9.15379 2.09281
1.29897 11.105
6.08754 4.01951
3.28847 7.0693
6.69985 3.54894
4.10487 5.98339
4.10111 5.98791
2.3245 8.68786
3.40339 6.90303
0.800701 12.7972
0.791409 12.8345
0.748777 13.0091
1.83632 9.71599
0.0572912 17.9201
0.0812473 17.5343
0.655939 13.412
0.431741 14.5552
0.0779345 17.581
1.55877 10.3918
0.770047 12.9222
1.16946 11.4973
4.41695 5.61932
4.36101 5.6836
8.98143 2.17657
6.86386 3.43087
7.89889 2.76139
18.3073 0.0374925
16.6294 0.155412
16.5152 0.166708
18.6485 0.0236368
10.0334 1.70276
11.6861 1.11035
11.5984 1.13761
12.5848 0.854947
12.9474 0.764518
8.52582 2.4101
9.70999 1.83899
12.2502 0.945118
10.1829 1.64131
9.12095 2.10894
9.79404 1.80317
12.0523 1.00103
12.032 1.00689
11.0854 1.30572
11.0663 1.31231
11.1677 1.27765
0.103982 17.222
1.46755 10.633
0.541962 13.9574
0.543585 13.9491
1.10115 11.7165
2.03883 9.2678
0.842633 12.6326
0.784795 12.8614
1.18326 11.454
2.74476 7.92663
1.48549 10.5855
18.0278 0.0511858
0.0470398 18.1086
0.099037 17.2865
9.31566 2.01669
9.02574 2.1547
10.4513 1.53679
5.3521 4.66017
6.95011 3.37056
7.57197 2.95989
3.44125 6.84944
6.33032 3.82809
12.7623 0.810232
12.9843 0.754759
13.471 0.642968
12.319 0.926305
15.52 0.283932
15.7347 0.255596
13.0687 0.734871
14.346 0.468574
14.2361 0.489198
10.1714 1.6459
10.162 1.64968
10.1715 1.64585
0.0030538 19.5097
0.0794261 17.5589
0.361897 14.9854
0.637291 13.497
0.39561 14.7699
19.4619 0.00374499
12.4068 0.902339
16.4989 0.168539
17.0747 0.115661
14.6243 0.41992
15.5121 0.284738
15.4659 0.291235
19.2321 0.0075194
17.0594 0.116985
19.592 0.00210185
17.7238 0.0688651
16.9043 0.13034
15.809 0.246438
7.26653 3.15689
2.10349 9.13128
5.48818 4.53455
4.03541 6.06794
6.68501 3.5599
4.99291 5.00713
2.39421 8.55661
3.62875 6.59139
7.72977 2.86254
7.14643 3.23594
4.48861 5.53898
3.11638 7.32849
5.50097 4.52311
5.49539 4.52808
12.6513 0.838424
12.4225 0.89791
17.4679 0.0856593
15.8167 0.245175
17.2681 0.100264
13.8593 0.561492
16.0869 0.212969
16.846 0.135238
15.9003 0.235149
4.17975 5.89371
4.45523 5.57629
4.44197 5.59114
2.4405 8.46942
9.14453 2.09722
6.83602 3.45122
5.59758 4.43687
5.59558 4.43881
6.56374 3.6498
4.98448 5.01651
3.46411 6.81804
9.6625 1.85963
9.23403 2.05465
2.69651 8.00927
7.2326 3.17833
4.53799 5.48443
5.5007 4.52377
5.37787 4.63628
14.5393 0.434398
9.94495 1.73909
8.19355 2.59138
8.55281 2.39522
9.27767 2.03514
9.20015 2.07061
14.3821 0.462377
12.7968 0.801382
11.8423 1.06269
15.4391 0.294801
14.5869 0.426579
13.1786 0.708855
12.2486 0.945572
13.0554 0.737731
0.118019 17.0466
0.434511 14.5389
15.4577 0.292235
14.1698 0.501063
2.18367 8.96664
3.68858 6.51134
2.48665 8.38384
2.93872 7.60614
2.24567 8.84342
2.57173 8.22863
2.62993 8.12497
1.89823 9.57539
2.63272 8.12005
9.27523 2.03537
13.4018 0.658225
16.6999 0.148809
10.6768 1.45141
14.5707 0.429225
15.5234 0.283429
16.3793 0.180638
0.57385 13.7985
2.71803 7.9721
0.599714 13.6733
0.280954 15.5404
1.43622 10.7173
1.06892 11.8225
2.0081 9.33348
0.743894 13.0316
1.60513 10.2734
0.64006 13.4868
0.828614 12.688
1.28711 11.1398
1.77177 9.86782
1.17678 11.4743
12.9855 0.754754
6.30658 3.84503
12.86 0.785185
10.7727 1.41608
10.9728 1.34537
11.345 1.21861
9.34915 2.00098
8.11875 2.63369
9.53477 1.91634
10.695 1.44434
10.7645 1.4195
10.5575 1.49557
9.47562 1.94419
7.92835 2.74369
2.95546 7.57899
5.87911 4.19306
5.99315 4.09692
8.01693 2.69211
6.23642 3.90019
3.42191 6.87644
2.25283 8.82849
4.69914 5.3106
4.26786 5.79018
5.17522 4.82859
2.20859 8.91643
4.0614 6.03644
10.3593 1.57138
8.2599 2.55487
9.89821 1.75828
15.341 0.308602
15.1961 0.329387
11.9116 1.04237
16.4105 0.177505
14.8001 0.391113
12.1321 0.978165
12.1772 0.966909
7.93458 2.74063
9.53077 1.91845
9.80094 1.79989
8.45229 2.44931
7.31335 3.12535
1.06766 11.8277
0.497899 14.1879
0.21974 16.027
1.6642 10.1258
0.472816 14.3227
1.20326 11.3928
1.20805 11.378
1.87079 9.63729
1.99179 9.37095
3.51502 6.74612
0.636422 13.502
1.03188 11.9486
2.1123 9.11294
2.8088 7.81868
3.17463 7.23858
6.08459 4.02258
4.02424 6.08176
1.91561 9.53627
2.78681 7.85572
2.77601 7.87467
2.51863 8.32396
2.03812 9.26945
12.0958 0.989177
13.219 0.699733
7.30737 3.12923
14.0837 0.517654
9.8283 1.78798
10.5535 1.49722
13.5374 0.628616
13.6346 0.607873
13.923 0.549352
14.1327 0.508111
19.3535 0.005324
18.1612 0.0444233
11.365 1.21226
18.2174 0.0416234
8.36865 2.49427
9.52906 1.91884
0.0876575 17.4407
0.109141 17.156
1.00783 12.0299
0.317422 15.2791
0.231113 15.9314
0.880296 12.4887
0.363136 14.9733
0.262319 15.6814
0.0575348 17.9126
0.150315 16.686
0.113963 17.0989
1.32532 11.0288
3.02731 7.46545
4.63219 5.38337
5.70835 4.33884
2.5977 8.18228
3.35221 6.97613
2.11952 9.09861
1.34303 10.9776
8.44393 2.45331
4.94862 5.05191
2.39399 8.55833
1.81309 9.77114
1.02636 11.9655
0.450892 14.4505
1.28947 11.1338
1.05615 11.8642
0.127923 16.9295
0.367259 14.9492
0.115143 17.0812
0.334925 15.1588
0.340746 15.1197
12.5171 0.872812
16.3702 0.181805
6.23776 3.89988
5.38897 4.6256
5.42005 4.59692
5.37468 4.63886
8.85965 2.23728
3.29076 7.06553
5.19954 4.8051
5.93318 4.1495
6.52312 3.67918
5.30926 4.70003
7.2814 3.1469
6.74002 3.51931
6.04844 4.05168
17.6743 0.0718786
18.4932 0.0295035
17.1667 0.108161
16.6192 0.156396
15.7241 0.256829
10.0119 1.71095
10.6338 1.46701
9.41379 1.97232
10.2383 1.6192
10.2305 1.62225
8.83026 2.25179
7.69724 2.88349
9.27944 2.03335
11.551 1.15233
8.48632 2.43056
11.0828 1.30663
3.87211 6.27198
0.488133 14.2391
3.48957 6.78151
2.81807 7.80333
1.5658 10.3739
4.62801 5.3864
2.74286 7.93052
2.56769 8.23681
2.28331 8.7686
3.89785 6.24117
3.51011 6.7542
3.50859 6.75633
2.82045 7.79941
7.04293 3.30628
5.72779 4.32181
5.81854 4.24348
1.70364 10.0293
4.94153 5.05937
4.93491 5.06614
4.88745 5.11392
5.66016 4.38076
6.85904 3.43459
4.84416 5.15832
6.3203 3.83422
4.80723 5.19674
4.84047 5.16215
3.07556 7.38975
3.51242 6.75038
4.30646 5.74541
10.689 1.44669
12.1455 0.97479
13.2558 0.691325
11.2553 1.24856
7.48998 3.01164
8.05113 2.6722
8.07584 2.65799
5.20333 4.80078
6.59965 3.62229
4.0329 6.07196
1.15187 11.5537
5.02301 4.97795
4.40972 5.62904
7.01856 3.32325
5.5798 4.45254
4.75882 5.24914
16.9991 0.121898
17.2652 0.100853
10.774 1.41575
17.952 0.0553565
15.5959 0.27374
14.8143 0.388413
18.5161 0.0286544
3.71187 6.47978
2.17619 8.98168
2.16944 8.99542
1.04785 11.8921
1.04672 11.896
2.50973 8.34022
1.12773 11.6305
0.286867 15.4968
1.54934 10.4171
0.128389 16.9238
1.44858 10.6836
12.8925 0.777511
9.86387 1.77289
11.4872 1.1727
11.7738 1.0836
13.7702 0.579665
10.3633 1.57003
11.2843 1.23861
12.1108 0.984708
5.95594 4.12792
2.79798 7.8377
4.00229 6.10871
1.81759 9.75972
1.8083 9.78142
4.19513 5.87555
4.05901 6.03949
3.14091 7.28933
3.57583 6.66239
2.771 7.8824
2.7781 7.87036
0.0644346 17.7944
0.155519 16.6303
0.0628544 17.8205
0.0227412 18.674
5.05036 4.95057
8.25459 2.55715
8.9239 2.20479
0.325288 15.2241
0.647888 13.4503
2.81158 7.81465
2.04615 9.25195
1.98601 9.38135
2.30974 8.71768
1.56446 10.3785
1.81389 9.76804
1.81823 9.75808
8.14525 2.61845
5.03543 4.96507
6.37173 3.79452
5.30618 4.70373
4.86077 5.14173
1.02355 11.9747
1.04982 11.8861
0.0983549 17.2933
0.306374 15.3557
0.0811389 17.5368
0.0803248 17.5496
0.0737246 17.6465
0.382965 14.8483
0.181519 16.3728
0.182657 16.3628
4.36826 5.67577
1.7218 9.98654
1.37727 10.8807
2.13369 9.06885
0.00718326 19.2492
0.742678 13.0346
0.635671 13.5049
0.613853 13.6064
0.00502631 19.3719
0.451214 14.4441
0.606166 13.6426
0.510902 14.1178
0.0275353 18.5446
0.548331 13.9256
0.411355 14.6748
0.409927 14.6833
3.55894 6.68544
3.56361 6.67905
3.44793 6.83981
4.09796 5.99215
4.23198 5.83202
4.47911 5.54977
6.14336 3.97485
1.23752 11.2886
8.83873 2.24784
7.50324 3.00307
10.8304 1.39541
12.3427 0.919657
8.37636 2.4899
8.19559 2.5908
5.58333 4.44886
0.531734 14.0098
4.06 6.03813
2.24748 8.83991
4.22638 5.83969
2.85705 7.73951
3.01803 7.47967
13.1547 0.714367
8.77764 2.27837
12.8198 0.795174
13.0945 0.728544
13.2046 0.703157
14.6936 0.408228
3.75605 6.42359
1.1252 11.6397
4.31855 5.73135
3.60471 6.62305
4.28149 5.77486
3.07173 7.39684
3.11709 7.32618
4.81125 5.19251
8.11132 2.6385
8.70609 2.31511
9.09762 2.11983
17.431 0.0882941
11.7332 1.09573
10.0413 1.69868
11.9999 1.01617
12.1398 0.976089
7.591 2.94795
4.14249 5.93818
8.19762 2.58981
3.18017 7.23195
7.17303 3.21807
7.6403 2.9179
5.90919 4.16692
10.9954 1.33689
7.41391 3.06078
8.75763 2.28987
8.48406 2.43414
9.16279 2.08849
14.9288 0.370254
13.4951 0.638019
13.2235 0.698426
12.6572 0.836273
10.5659 1.49292
3.96108 6.15978
6.47159 3.71828
1.71613 9.99929
4.7854 5.21956
1.66685 10.1206
2.87675 7.70648
3.36927 6.95199
2.40183 8.54023
6.07909 4.02691
3.2427 7.13632
3.32386 7.01735
5.00474 4.99551
4.67931 5.3314
5.54537 4.48309
6.29269 3.85689
4.97875 5.02229
7.8793 2.77296
7.15742 3.22881
6.03533 4.06213
5.0609 4.93948
2.73381 7.94581
7.29907 3.13482
4.7423 5.2646
5.538 4.48981
8.17318 2.60273
2.83902 7.76847
6.62713 3.60176
4.57987 5.43871
4.56933 5.45018
2.90787 7.65657
3.61547 6.61079
4.11078 5.97624
2.18994 8.95472
1.69091 10.0616
0.211305 16.0998
1.46955 10.6273
0.0920113 17.3818
2.23463 8.86442
0.347795 15.0754
1.37629 10.8841
1.02683 11.9642
0.00153676 19.6598
3.32513 7.01536
0.289162 15.4795
0.603701 13.6574
1.51869 10.4978
1.50443 10.5339
2.44155 8.46573
2.44718 8.45525
3.76169 6.41421
3.20308 7.19554
4.00074 6.11091
2.47281 8.40833
0.848805 12.6085
0.647551 13.4505
0.194543 16.2495
0.352148 15.0451
0.970088 12.1618
0.0182188 18.8146
0.0196482 18.7659
0.808309 12.767
1.24505 11.2649
2.56856 8.23431
1.11438 11.6725
0.860811 12.5639
1.51277 10.5136
0.576374 13.7873
0.565659 13.8394
2.34023 8.65745
0.729329 13.0938
12.1709 0.967274
17.2249 0.103605
15.9317 0.231109
14.1897 0.497525
13.3285 0.674573
14.547 0.433236
9.1442 2.09728
12.6929 0.827095
8.24583 2.56189
10.7126 1.43837
15.0954 0.34447
14.6077 0.422705
0.420095 14.6234
1.28842 11.1366
0.19996 16.2037
1.23563 11.2936
0.185809 16.3311
0.97292 12.1506
0.710367 13.1724
2.26752 8.79939
0.243309 15.8315
2.98747 7.52849
0.585659 13.7413
0.17213 16.4673
0.3605 14.9914
0.846342 12.6194
0.499022 14.1841
9.72226 1.83354
5.88003 4.19133
11.3276 1.22438
11.1686 1.2775
12.9962 0.752011
12.5833 0.85547
12.5494 0.864756
7.82288 2.80629
10.3645 1.57001
8.72757 2.30425
7.81553 2.81125
7.62065 2.92981
6.44412 3.73902
7.62052 2.92993
7.70694 2.87642
8.65376 2.34223
2.57741 8.21802
5.13373 4.86896
7.41828 3.05727
6.85622 3.43622
6.86317 3.43135
6.0813 4.0246
6.22948 3.90605
5.7046 4.34194
5.1613 4.84237
4.6743 5.33715
4.67339 5.3383
14.0225 0.529252
16.5819 0.160037
13.1015 0.72716
13.8368 0.566326
10.8506 1.38795
10.175 1.6449
13.9873 0.5361
11.1004 1.30055
6.72504 3.53121
5.03723 4.96327
10.9432 1.35528
8.61204 2.36412
11.1381 1.28872
8.28239 2.54196
1.61031 10.2621
1.61189 10.2568
2.18591 8.9621
2.18808 8.95776
5.63813 4.4002
1.5755 10.3492
1.14123 11.5863
3.21403 7.17901
2.18146 8.97178
2.15092 9.03638
1.26548 11.2038
0.261225 15.6907
3.37784 6.9395
1.51336 10.5103
1.6329 10.204
2.03514 9.27574
1.46744 10.6349
2.96813 7.5593
2.07106 9.19927
11.0256 1.3265
11.0501 1.31785
8.64322 2.34774
9.8868 1.7633
10.6477 1.46284
12.3558 0.915956
11.4263 1.19223
11.5483 1.15318
12.4623 0.887601
11.7642 1.08664
11.4529 1.18391
15.2596 0.320567
6.75471 3.50926
7.12933 3.24767
10.5314 1.50537
8.67528 2.33191
7.99982 2.70192
7.19377 3.20521
11.3607 1.21383
5.12898 4.87268
5.92244 4.15585
8.27269 2.54696
6.51596 3.68554
10.0604 1.69087
13.9234 0.548755
6.69674 3.55088
9.83584 1.7855
8.78115 2.27725
8.6512 2.34425
5.25571 4.751
8.35443 2.50273
12.333 0.922192
9.46504 1.94772
4.92319 5.07894
9.77657 1.81009
10.5406 1.50212
9.3266 2.01151
9.34894 2.0011
6.80802 3.47053
6.53869 3.66744
7.79739 2.82242
9.41025 1.97281
5.7444 4.30726
8.94435 2.19542
15.2197 0.325958
11.0745 1.30966
9.74733 1.82316
9.34631 2.00247
10.1415 1.65785
4.77553 5.22965
8.49558 2.42555
8.49866 2.42394
9.62348 1.87715
9.63457 1.87223
16.1352 0.207389
15.4524 0.292897
12.9412 0.765313
11.1008 1.30045
11.1287 1.29104
11.1267 1.29163
12.4976 0.87808
11.7988 1.07583
14.9138 0.372464
10.4171 1.54916
0.229624 15.9462
4.11441 5.97187
5.76276 4.29205
6.67979 3.56315
5.00581 4.99421
7.97704 2.71619
7.53989 2.9809
7.52165 2.99225
4.55328 5.46817
4.91155 5.08949
8.96966 2.18225
4.56453 5.45612
6.25369 3.88642
4.38831 5.65203
7.67054 2.89922
7.91834 2.7496
0.459892 14.396
0.135541 16.8441
12.7972 0.800775
8.49484 2.42614
8.48691 2.43032
7.26122 3.15947
4.39801 5.6407
9.52479 1.92156
6.34194 3.81772
3.22109 7.16891
2.91313 7.64807
9.06379 2.1366
5.82938 4.23437
7.21727 3.18851
7.18665 3.2093
7.19019 3.20685
3.65946 6.54934
7.36347 3.09268
5.16776 4.83508
6.68605 3.55901
16.7973 0.139787
16.8106 0.138616
9.51122 1.92852
1.70157 10.0352
0.91108 12.375
3.58618 6.64901
0.0311918 18.4553
0.713905 13.1572
0.523939 14.05
0.729533 13.0904
1.99989 9.3517
0.840154 12.6419
0.950025 12.2341
1.14619 11.5706
1.14672 11.5689
1.74753 9.92384
13.3798 0.663108
5.40576 4.61058
6.51722 3.68415
7.05058 3.30096
3.13406 7.29998
7.0535 3.29896
8.03147 2.68375
9.58491 1.89394
7.65457 2.90865
2.69833 8.00621
5.37917 4.63569
11.7416 1.09322
8.91599 2.20873
7.64223 2.91617
5.92949 4.14993
6.96705 3.35945
2.29864 8.73799
1.41697 10.7701
3.05378 7.42361
2.92524 7.6276
1.93107 9.50251
0.865519 12.5445
1.69417 10.0523
3.47814 6.79741
2.24081 8.85184
2.9625 7.56781
2.96295 7.56711
2.25201 8.8297
5.13873 4.86344
0.715984 13.1478
0.26643 15.6499
0.0548025 17.9663
0.214831 16.0708
0.350497 15.0554
0.389645 14.8081
0.385127 14.8373
0.350821 15.0533
0.91068 12.3753
2.64147 8.10578
2.95383 7.58237
4.56492 5.45538
4.55751 5.46334
4.49299 5.53464
2.45704 8.43718
3.06118 7.41252
3.06799 7.40177
3.0637 7.4087
6.42949 3.75002
3.80501 6.35819
7.96535 2.7221
6.76771 3.50083
4.20958 5.85884
13.932 0.54751
14.9856 0.361241
10.6132 1.47491
10.9232 1.36244
11.9732 1.024
14.8373 0.384802
8.24716 2.56121
8.58257 2.38009
8.41281 2.47015
8.50866 2.4189
10.2936 1.59741
13.4974 0.637264
1.56776 10.369
1.50738 10.5269
3.33419 7.00217
2.58466 8.2055
3.75276 6.42588
2.98226 7.53814
4.62449 5.39047
4.46071 5.57008
5.14184 4.86018
3.76859 6.40547
1.29445 11.1184
2.71302 7.98089
2.74935 7.91876
2.5516 8.26523
11.303 1.23248
13.9627 0.54094
13.1419 0.717485
12.4317 0.895433
13.1152 0.723606
12.4137 0.900329
14.2738 0.48184
13.6005 0.615047
9.38752 1.98328
12.6125 0.847754
12.5783 0.856691
13.1823 0.708222
12.8813 0.779833
0.0938303 17.3541
0.0917002 17.3832
0.756788 12.9804
0.517365 14.0871
0.0276282 18.5409
0.314277 15.3027
0.204858 16.1577
8.08129 2.65561
11.9104 1.04251
10.5097 1.51395
11.2484 1.25054
9.02734 2.15382
8.91003 2.21179
8.89806 2.21776
9.38026 1.98718
10.0718 1.68671
9.08867 2.12412
5.78441 4.27276
6.37302 3.79406
5.70922 4.33883
6.87244 3.42482
6.87829 3.42063
8.43564 2.45774
9.74036 1.8257
11.918 1.0402
11.9072 1.04341
10.8232 1.39779
10.8391 1.39206
10.8441 1.39026
14.0764 0.519118
16.5734 0.160936
14.511 0.439331
9.2488 2.04779
9.67576 1.8539
11.2008 1.26662
11.1651 1.27852
11.2038 1.26557
16.2209 0.197725
11.8204 1.06951
11.5308 1.15904
12.5193 0.872133
15.979 0.225426
13.9109 0.552186
10.1944 1.63699
10.3099 1.59071
11.7902 1.07852
11.7653 1.08616
8.09299 2.64824
3.72718 6.45962
8.02074 2.68976
2.45379 8.44328
6.59775 3.62359
5.58708 4.44551
6.59546 3.62538
3.80232 6.36141
4.5398 5.48245
5.62819 4.40932
7.22882 3.18088
5.82907 4.23497
9.78154 1.80814
4.11559 5.97042
5.49678 4.52714
2.99221 7.5214
0.979063 12.1295
0.304571 15.3686
1.78988 9.82413
1.60236 10.2816
2.40423 8.53583
2.41859 8.5088
1.90041 9.57049
4.89719 5.10468
2.30414 8.72866
4.17077 5.90636
1.21986 11.3413
2.04245 9.26166
1.93742 9.48778
3.31409 7.03154
2.25726 8.82202
8.59688 2.37195
6.84654 3.44341
2.41917 8.5085
3.57263 6.66716
2.84559 7.7579
7.47781 3.01933
7.68937 2.88723
7.1435 3.23786
6.10695 4.00366
5.8084 4.25216
1.67655 10.0955
1.68333 10.0789
1.98969 9.37333
1.9918 9.36875
3.31638 7.02905
1.46759 10.6322
2.2221 8.89004
1.21562 11.3547
1.41347 10.7801
0.0120556 19.0316
0.766351 12.9386
0.702441 13.2061
0.189422 16.3018
0.52121 14.0654
1.94924 9.46213
1.33666 10.9971
2.61569 8.15051
0.630968 13.5269
0.889576 12.4536
1.31251 11.0656
1.11465 11.6716
0.825987 12.6975
1.2966 11.116
0.699304 13.2201
1.61981 10.2363
1.34897 10.9608
17.561 0.0794514
15.008 0.358082
16.3058 0.188432
15.0397 0.35288
13.8887 0.555619
3.53854 6.71353
6.41748 3.75919
5.86047 4.20782
4.35281 5.69204
15.5226 0.283485
18.5301 0.0281322
19.8139 0.000436705
1.13311 11.6131
0.512385 14.1101
0.620341 13.5769
1.13428 11.6088
0.107418 17.176
0.0206487 18.7386
0.604013 13.6565
0.141406 16.7788
0.173597 16.4506
1.40541 10.8033
0.436171 14.5291
0.465524 14.3632
6.98411 3.34667
7.11866 3.25527
3.17368 7.23965
8.32866 2.51628
8.989 2.17286
4.94191 5.05844
9.9059 1.75506
3.62115 6.60218
4.62141 5.39352
2.20779 8.91808
1.80679 9.78419
1.08945 11.7537
3.75324 6.42577
3.05834 7.41658
3.69273 6.5052
3.33072 7.00852
3.73507 6.44984
3.47528 6.80199
5.45306 4.56659
2.69154 8.01765
3.37924 6.93726
2.2535 8.82794
3.09381 7.36191
3.69576 6.50262
3.91492 6.21835
2.47549 8.40381
7.35741 3.09668
4.06713 6.02911
5.75671 4.29688
2.47886 8.39665
2.64673 8.09626
3.78904 6.3795
4.58079 5.43764
3.77163 6.40137
4.77169 5.23483
0.334248 15.1632
1.25389 11.2389
1.31904 11.0473
1.32211 11.0386
2.12465 9.08756
15.659 0.265414
18.4204 0.0325405
0.955912 12.2112
3.44981 6.83703
19.4273 0.00433761
14.0743 0.519238
0.0459621 18.1285
0.00236688 19.5674
1.62946 10.2121
15.6633 0.264661
19.1975 0.00827781
0.938701 12.2731
6.11864 3.99421
0.799301 12.8031
16.9627 0.125263
15.84 0.242248
9.65813 1.86162
19.5243 0.0029535
10.6422 1.4644
17.3028 0.0977997
0.686552 13.2792
2.98651 7.52953
9.4517 1.9541
13.3201 0.676851
0.119844 17.0242
0.677271 13.3165
8.57329 2.38437
16.0045 0.222458
14.2114 0.493325
18.3585 0.0352194
0.000720359 19.7613
1.0361 11.9332
12.2036 0.958098
5.31435 4.69564
3.64392 6.57258
0.0639182 17.8049
15.853 0.240754
19.3134 0.00602287
0.056249 17.936
1.58003 10.3372
11.204 1.26538
1.08377 11.7734
16.0768 0.214442
0.00424648 19.4262
5.21834 4.78722
4.73738 5.27052
15.6403 0.267748
14.3996 0.458992
2.36988 8.60142
18.573 0.0264173
0.00413461 19.4293
18.3601 0.0351173
16.9119 0.129404
1.36282 10.9213
16.8412 0.13571
4.83993 5.16269
0.00201783 19.6014
18.0656 0.0491863
17.6426 0.0740295
0.0229212 18.67
2.44146 8.46663
0.362634 14.9777
0.0153273 18.9081
2.14247 9.0514
2.04466 9.25601
5.37606 4.63771
14.5398 0.434352
0.0637133 17.808
17.4461 0.0874663
11.79 1.07895
4.68229 5.32814
0.138163 16.8137
0.47627 14.3045
0.882179 12.4823
19.7401 0.000862189
6.90758 3.4
0.154919 16.6349
0.24609 15.8106
0.794403 12.8247
3.90094 6.23567
0.0298664 18.4882
8.11767 2.63462
16.2053 0.199548
2.52364 8.315
4.16389 5.91282
0.952579 12.2231
10.9373 1.3572
0.0108769 19.0877
4.83284 5.17045
0.0172725 18.8418
1.14575 11.5723
0.775582 12.8987
12.7039 0.825077
15.8186 0.245046
0.652015 13.4328
3.8933 6.24504
2.49897 8.36007
9.33655 2.00728
16.9085 0.130254
15.9483 0.229459
13.7137 0.591301
15.4006 0.300127
9.28812 2.02969
8.4017 2.47621
7.03067 3.31594
16.0475 0.21736
14.4009 0.458771
2.62603 8.13292
9.91051 1.75325
11.64 1.12453
1.05899 11.8549
16.5509 0.163415
15.2882 0.316032
9.51523 1.92608
0.554835 13.8927
0.170262 16.48
16.5882 0.159589
1.58359 10.3295
0.0524926 18.0049
12.8655 0.783944
19.4048 0.00452378
8.40461 2.47484
17.5422 0.0806079
0.329391 15.1974
0.0322556 18.4263
17.0032 0.12169
2.29133 8.7524
17.34 0.0949
1.45109 10.677
4.39721 5.64235
1.7158 10.0021
2.54082 8.2841
1.94788 9.46606
7.326 3.11691
6.99651 3.33864
0.0153648 18.9071
14.2033 0.495032
3.53941 6.7123
15.1076 0.342892
11.3871 1.20487
3.85603 6.29236
14.6789 0.410771
0.230322 15.939
0.234278 15.905
9.93691 1.74288
19.8549 0.000290612
15.0969 0.344168
0.103381 17.2278
3.55552 6.69088
15.5813 0.27553
10.3186 1.58747
18.6924 0.0221869
3.15827 7.26324
1.08369 11.7742
6.5544 3.65585
15.4912 0.288152
6.38515 3.78403
1.64816 10.1657
0.491157 14.2237
3.6383 6.57805
0.845478 12.6219
0.953882 12.219
0.0129073 18.9968
16.4328 0.175061
16.6837 0.150215
19.9258 6.89508e-05
17.7622 0.0664028
15.4025 0.299821
0.90332 12.4029
13.0306 0.743778
10.5606 1.49439
5.68867 4.35643
1.57078 10.3609
8.5461 2.39904
19.0374 0.0118979
0.19689 16.2284
14.7944 0.391776
3.11801 7.32489
4.5214 5.50298
6.6087 3.61575
18.3051 0.0375301
6.37357 3.79344
0.0432027 18.185
5.95702 4.12681
0.0320553 18.4319
15.6853 0.262151
10.8477 1.38901
13.6077 0.614366
15.3511 0.307019
0.404203 14.7179
19.1581 0.00905992
1.51706 10.5005
12.1826 0.964582
0.159812 16.5845
9.94654 1.738
14.4869 0.443548
18.1974 0.0425678
6.16882 3.95402
0.0420133 18.2095
17.5381 0.0808192
10.4078 1.55296
6.20843 3.92347
1.28102 11.1596
5.64696 4.39246
18.7829 0.0191283
3.98692 6.12864
2.02029 9.30761
0.00016032 19.8898
4.49541 5.53192
3.65779 6.55235
13.9495 0.543731
4.37254 5.6697
2.23922 8.85576
7.86593 2.7808
18.7927 0.0187981
0.084827 17.4803
13.2623 0.690025
7.36266 3.09362
12.0684 0.996349
1.16357 11.5164
18.8916 0.015806
12.6373 0.841752
1.31255 11.0655
16.2522 0.194308
0.0060351 19.3112
2.93932 7.60565
4.48126 5.54847
4.32062 5.72905
0.374936 14.8982
0.0103386 19.1012
18.9427 0.0144121
9.54396 1.91226
0.680886 13.3005
2.92759 7.6249
10.466 1.53023
7.05835 3.29602
0.329129 15.1983
4.2661 5.79241
1.3281 11.0229
12.8207 0.794852
0.313043 15.309
17.5171 0.0822793
6.70873 3.54198
4.26718 5.79094
2.82315 7.79482
0.530248 14.0181
0.759361 12.9652
0.861754 12.5587
4.32212 5.72799
6.1965 3.93187
1.15747 11.5371
6.57518 3.64147
1.23023 11.3116
0.0514143 18.0233
19.8354 0.000370889
3.93212 6.19606
10.1529 1.65437
5.91167 4.16534
16.4444 0.174319
13.8493 0.563592
3.81462 6.34844
2.16898 8.99658
14.6642 0.413131
8.52719 2.40872
0.105452 17.202
1.26526 11.205
15.2743 0.318055
13.1991 0.704108
12.3102 0.928434
17.6194 0.0753988
2.54279 8.28034
0.577552 13.7802
1.43155 10.7316
0.00815501 19.2028
16.0916 0.212278
6.64651 3.58747
1.86307 9.65523
0.544587 13.9442
0.676779 13.321
0.300319 15.4022
4.38012 5.66097
0.172226 16.4621
4.09114 6.00083
15.704 0.25943
17.3923 0.0911594
15.0065 0.358124
5.55365 4.47631
5.8236 4.23981
19.6455 0.00159698
2.30374 8.72873
0.00787986 19.2148
1.10144 11.7145
10.2545 1.61263
4.44751 5.58522
14.1262 0.50934
12.1081 0.985046
9.78874 1.8054
5.33249 4.67831
16.1211 0.209184
13.2163 0.700624
1.28891 11.1358
0.0164715 18.8706
14.7268 0.402701
0.0359125 18.3483
9.95339 1.73645
0.169441 16.4879
12.011 1.01301
0.0344189 18.3757
2.44571 8.45868
8.21163 2.58106
1.32986 11.0155
3.37126 6.95046
8.07095 2.66119
2.19497 8.94374
10.5974 1.48063
0.625519 13.5517
4.59961 5.41828
5.51974 4.50596
9.04407 2.14565
12.2321 0.950033
12.0286 1.00816
0.473243 14.3203
9.98725 1.72165
2.65304 8.08483
16.8757 0.132628
1.47546 10.6114
1.78907 9.82558
1.74921 9.9198
1.75584 9.90479
4.57937 5.44057
0.142048 16.7716
2.15098 9.03381
0.441089 14.5014
0.300373 15.3987
14.0701 0.520095
17.2537 0.10155
2.66786 8.05877
0.0106148 19.0906
1.7932 9.81712
7.77475 2.83523
3.71563 6.4747
1.43946 10.7088
2.11869 9.09989
6.45211 3.73281
0.876619 12.5041
17.9778 0.0539156
2.29095 8.75522
15.587 0.274736
17.193 0.106168
0.111615 17.1236
10.6577 1.45812
19.0581 0.0113585
1.21933 11.343
14.7638 0.396666
0.186271 16.3284
0.00967812 19.1317
1.87792 9.62095
0.703054 13.2046
1.81718 9.76148
1.05141 11.8803
9.3161 2.01616
6.9738 3.35415
6.33353 3.82417
0.0403446 18.2439
6.22443 3.90955
10.9606 1.34899
0.202319 16.1829
11.2512 1.25041
2.92325 7.63283
2.00247 9.34682
1.42508 10.7479
10.3547 1.57329
1.07812 11.7913
15.5672 0.277806
0.16386 16.547
0.254504 15.7424
13.593 0.616662
9.55914 1.90537
1.84829 9.68932
3.18637 7.2213
4.63597 5.3804
3.79699 6.36847
6.6719 3.56915
5.09553 4.90541
13.3743 0.664702
6.04975 4.05116
10.2924 1.59815
18.6508 0.0235958
11.6944 1.10771
15.6751 0.263147
3.27761 7.08519
2.12276 9.09127
7.3997 3.06919
4.00001 6.11182
0.06758 17.7424
18.4114 0.0328733
13.0273 0.744445
7.50586 3.00182
8.10699 2.64017
0.283757 15.5194
7.4252 3.05276
9.66532 1.85909
8.87356 2.22997
1.48242 10.5924
16.3014 0.188934
19.1352 0.00962491
0.0351476 18.3609
7.54704 2.97545
13.9485 0.543903
12.7721 0.807319
0.0808981 17.5374
1.76894 9.87305
8.88099 2.22618
3.14152 7.28845
7.57451 2.95912
10.4913 1.52057
19.4996 0.00317963
0.346992 15.0792
4.02706 6.07811
8.53286 2.40674
4.885 5.1167
0.961653 12.1913
5.90849 4.16855
1.91219 9.54391
13.6575 0.603468
11.0359 1.32312
8.57351 2.3842
1.85498 9.67318
2.7816 7.86425
12.3076 0.929393
0.162981 16.5526
3.14417 7.28461
4.94416 5.05622
17.7889 0.0649044
14.8011 0.390563
11.8278 1.06769
0.419588 14.6259
1.89184 9.59109
3.6341 6.58405
11.7303 1.09705
4.68445 5.326
1.95133 9.45768
0.207331 16.1351
15.9578 0.22809
3.09698 7.35666
8.56805 2.38773
0.181132 16.3745
1.76373 9.88622
2.87348 7.71213
4.48445 5.5438
9.97067 1.72811
0.265275 15.6625
0.855393 12.5835
0.861568 12.5622
5.53763 4.48989
7.88715 2.76801
12.2626 0.941562
5.95388 4.12976
6.64174 3.59141
8.10817 2.63956
0.0462103 18.1247
9.17693 2.08233
7.45898 3.03122
0.0818776 17.5236
4.65488 5.35748
12.7632 0.80926
0.390005 14.8052
3.45332 6.83374
6.35131 3.81018
7.78783 2.82768
7.19596 3.20332
6.98975 3.34419
0.132567 16.8764
0.00376018 19.4648
9.13484 2.10202
12.9864 0.754526
2.25549 8.82282
0.321094 15.255
19.614 0.0019276
6.58411 3.63426
8.91813 2.20766
1.16932e-06 19.9912
10.1024 1.67375
15.0876 0.34569
5.29563 4.713
11.4687 1.17867
11.89 1.04849
1.03455 11.9386
2.10953 9.11922
7.7448 2.85336
18.1124 0.0468081
0.456183 14.4157
0.129266 16.9147
1.43363 10.725
17.8031 0.0638919
16.7558 0.143533
13.6957 0.595313
0.77323 12.9086
4.79945 5.20574
5.0742 4.92639
13.7342 0.587179
0.201299 16.1887
5.21664 4.78832
4.8686 5.13316
7.61486 2.93336
10.1964 1.63577
7.57474 2.95875
2.96973 7.55614
15.1706 0.333281
3.01194 7.49107
8.86009 2.23671
0.423683 14.6021
13.9865 0.536323
0.623249 13.5624
9.57896 1.89704
0.124545 16.9681
0.535142 13.9922
13.101 0.727533
16.6776 0.151046
4.41901 5.61714
2.06108 9.22045
2.34632 8.64587
4.01077 6.09831
4.33597 5.71193
0.00220979 19.5908
10.95 1.35286
12.289 0.934296
4.24106 5.82153
0.509481 14.1278
14.9558 0.366338
8.04596 2.67567
0.453636 14.4323
10.8257 1.39701
2.45587 8.43918
1.91677 9.53518
4.29123 5.76293
6.40277 3.77054
12.6391 0.840911
5.88906 4.1842
3.73191 6.45417
4.73115 5.27656
1.09174 11.7468
3.40597 6.89909
11.7195 1.0999
0.901898 12.4077
2.2674 8.80009
15.1121 0.342645
17.8328 0.0622074
5.85557 4.21335
8.96334 2.1857
1.28202 11.1552
10.3648 1.56962
18.0921 0.0478577
2.49181 8.37359
1.92971 9.5068
7.72282 2.86681
3.58755 6.64662
19.1044 0.0102588
14.6523 0.415221
1.62839 10.2153
3.9137 6.21919
9.20373 2.06898
1.68206 10.0821
15.5028 0.285989
7.53022 2.98612
0.571921 13.8082
18.6564 0.023388
6.04979 4.05109
8.21794 2.57805
0.815281 12.7396
18.0218 0.0517308
18.4725 0.0303669
11.5701 1.14643
2.06312 9.21597
15.5885 0.274485
0.0819716 17.5212
11.0085 1.33288
5.95944 4.12485
13.4958 0.637577
17.8624 0.0603921
1.1819 11.4581
4.94558 5.05587
10.6404 1.4647
5.23883 4.76683
3.26049 7.11111
5.38525 4.62915
5.13573 4.86651
10.6189 1.4725
19.7714 0.000685207
6.00934 4.08367
9.99528 1.7177
2.08722 9.16525
15.956 0.228138
1.12893 11.6256
8.06543 2.66404
10.7859 1.41149
3.67292 6.5314
4.97013 5.03015
2.52446 8.31331
6.06811 4.03552
13.8264 0.568141
10.0841 1.68113
15.9397 0.230262
0.73876 13.0516
6.26493 3.87773
0.325082 15.2257
2.34625 8.64717
11.7782 1.08203
3.68334 6.51799
3.07252 7.3954
7.82424 2.80555
1.12149 11.6496
1.72289 9.98278
4.42467 5.6105
15.8713 0.238462
3.83119 6.32564
2.41341 8.52147
7.01573 3.3257
16.4375 0.174787
7.34791 3.10267
1.66353 10.1309
1.18908 11.4364
0.358455 15.0035
6.02884 4.0674
0.231214 15.9313
5.22823 4.77784
5.74418 4.30756
13.7406 0.585696
14.7073 0.405977
0.0741296 17.6391
1.67287 10.1048
1.85289 9.67799
5.73737 4.31378
0.791857 12.8332
6.72239 3.53213
1.72953 9.96732
4.97545 5.02461
7.10893 3.26127
16.8653 0.133703
0.291911 15.4603
2.38406 8.57406
11.1645 1.28035
0.192122 16.2746
0.11953 17.0274
3.54776 6.70146
9.63154 1.8741
11.6467 1.12249
15.8767 0.237734
2.77088 7.88276
0.247422 15.7989
0.833592 12.6679
0.925725 12.3202
1.47927 10.6015
8.31587 2.52337
9.00428 2.16517
5.55684 4.47257
0.749841 13.0049
0.0489431 18.0704
13.3177 0.677723
0.267578 15.6412
4.85987 5.14366
10.6871 1.4474
9.83695 1.78484
8.43554 2.458
12.9414 0.765162
0.0709992 17.6902
12.0473 1.00307
17.6722 0.0721642
7.27408 3.15103
10.3588 1.57199
2.99399 7.51785
5.60131 4.43284
0.646948 13.4539
9.85537 1.77793
2.86402 7.72727
4.12244 5.96283
2.68065 8.03691
11.5851 1.14157
0.00448684 19.4113
8.45524 2.4474
11.1673 1.27848
3.04076 7.44394
17.2124 0.104895
11.5382 1.15648
7.09839 3.26883
7.68777 2.88845
3.04711 7.43478
0.658186 13.4032
0.0769194 17.5974
2.26929 8.79582
7.11606 3.25748
1.56443 10.3794
13.3681 0.665721
6.23659 3.9
4.20627 5.86229
11.9479 1.0319
6.48031 3.7115
1.89456 9.58377
14.047 0.524482
6.65866 3.57862
5.0254 4.97478
0.302504 15.3848
0.499053 14.1806
6.76894 3.49846
4.83933 5.16431
5.81273 4.24883
0.0611102 17.8509
1.24152 11.2777
14.9656 0.364647
5.47059 4.55076
4.26883 5.78999
0.13019 16.9029
1.96511 9.42695
1.78805 9.8282
0.592359 13.7107
4.1356 5.94664
4.88323 5.11848
7.76223 2.84411
16.8243 0.137226
2.91653 7.64174
8.68555 2.32566
1.06928 11.8204
0.0945516 17.348
0.467107 14.3558
0.167394 16.5107
15.1416 0.337472
6.65609 3.58108
5.23402 4.77139
5.80301 4.25688
2.97759 7.54378
14.2968 0.477546
2.15876 9.01739
1.13975 11.5953
13.6459 0.605496
8.70748 2.31466
1.2769 11.1739
0.740855 13.0432
8.7402 2.29753
0.75697 12.9765
14.9358 0.369968
0.583042 13.7535
0.0590243 17.886
19.2396 0.00738628
1.99657 9.35831
14.842 0.384158
5.184 4.81933
10.2189 1.62684
10.4085 1.55232
9.59198 1.89084
12.5256 0.870578
2.6516 8.08698
0.508092 14.1329
12.1639 0.969379
3.3557 6.97136
14.3269 0.47227
2.92133 7.63387
10.7321 1.43143
5.33016 4.68147
18.714 0.0213835
2.37713 8.58743
12.2919 0.933563
13.6737 0.599706
11.2527 1.24934
1.30893 11.0773
1.50923 10.522
17.9906 0.0533546
6.15248 3.96697
1.04124 11.9149
9.59027 1.89171
6.33281 3.82558
8.92667 2.20358
4.37619 5.66538
17.7394 0.0677715
12.126 0.98015
9.02198 2.15687
0.00123375 19.6885
2.35388 8.63135
8.11594 2.63639
7.6999 2.88263
8.37356 2.49147
6.49868 3.69766
8.48446 2.43293
13.4129 0.656182
10.0481 1.69614
1.76584 9.8804
0.661178 13.3889
3.22109 7.16852
1.94531 9.47044
0.237333 15.8807
10.1634 1.64906
0.219426 16.0301
0.286212 15.5023
0.413588 14.6632
5.36159 4.65105
2.02649 9.29391
12.3004 0.931248
3.97211 6.14605
10.9098 1.36759
4.83047 5.17271
17.0558 0.117181
3.87482 6.26953
8.22182 2.5754
2.24628 8.8432
1.03877 11.9237
12.2132 0.955365
0.444266 14.4832
3.82657 6.33013
1.45461 10.6672
8.76647 2.28438
0.217588 16.0484
6.76877 3.49867
1.61967 10.2381
5.26859 4.73872
3.71732 6.47467
5.17013 4.8329
9.12815 2.10572
15.3072 0.313726
15.0941 0.344971
14.4712 0.446331
10.8177 1.39978
2.63459 8.11847
13.8815 0.557462
6.83111 3.45516
8.7835 2.27544
4.6044 5.4122
4.96272 5.03752
11.132 1.28984
11.2475 1.25096
0.93677 12.2799
7.28559 3.14377
0.0189568 18.7878
4.74088 5.26602
0.185917 16.3298
11.1132 1.29639
5.37713 4.63761
8.12755 2.62887
7.11342 3.25817
13.0203 0.746456
4.72807 5.28062
6.21812 3.91511
6.83199 3.45346
17.9688 0.0543709
7.33294 3.11268
13.3109 0.67858
1.20202 11.3962
0.102216 17.2469
17.5023 0.0832995
17.0511 0.117548
6.56559 3.64747
11.5264 1.16084
12.0542 1.00091
3.5368 6.71624
5.42183 4.59526
17.7797 0.0654205
0.00616639 19.3056
16.1832 0.201908
2.44334 8.46355
10.983 1.34137
12.9408 0.765318
0.375365 14.8964
7.9351 2.74003
14.361 0.465887
0.735369 13.0674
2.19462 8.94481
0.273608 15.5971
0.667991 13.3578
12.7074 0.823514
5.38859 4.626
6.50908 3.68965
10.7149 1.43735
5.39229 4.62385
0.643261 13.4715
0.855695 12.5823
13.1064 0.725662
14.3106 0.475051
8.60882 2.36568
1.97951 9.39586
5.51822 4.50835
1.84611 9.69464
0.168625 16.499
0.0959859 17.327
5.31219 4.69744
5.99788 4.09284
0.202123 16.183
6.47391 3.71731
15.5064 0.285599
6.84886 3.44141
4.79399 5.21067
8.89518 2.21937
10.07 1.68721
1.10801 11.695
11.5618 1.14894
2.57946 8.21435
6.15957 3.96208
0.345864 15.086
12.8973 0.776084
3.12378 7.31551
8.27319 2.54684
1.67768 10.0926
6.66964 3.57079
1.12098 11.6517
10.0508 1.69484
6.95444 3.36738
4.52929 5.49431
0.0216066 18.707
19.3163 0.0060034
1.16708 11.5062
0.0672727 17.7482
11.4384 1.18825
1.73335 9.95779
17.4222 0.0888926
18.1502 0.0449087
12.7467 0.813404
11.0091 1.33206
0.111197 17.1351
3.96953 6.14958
0.179054 16.3945
0.212357 16.0909
7.45718 3.03234
12.557 0.86224
2.08626 9.16752
2.14732 9.04066
8.64035 2.34945
1.06811 11.8273
4.41669 5.61949
3.67511 6.5304
3.85057 6.29986
1.45362 10.6706
1.52724 10.4738
1.64197 10.1809
13.2684 0.688157
0.996351 12.0684
9.44455 1.95703
7.85744 2.78564
1.98977 9.37322
4.90683 5.09438
0.0332697 18.4042
11.6466 1.12273
10.7624 1.41973
0.249499 15.7818
6.15631 3.96396
2.94792 7.59147
5.92645 4.15264
13.5579 0.624851
0.11214 17.1176
2.78269 7.86242
11.8628 1.05679
1.91419 9.53975
6.95829 3.36572
3.94161 6.1842
2.12982 9.07667
6.613 3.61213
11.6416 1.12431
4.9534 5.04768
6.94522 3.37368
0.606756 13.6402
11.4589 1.182
3.45397 6.83211
0.0379546 18.2979
5.60511 4.43093
18.0001 0.0526939
8.99624 2.16903
9.00258 2.16596
3.24548 7.13286
1.01652 11.9994
0.0249934 18.611
11.7672 1.08592
3.89866 6.23852
2.2495 8.83524
6.96427 3.36097
2.31824 8.7002
7.33956 3.10839
8.83664 2.24866
18.5956 0.0255624
14.4856 0.443744
0.0582305 17.9047
13.971 0.539269
5.18343 4.82024
2.32985 8.67779
2.94612 7.59396
4.62059 5.39439
10.5953 1.4818
0.362274 14.9792
0.660305 13.3924
0.726092 13.1065
0.628188 13.5392
8.1515 2.61491
2.21602 8.90187
2.51623 8.32934
4.76284 5.24384
13.443 0.649118
1.27531 11.1746
17.8428 0.0617078
16.9535 0.125814
0.684201 13.2866
6.58829 3.63044
1.64885 10.1639
16.4243 0.175959
4.90947 5.09229
2.88666 7.69029
0.274266 15.5901
1.45325 10.6716
0.035508 18.3508
2.0122 9.32477
2.9513 7.5858
0.00326357 19.4924
6.70435 3.54559
11.4062 1.19946
0.541188 13.9618
3.70873 6.48439
5.49354 4.53153
13.6143 0.612246
1.3909 10.8424
8.16507 2.60757
1.87737 9.62223
6.26019 3.88165
19.5435 0.00263875
0.772504 12.9115
10.0496 1.6954
2.88124 7.69934
12.8227 0.794617
0.036661 18.3241
1.00923 12.0257
1.59117 10.3089
14.3032 0.476353
19.9403 6.35933e-05
2.49766 8.36309
15.7817 0.249668
7.90797 2.75696
2.61548 8.15212
4.68987 5.32051
1.38933 10.847
8.87181 2.23114
4.69434 5.3164
9.20985 2.06603
2.10071 9.13719
2.58407 8.20629
16.7991 0.139484
19.6479 0.00157193
0.421921 14.6134
0.16258 16.5562
0.122007 16.9992
18.8909 0.0158203
0.818915 12.7266
0.641411 13.4783
0.686747 13.2746
0.754814 12.986
15.5216 0.283881
17.1728 0.107684
19.5649 0.002404
19.5882 0.0021728
3.51971 6.73957
12.6275 0.844119
11.9386 1.03425
0.201656 16.1868
19.3035 0.00626419
15.7354 0.255437
12.6848 0.829232
6.88772 3.4141
8.73002 2.30288
0.24398 15.8269
3.59172 6.64099
10.5896 1.48361
9.89311 1.76044
0.403518 14.7241
2.64506 8.09853
2.79037 7.85102
1.33433 11.0027
2.53607 8.29353
6.49653 3.69947
9.8502 1.77864
7.19887 3.20088
10.7343 1.42997
1.65392 10.153
14.2156 0.492497
7.49919 3.00565
4.11356 5.97309
10.724 1.43373
2.62238 8.13838
14.5774 0.427849
8.28537 2.5399
15.8505 0.241216
9.48974 1.93684
0.471016 14.3336
0.243365 15.831
0.852578 12.5948
5.33617 4.67477
16.3479 0.184489
12.8959 0.77636
0.0454944 18.1407
8.80984 2.26201
4.32851 5.7203
2.22282 8.88777
0.551504 13.9092
1.82465 9.74301
5.23327 4.7725
0.071222 17.685
3.00868 7.49464
0.0133608 18.9799
8.82457 2.25501
9.20744 2.06765
4.85762 5.14456
17.7339 0.0681198
4.81915 5.18418
3.43019 6.86544
0.223491 15.9951
5.50498 4.51972
3.42541 6.87153
1.26853 11.1949
6.34991 3.81129
2.92433 7.62961
16.2658 0.192779
7.22593 3.18313
17.1176 0.112096
5.62108 4.41641
11.6003 1.13687
10.8496 1.3884
0.132847 16.8731
16.6188 0.156516
12.5439 0.865683
0.148028 16.7068
7.00698 3.33097
5.05182 4.94846
14.9151 0.372279
1.1855 11.448
1.15926 11.5294
0.590367 13.7182
12.6697 0.833151
1.47275 10.6195
3.03448 7.45389
0.870919 12.526
3.67804 6.52457
2.46003 8.43327
18.2674 0.039263
13.3511 0.669578
3.70844 6.4849
16.5437 0.163824
3.93739 6.18939
1.01119 12.0171
5.93485 4.14625
0.187432 16.3175
9.57738 1.89789
9.98227 1.72344
2.05521 9.23297
0.604765 13.6491
7.92377 2.74646
0.922521 12.3333
0.719626 13.1325
7.25575 3.16371
14.3207 0.473363
1.17121 11.4915
10.2909 1.59848
1.83074 9.7307
7.88004 2.77277
0.117346 17.0567
0.208475 16.1247
4.64572 5.36745
17.7312 0.0683492
0.160393 16.5796
2.61275 8.1555
1.88857 9.59691
18.6171 0.024964
5.66492 4.37686
2.64331 8.10392
6.44026 3.74189
13.3934 0.660224
15.231 0.324268
13.1486 0.715788
2.40091 8.54217
0.784053 12.866
0.313025 15.309
3.10957 7.33848
5.38557 4.62908
15.0522 0.351048
0.279607 15.551
18.547 0.0278122
7.28179 3.14605
1.37068 10.8991
6.80392 3.47346
1.60937 10.2628
0.216157 16.059
16.1055 0.210654
6.98683 3.3448
0.417254 14.6398
1.6896 10.064
18.6419 0.0240519
1.03314 11.9419
1.93171 9.50088
16.638 0.154741
11.778 1.08219
0.663075 13.38
0.120213 17.0191
8.33524 2.51241
4.49877 5.52773
7.98735 2.7092
2.67921 8.03907
5.03691 4.96358
0.192581 16.2678
15.5436 0.280479
3.25484 7.1184
7.45709 3.03263
1.59227 10.3079
3.20761 7.18897
10.2025 1.63356
0.00595799 19.3195
3.00292 7.50408
10.3919 1.55877
13.3659 0.666365
12.4787 0.882888
1.39414 10.8344
0.648993 13.4484
15.0784 0.346992
14.883 0.377454
10.5858 1.4849
16.464 0.171952
3.22919 7.15638
0.819083 12.7263
12.4641 0.886789
11.7159 1.10132
9.0679 2.13409
18.329 0.036451
6.2934 3.85605
0.137151 16.8253
4.74042 5.26663
5.67978 4.36382
18.2519 0.0399945
3.30912 7.03861
9.17186 2.08408
13.3094 0.678876
0.0459501 18.1288
3.62736 6.59244
15.3978 0.300604
5.85983 4.20853
1.23305 11.3011
8.70606 2.31549
3.00872 7.49429
0.00975715 19.1267
9.24199 2.05084
7.78805 2.82761
2.70293 7.99807
13.462 0.645418
17.6854 0.0712169
7.33544 3.11083
9.88496 1.76489
5.44489 4.57501
1.24337 11.2714
11.2148 1.26202
11.0409 1.32126
0.785578 12.8581
7.62631 2.92604
10.3828 1.56237
0.317375 15.2804
0.49083 14.2251
7.56414 2.96504
0.0850976 17.4787
0.701855 13.211
9.48068 1.94073
4.55896 5.46143
8.22727 2.57255
1.75721 9.90072
12.7867 0.803422
7.19689 3.20244
2.22353 8.88743
8.07758 2.65701
0.911337 12.373
2.50306 8.35227
7.50101 3.005
18.4545 0.031101
7.82937 2.80391
2.96733 7.56163
11.1233 1.29271
2.22223 8.88895
1.42358 10.7518
1.11987 11.6573
6.80483 3.47331
0.409643 14.6857
5.40841 4.60902
5.99077 4.09876
15.3019 0.31415
0.959986 12.1965
5.23269 4.7726
0.0557944 17.9526
19.3636 0.00520749
0.144998 16.7421
0.0985582 17.2909
10.4297 1.54423
1.06199 11.8457
6.64025 3.59204
15.0346 0.35373
13.7542 0.583035
1.62433 10.2271
0.0370266 18.318
1.6051 10.2734
13.6515 0.604265
10.1494 1.65496
7.05585 3.29748
16.0907 0.212446
0.85188 12.5966
10.4245 1.54689
0.728528 13.0945
5.07572 4.92579
2.71569 7.97654
0.0534485 17.986
12.161 0.969989
8.77082 2.28189
3.07301 7.39377
3.57097 6.66908
18.1314 0.0460651
5.57861 4.45317
0.693742 13.2448
6.52986 3.67432
1.91294 9.54253
13.6246 0.610194
9.68317 1.85082
15.1709 0.333183
1.44022 10.7063
13.4087 0.656771
1.8064 9.78543
2.98845 7.52746
4.01475 6.09328
12.1964 0.960199
0.217714 16.045
9.10699 2.11531
16.5369 0.164608
12.6985 0.825905
13.3097 0.678845
5.61318 4.42231
11.5014 1.16807
11.1618 1.28035
4.1401 5.94107
14.5305 0.436298
1.51949 10.4943
9.52591 1.92053
8.1813 2.59812
2.35496 8.62921
0.986588 12.1028
6.87728 3.42418
2.3786 8.58416
6.38759 3.78245
0.390432 14.8017
0.309169 15.3366
0.0750135 17.6274
7.39761 3.07068
0.502557 14.1624
12.4952 0.878864
3.36069 6.96402
0.153697 16.6474
9.96369 1.73095
9.4456 1.95662
1.24746 11.2577
1.65946 10.1383
5.67207 4.37162
2.73609 7.94125
8.28638 2.53987
6.41524 3.761
1.52886 10.471
5.90059 4.17411
4.28784 5.76744
4.69516 5.31461
2.48364 8.38812
17.3724 0.0925716
2.85969 7.73453
0.492041 14.2201
0.460737 14.3902
7.81943 2.80836
15.7969 0.247607
0.480777 14.279
4.41315 5.62387
1.84001 9.70738
0.763569 12.9484
4.17219 5.90267
5.68019 4.36318
3.47238 6.80538
0.938325 12.276
12.0409 1.00528
11.6535 1.12026
1.11351 11.6753
4.62925 5.38537
5.97933 4.10859
0.928443 12.3106
7.64879 2.91243
5.19488 4.8089
0.531642 14.01
4.07196 6.02394
0.000376219 19.8304
11.9778 1.02276
5.27523 4.73269
8.47467 2.43679
5.21282 4.79292
16.4653 0.171781
2.58316 8.20794
0.728017 13.0965
4.30497 5.74703
0.652019 13.4307
3.90812 6.22627
13.5906 0.617451
14.114 0.511627
9.67432 1.85469
0.902413 12.4064
16.5707 0.161202
0.107928 17.1698
4.55815 5.4624
6.38802 3.78182
0.848394 12.6101
2.1078 9.12397
19.3884 0.0047489
1.02981 11.9555
2.76097 7.89967
5.31007 4.69928
4.37506 5.66718
9.8268 1.78963
9.04406 2.14643
0.750045 13.0039
1.62026 10.2361
7.92201 2.74755
3.46434 6.81727
17.9258 0.0569321
0.396739 14.7638
11.7061 1.10523
0.939817 12.2707
11.6985 1.10641
4.79297 5.21148
14.0409 0.525964
1.21827 11.3482
0.0271419 18.5549
12.6405 0.840507
5.12646 4.87525
8.7534 2.29153
6.90312 3.40314
8.46115 2.44455
15.3774 0.30332
13.5203 0.632465
3.86672 6.28145
0.138137 16.8165
19.3564 0.00526838
5.5449 4.48339
2.15506 9.02531
4.82909 5.17456
0.000340467 19.8589
10.2287 1.62339
6.35397 3.80846
5.27958 4.72804
4.90203 5.10015
2.108 9.12204
4.51523 5.50949
0.887756 12.4614
16.3674 0.181985
6.44763 3.73764
8.12705 2.63031
1.74877 9.92121
0.000872331 19.738
14.5563 0.431604
0.318885 15.2683
3.49461 6.77481
8.24496 2.56236
12.396 0.905067
5.21171 4.79323
0.505933 14.1485
10.0953 1.67675
12.6049 0.849779
2.18502 8.96419
1.82186 9.74922
0.489521 14.2328
6.69577 3.55244
1.77294 9.86444
4.12187 5.96292
17.6018 0.0766417
1.74399 9.9338
9.96112 1.73195
4.18731 5.88487
13.4863 0.639983
10.4269 1.54571
10.4983 1.51926
10.9183 1.36417
7.60495 2.94006
0.0018746 19.6154
14.0383 0.526306
10.798 1.40732
0.0899218 17.408
17.3161 0.096718
16.7396 0.14505
4.26713 5.79121
6.78432 3.48744
0.283053 15.5245
0.25207 15.7617
17.3114 0.0970075
0.753478 12.9901
8.29457 2.53503
0.813875 12.7451
1.68024 10.088
3.96219 6.15851
15.9741 0.226006
17.0917 0.114359
0.170557 16.4767
2.46384 8.42436
1.989 9.37564
16.0492 0.21721
7.08737 3.27584
3.93309 6.19553
3.12869 7.30917
13.001 0.750726
0.0126482 19.0118
2.89944 7.66943
0.489644 14.2312
6.83072 3.45587
16.4298 0.175633
0.442027 14.4955
4.05512 6.04441
1.11129 11.6828
17.2174 0.104172
11.1993 1.26746
1.08423 11.7728
6.88871 3.41363
13.9782 0.538483
2.89266 7.68114
5.75692 4.29644
7.45758 3.03233
12.9106 0.773344
6.27923 3.86641
14.9627 0.364979
0.0213434 18.7211
2.28505 8.76458
0.0886332 17.4259
17.1324 0.110959
7.60828 2.93732
2.57121 8.22999
3.4966 6.77181
1.89398 9.5853
4.96664 5.03383
1.88245 9.61101
15.115 0.341675
0.620925 13.5745
5.06273 4.938
6.06717 4.036
0.236782 15.8855
6.05802 4.04346
10.2714 1.60604
9.84876 1.77939
5.28659 4.72173
16.3886 0.179656
3.39042 6.923
0.514502 14.0996
1.54637 10.4239
12.9936 0.752651
1.00571 12.0366
4.08725 6.00535
3.34541 6.98749
11.0322 1.32409
0.269843 15.6297
6.78908 3.48423
3.04248 7.44133
1.09582 11.7364
1.33162 11.0108
6.46532 3.72285
7.49876 3.00598
0.736229 13.0617
8.33027 2.51606
3.86342 6.2831
0.557818 13.8779
9.64079 1.86918
5.15185 4.85043
10.0242 1.70577
2.46163 8.42906
16.1363 0.20717
16.4865 0.169558
2.80556 7.82421
13.3575 0.668056
0.78009 12.8811
5.00187 4.99824
1.86134 9.65899
0.0836293 17.4979
3.59666 6.63401
1.02359 11.9746
1.04755 11.8956
3.55482 6.6912
7.76276 2.84273
6.47036 3.71927
15.0499 0.351318
12.1717 0.966993
0.596206 13.6901
11.6078 1.13492
4.54971 5.47237
14.1278 0.509178
8.70408 2.31737
0.100037 17.2714
5.54831 4.48099
4.31347 5.73749
0.143169 16.7591
15.4637 0.29168
0.763075 12.9501
10.3325 1.58214
12.8337 0.791611
0.0745253 17.6355
5.32141 4.68889
14.8256 0.386554
0.145225 16.7416
7.96428 2.72261
3.81852 6.34083
5.43493 4.58384
11.3201 1.22704
8.63206 2.35389
3.36587 6.95734
9.0966 2.12091
1.66597 10.1217
18.0114 0.0521658
2.26465 8.80556
0.281391 15.5376
0.0515162 18.022
3.78999 6.37772
11.818 1.07006
0.816527 12.7343
5.52366 4.50262
9.30477 2.02144
5.95133 4.13199
0.411944 14.6714
0.454928 14.4248
7.83462 2.80011
3.80487 6.3587
1.32693 11.0246
10.5905 1.48313
16.386 0.180023
1.25585 11.2325
13.5595 0.623927
0.585607 13.743
6.28486 3.86191
6.33365 3.82398
0.230123 15.9399
9.37545 1.98875
15.1991 0.329162
9.38578 1.98392
8.96238 2.18579
0.481899 14.2729
6.59524 3.62543
7.27005 3.15464
1.05956 11.8533
0.519994 14.0703
5.50302 4.52219
6.60351 3.61967
0.0995436 17.2804
5.28495 4.72397
1.89997 9.57259
13.2411 0.694415
0.222471 16.0057
0.148594 16.7009
7.0785 3.28257
0.353346 15.0375
0.647347 13.451
7.0635 3.29209
12.0775 0.993937
8.02395 2.68828
6.83653 3.45037
6.39604 3.77765
2.81626 7.80776
1.30214 11.0966
0.383682 14.8445
11.8235 1.06835
6.90401 3.4026
8.50651 2.41988
2.79956 7.83489
1.73771 9.94774
14.4279 0.454016
7.12789 3.24875
11.8824 1.05072
11.3522 1.21624
4.22482 5.84075
9.16062 2.08945
7.38918 3.07599
0.157298 16.6109
4.17903 5.89471
0.0336242 18.3992
2.20634 8.92079
18.3418 0.0359032
13.6684 0.600971
0.049825 18.055
18.6207 0.024645
0.159665 16.5858
0.584324 13.7483
9.56267 1.90382
4.05099 6.04959
0.98605 12.1044
9.50002 1.93191
9.76736 1.81437
6.72887 3.52809
3.21317 7.1805
4.24304 5.81951
4.78651 5.21881
12.5441 0.865589
7.09768 3.27033
2.63597 8.11436
12.9705 0.758141
2.3411 8.65621
1.83774 9.71272
14.3084 0.475491
13.4986 0.637069
5.79533 4.26404
3.65132 6.5607
3.62523 6.59538
11.0472 1.31889
3.26122 7.1089
8.86604 2.23501
6.94233 3.37583
6.12863 3.98614
14.803 0.390318
11.1516 1.28308
2.17094 8.99238
0.0885288 17.4301
5.7107 4.33657
0.253883 15.7498
3.96508 6.15643
13.8842 0.556532
15.618 0.270965
0.122229 16.9969
13.5743 0.620715
10.1646 1.6485
0.389263 14.8091
11.1647 1.27878
0.255879 15.7322
1.39524 10.8304
13.9345 0.546478
9.33098 2.00933
11.7116 1.10257
16.6589 0.15285
12.1897 0.962538
16.6505 0.153521
6.70937 3.54153
0.868627 12.5337
1.18774 11.4401
4.9609 5.04071
1.69736 10.0447
11.293 1.23577
2.75726 7.90564
10.7393 1.42834
10.5044 1.51557
5.46597 4.55482
7.89441 2.7637
0.0401495 18.2496
0.0103289 19.1059
0.0488908 18.0722
9.6557 1.8631
2.07813 9.18539
1.04592 11.8986
18.4437 0.0315172
4.90846 5.09241
1.09822 11.7261
19.455 0.00377617
4.47806 5.55074
0.630659 13.5279
5.62966 4.40769
6.32058 3.83403
3.24866 7.1288
14.1644 0.502086
2.6529 8.08543
4.42091 5.61544
0.990047 12.0924
0.0954684 17.3319
17.6483 0.0735819
5.06189 4.93863
13.8276 0.567903
9.62029 1.87836
9.70487 1.84112
5.83983 4.22538
13.1867 0.706919
3.19516 7.20727
0.111397 17.1278
15.341 0.308501
3.32374 7.01784
1.74001 9.94169
0.649391 13.4418
3.91205 6.22184
2.97127 7.55439
1.29964 11.1031
0.0389705 18.2733
15.4545 0.292606
8.45493 2.44744
10.7458 1.42619
8.84705 2.24387
17.6002 0.0768513
0.0292762 18.5007
0.887305 12.4621
0.8577 12.5779
16.0519 0.217067
7.75275 2.84863
11.6048 1.13552
4.88502 5.11632
0.900149 12.4142
2.04586 9.25255
9.14612 2.09661
19.1843 0.00849251
11.312 1.22946
8.33279 2.51391
2.8425 7.76326
0.539853 13.9687
9.16574 2.08739
10.6396 1.46495
4.33294 5.71498
6.59162 3.62865
0.871016 12.5235
0.186417 16.3249
7.72165 2.86743
5.19216 4.81191
2.02102 9.30611
1.97005 9.41676
0.0614957 17.8437
1.57932 10.3391
0.694056 13.2439
7.16029 3.22701
18.8486 0.0172134
1.1236 11.6427
1.82084 9.7518
16.0252 0.219954
3.87333 6.27094
10.5065 1.51519
8.86959 2.2321
14.9517 0.366589
11.0636 1.31361
13.9032 0.552762
17.1749 0.10757
4.92977 5.07112
9.98976 1.72149
1.13701 11.6005
15.9239 0.232128
17.3966 0.0907385
0.0692055 17.7166
4.04816 6.05397
3.09121 7.3657
18.8432 0.0172301
0.382659 14.8506
6.00161 4.0901
9.23624 2.05373
4.95643 5.04633
2.11722 9.10387
5.11428 4.88734
13.1398 0.717831
0.683613 13.2885
8.39939 2.47749
7.36787 3.08985
2.56186 8.24637
0.174413 16.441
6.4311 3.74895
0.377317 14.8832
9.0581 2.13899
0.398532 14.7521
1.55814 10.3935
1.66362 10.1282
1.59456 10.3001
0.880496 12.4877
10.0378 1.70023
4.01027 6.0991
2.85266 7.74721
4.04164 6.06027
1.27908 11.1639
0.00382063 19.4525
11.4959 1.16981
6.01314 4.08027
0.0186309 18.8002
15.5107 0.285184
7.96751 2.72119
2.14638 9.04295
9.57486 1.89864
5.72667 4.32295
14.0398 0.525992
10.4333 1.54276
1.07245 11.8098
2.38654 8.56966
3.24685 7.13098
16.4001 0.178519
8.15802e-05 19.9233
0.0699801 17.7055
14.7816 0.393892
6.84422 3.4447
13.7008 0.594677
4.55344 5.46747
12.13 0.978769
0.976388 12.1384
3.08887 7.36916
4.32041 5.72924
10.4454 1.53817
9.66875 1.8572
4.82596 5.17747
8.12706 2.62906
7.44346 3.04116
4.81395 5.18979
1.17215 11.4895
0.758614 12.9685
11.3714 1.21078
4.72009 5.29003
7.88575 2.769
0.881064 12.4863
1.12594 11.6355
4.77834 5.22765
5.74767 4.3044
1.79791 9.80501
7.89888 2.76333
9.33458 2.00762
14.5312 0.43591
0.915488 12.3588
1.16463 11.5123
1.28684 11.1419
0.851271 12.599
2.15476 9.02649
4.14718 5.93273
0.0267568 18.5637
2.36222 8.61595
2.75361 7.91164
2.25498 8.82375
7.00953 3.32975
3.45826 6.82538
5.26335 4.74343
5.21362 4.7909
7.3055 3.1304
0.00507854 19.3689
0.408438 14.6927
5.4704 4.55097
13.1769 0.709474
2.8076 7.82072
1.70515 10.026
1.40025 10.8168
1.4499 10.68
13.0648 0.735975
12.1938 0.960739
6.59442 3.62588
5.68084 4.36275
4.57415 5.44747
15.4335 0.295508
12.6198 0.845911
11.7646 1.08644
6.58766 3.63301
6.13718 3.97941
5.54529 4.48322
7.20874 3.19442
8.33471 2.51273
9.05775 2.14007
16.7844 0.141012
3.45764 6.82605
8.85131 2.24115
7.0733 3.28542
8.24396 2.5635
4.81088 5.193
2.20104 8.93201
0.370461 14.9282
0.530785 14.0151
0.883889 12.4756
1.66908 10.1138
0.961226 12.1925
1.21652 11.352
9.12524 2.10653
9.8804 1.76598
3.95681 6.16649
6.13418 3.98193
5.13078 4.87111
4.50431 5.52176
3.72933 6.45705
3.7341 6.4507
5.7466 4.30533
5.17479 4.82923
11.0868 1.30528
12.5408 0.866728
11.1061 1.29873
12.5612 0.861276
1.78954 9.82457
1.48706 10.5808
1.01565 12.0019
0.078996 17.5673
0.025176 18.6092
16.5749 0.160726
11.4078 1.19816
15.5982 0.273206
16.3798 0.18062
16.4522 0.173161
1.23473 11.296
2.43604 8.47625
2.09654 9.1462
1.32399 11.0337
0.345238 15.0915
10.2849 1.60226
11.9152 1.04112
12.8598 0.785786
0.0979294 17.3
1.17027 11.4945
0.920552 12.3405
0.851058 12.5998
0.11908 17.033
2.23225 8.86891
1.0282 11.9587
2.2421 8.8493
3.60676 6.62056
13.9171 0.550013
17.164 0.108869
1.70983 10.0145
2.30882 8.72087
8.93095 2.20147
15.1846 0.331532
12.6571 0.837024
13.2987 0.681733
14.2068 0.494139
14.2494 0.486232
10.3224 1.58655
4.37235 5.67027
3.88648 6.25364
0.352038 15.0485
2.7796 7.87
2.48982 8.3771
2.1181 9.10107
2.80133 7.832
2.13754 9.06078
2.79674 7.83883
2.75305 7.9126
8.55455 2.3942
7.33806 3.1096
7.59615 2.94491
7.63345 2.92159
0.263112 15.6753
10.6006 1.47938
9.81813 1.79263
1.90514 9.56016
2.25825 8.81756
1.78395 9.83758
1.47232 10.6216
1.48001 10.5988
10.9975 1.33612
0.0182613 18.8096
3.33481 7.00129
9.6464 1.86675
0.435813 14.5344
9.28924 2.02947
9.84013 1.78349
10.6232 1.4709
5.75491 4.29815
6.81542 3.46608
0.257525 15.7209
0.516716 14.0875
6.54518 3.66256
4.09905 5.99041
12.728 0.818344
15.148 0.336821
2.02971 9.28802
1.65603 10.1462
11.4214 1.19385
0.438513 14.5159
4.19094 5.88101
5.1018 4.89929
3.32165 7.02036
1.22559 11.3238
6.66298 3.57552
5.19605 4.8081
5.16972 4.8332
2.88328 7.6957
1.01437 12.0061
14.3293 0.471752
5.94412 4.13761
7.91791 2.75006
8.62227 2.35873
12.7423 0.814525
8.44769 2.45129
0.560274 13.8673
0.288067 15.4877
5.18349 4.82005
10.3505 1.57592
9.78467 1.80696
9.03306 2.15106
6.21714 3.91652
3.5143 6.74766
3.98832 6.12597
7.42821 3.05103
7.15615 3.22961
6.06879 4.03482
2.00249 9.34614
17.4072 0.0901805
4.01186 6.09683
0.745375 13.0237
15.5731 0.27677
18.7381 0.0205609
3.06169 7.41164
2.36596 8.60849
9.12682 2.10574
14.3503 0.467949
15.9982 0.223253
8.23844 2.56699
7.73466 2.8601
7.06794 3.28908
13.8273 0.567966
2.50541 8.34863
9.76329 1.8158
0.723608 13.1152
0.0578243 17.9105
0.610063 13.6241
10.6929 1.44535
11.509 1.16576
0.219291 16.0309
10.2958 1.59624
10.5124 1.51257
1.3321 11.0093
18.6675 0.0230176
5.309 4.70216
1.05008 11.8853
0.231472 15.9286
0.128851 16.9216
9.69551 1.84526
0.469488 14.3438
8.20683 2.58535
8.72425 2.3059
9.4629 1.94885
10.6303 1.46837
12.0549 1.00049
5.31246 4.69706
0.67903 13.3087
3.75988 6.41662
3.30051 7.05296
12.8425 0.789425
11.3713 1.21082
6.81661 3.46434
0.984633 12.1116
0.609088 13.6286
13.92 0.54938
12.8216 0.794701
1.64065 10.1841
4.53314 5.48975
11.8613 1.05722
3.85728 6.29077
0.958776 12.2016
2.55955 8.25111
2.28262 8.77106
1.92692 9.51106
7.54567 2.97652
6.42795 3.75138
4.63271 5.38147
3.23957 7.1413
19.0923 0.010695
6.38022 3.7882
7.49375 3.00915
0.99783 12.0633
3.87587 6.26714
4.80139 5.20285
6.56037 3.65152
5.45106 4.56842
16.3451 0.184501
15.3694 0.304488
5.8849 4.18741
6.49424 3.70104
0.829786 12.6843
0.0102913 19.1081
0.0977627 17.303
9.19061 2.07532
16.3417 0.184873
18.097 0.0476051
3.08817 7.3704
1.07625 11.7975
1.3456 10.9711
2.67591 8.04489
3.41305 6.88945
2.46772 8.41728
6.83886 3.44903
5.77667 4.27942
2.89508 7.6783
12.332 0.922444
13.208 0.702726
0.271394 15.6119
0.414412 14.6592
1.55348 10.4062
1.87371 9.6307
8.86774 2.23308
8.15306 2.6141
0.527828 14.0298
8.13282 2.62565
9.46936 1.94576
6.6474 3.58725
0.37237 14.9163
6.26217 3.87975
6.89092 3.41279
8.68366 2.32676
8.98126 2.17776
3.03615 7.45195
0.421728 14.6154
0.329043 15.1986
12.0629 0.997936
10.6384 1.46599
0.372002 14.9183
5.0551 4.94631
5.53043 4.49694
6.74314 3.51824
6.0675 4.03573
7.74029 2.85618
4.21113 5.85688
8.00217 2.70123
12.2664 0.940518
15.1817 0.331552
10.0227 1.7065
4.36971 5.67274
1.79626 9.81072
18.1085 0.0470422
10.7753 1.4151
3.3924 6.91892
9.47838 1.94186
0.174812 16.4371
11.3542 1.21591
1.88716 9.60083
1.56542 10.3748
1.88177 9.61304
7.2905 3.14079
7.96664 2.72123
11.5291 1.1594
13.0108 0.748516
13.6622 0.602113
14.3603 0.466099
0.197486 16.226
1.33756 10.9933
1.63627 10.1963
9.13765 2.1006
0.0231426 18.6633
2.64604 8.09717
8.06627 2.66356
9.31377 2.01848
3.94874 6.17623
4.31081 5.74142
4.83395 5.16886
1.69919 10.0401
1.54954 10.417
2.12067 9.09558
1.52784 10.4725
1.24009 11.2805
0.835446 12.6617
2.1109 9.11644
3.28957 7.0677
13.9503 0.543368
0.57 13.818
15.7458 0.254085
1.99376 9.36441
1.44155 10.7048
11.0501 1.31784
13.9392 0.545561
13.4004 0.658617
7.03665 3.31257
10.156 1.65206
4.76679 5.23901
3.64145 6.57418
17.3447 0.09454
3.19973 7.20082
4.18616 5.88641
5.60694 4.42809
17.1804 0.107177
19.5428 0.00264316
11.6203 1.13079
4.51372 5.51129
9.78051 1.80903
7.74999 2.85021
2.59552 8.18588
19.5131 0.00300552
13.4931 0.638412
6.76391 3.5021
18.1551 0.0446732
6.417 3.76041
4.597 5.42028
11.7911 1.07809
2.7002 8.00309
4.38277 5.658
7.03824 3.30937
15.1216 0.340471
9.31017 2.01895
19.7856 0.000603334
5.90716 4.16907
0.176577 16.4189
0.245567 15.8148
4.70599 5.30312
3.46339 6.82156
4.99668 5.00335
4.38703 5.65343
4.08992 6.00269
3.41977 6.88044
4.98877 5.01125
17.116 0.112308
16.0063 0.222308
15.9636 0.22733
13.3893 0.660985
17.8599 0.0606058
17.8932 0.0586924
16.882 0.132111
17.7641 0.0662608
13.5782 0.620212
4.41305 5.62443
9.74854 1.82238
12.4172 0.899575
2.96829 7.55884
2.42635 8.49431
0.479742 14.2846
14.8943 0.375544
0.142467 16.7667
1.99259 9.367
1.07755 11.7933
0.80621 12.7752
1.1457 11.5736
0.678439 13.3119
0.343532 15.1053
0.914565 12.3611
0.963387 12.1854
9.31971 2.01484
2.04532 9.25427
1.54777 10.4209
3.19496 7.20787
3.27992 7.08136
3.7061 6.48732
5.84334 4.22303
3.96088 6.16024
8.35825 2.50019
7.0042 3.33282
2.95467 7.58031
4.50921 5.51627
1.09578 11.7371
9.01719 2.15892
0.295246 15.436
17.472 0.0854414
16.126 0.208353
1.38885 10.8488
3.32497 7.01624
2.67634 8.04417
10.1461 1.65644
9.98635 1.72178
1.60139 10.2833
4.25433 5.80635
5.51338 4.51178
5.50512 4.5193
7.37326 3.08652
0.0835607 17.4991
12.8732 0.78246
12.8742 0.782171
19.0945 0.0106758
14.5926 0.425255
4.04131 6.06099
0.186149 16.3284
19.3252 0.00580751
0.105388 17.2028
11.5057 1.16698
14.0022 0.533192
15.9383 0.230371
1.81431 9.76671
11.2538 1.24876
9.62729 1.8752
8.32164 2.51992
18.9356 0.0145516
18.287 0.0386062
0.052399 18.005
0.328345 15.2041
15.9112 0.233916
12.4133 0.900681
9.08779 2.12565
0.112749 17.1108
18.3404 0.0359702
2.29248 8.75009
10.474 1.52748
8.15131 2.61526
7.20201 3.1987
3.12778 7.30936
14.5271 0.436665
11.9895 1.01958
1.5205 10.492
0.800323 12.7988
10.9995 1.33557
16.9565 0.125735
15.3165 0.312065
15.319 0.311681
12.8883 0.778267
3.94139 6.18462
3.46541 6.81595
0.64438 13.4645
3.11189 7.33449
0.161918 16.5628
0.158531 16.5974
0.574492 13.7952
3.12614 7.31276
16.2102 0.199007
7.34566 3.10438
5.98612 4.10377
0.00101289 19.7195
0.610722 13.621
0.608273 13.6325
7.95767 2.72676
4.73757 5.26979
1.85698 9.67076
17.9334 0.056409
14.7839 0.393327
0.416579 14.6437
2.16368 9.01014
11.7593 1.08809
5.26549 4.74221
7.31724 3.1231
6.65852 3.57891
12.5934 0.852785
12.5971 0.851792
6.28627 3.86156
3.065 7.40614
0.819206 12.7259
13.6359 0.607563
9.99663 1.71723
6.92736 3.38623
11.6235 1.12956
15.7149 0.258129
3.36945 6.95132
6.28877 3.85885
6.28709 3.86019
8.11437 2.63679
0.20038 16.1967
0.300531 15.3972
2.4025 8.53889
2.37424 8.59257
17.6574 0.0732884
9.58343 1.89488
7.48283 3.0161
17.2797 0.099431
14.6145 0.421546
1.83391 9.72293
7.36812 3.08966
7.85153 2.78939
10.9851 1.34097
10.5447 1.50063
12.1678 0.968215
1.95715 9.44536
4.24169 5.82066
5.57723 4.4551
5.59262 4.44094
4.11507 5.97121
0.00785747 19.215
14.7408 0.401073
5.68649 4.35785
4.39724 5.64206
1.95616 9.44856
0.488719 14.2359
2.84416 7.76058
0.285057 15.512
0.773627 12.9066
1.69324 10.0564
2.53395 8.29613
0.444009 14.4911
16.6053 0.158028
8.16183 2.60928
8.1887 2.59471
8.76098 2.2869
8.74173 2.29694
15.0708 0.348217
13.3504 0.669653
8.30149 2.53222
8.25145 2.55876
10.2731 1.60548
10.9214 1.3628
10.9267 1.36091
2.31273 8.71061
4.26927 5.7899
2.6814 8.03528
3.61883 6.60398
2.61486 8.15285
6.29913 3.85075
8.0252 2.68814
10.1545 1.65287
7.11772 3.2561
6.8788 3.42028
8.69556 2.32069
1.17688 11.4738
5.84018 4.22531
1.73057 9.96469
3.52227 6.73592
6.38984 3.78054
6.38656 3.78331
5.22325 4.78309
8.92142 2.20699
17.6089 0.0761374
7.38273 3.08124
9.51139 1.92678
0.727953 13.0983
0.0652915 17.7803
0.031406 18.451
13.3095 0.678851
11.1529 1.28276
6.07383 4.03118
8.49738 2.4249
3.61923 6.60341
4.99602 5.00399
5.6879 4.35664
5.38481 4.62952
9.97741 1.72511
5.5991 4.43481
4.4401 5.59315
10.0289 1.70467
0.901385 12.4102
0.68924 13.2639
0.710283 13.1733
3.86316 6.28411
4.29313 5.7611
6.77386 3.49542
4.74534 5.26141
2.24208 8.85048
0.456106 14.4157
2.81008 7.81715
1.1135 11.6754
1.59562 10.2979
5.05722 4.94323
4.65024 5.36283
5.74602 4.30656
5.74216 4.31014
8.59559 2.37298
10.6638 1.45615
15.3837 0.302489
16.199 0.200299
14.4795 0.444833
14.4951 0.442197
0.0659839 17.7761
0.391975 14.7929
3.44773 6.83998
1.72635 9.9771
1.39787 10.823
1.39998 10.8172
4.17762 5.89659
4.16949 5.90673
0.220715 16.0193
1.2895 11.1328
0.672662 13.3389
2.41651 8.514
1.08875 11.7566
0.213498 16.0824
0.808762 12.7651
1.51667 10.5016
3.77619 6.39834
3.66379 6.54608
12.4841 0.881451
13.4864 0.639653
7.67782 2.89434
13.0203 0.746137
13.0065 0.749421
0.0910271 17.393
0.0617318 17.8405
0.244124 15.8254
0.242551 15.8387
0.137316 16.8236
0.072695 17.664
3.56444 6.67892
3.55293 6.69431
2.91653 7.64238
2.9113 7.65074
3.03801 7.45006
0.579666 13.7699
2.42947 8.49012
2.63589 8.11448
3.00677 7.49737
4.96665 5.03347
2.41713 8.51232
6.06347 4.03928
4.7236 5.28434
4.69837 5.31108
0.244284 15.8236
0.944183 12.2535
0.939024 12.2727
0.780874 12.8786
2.94593 7.59427
0.652112 13.4301
0.142885 16.7623
0.883757 12.4757
10.3419 1.57849
1.94091 9.48005
2.64002 8.10829
5.85851 4.20948
2.76751 7.88796
2.75809 7.90388
3.48672 6.78591
8.05591 2.66951
9.87667 1.76739
14.5213 0.43832
6.46269 3.72481
9.1318 2.10325
11.3161 1.22825
12.3831 0.908821
3.2275 7.15892
2.02323 9.30088
3.70713 6.48617
2.90986 7.65269
3.35482 6.97315
1.83482 9.72027
2.65262 8.08577
1.85698 9.66854
1.90342 9.56464
1.89927 9.57358
6.20962 3.92323
5.94676 4.13543
5.96565 4.11963
4.31332 5.7376
5.75784 4.29619
5.75632 4.29739
3.38187 6.93357
6.33314 3.82541
6.19241 3.935
5.92054 4.15753
5.90055 4.17441
7.84451 2.79335
4.6727 5.33899
5.94688 4.13527
9.22491 2.05889
4.98103 5.01952
7.2801 3.14704
10.002 1.71553
5.3785 4.63596
0.550637 13.9136
0.0464547 18.1194
0.0889567 17.4217
0.0329876 18.4086
0.185478 16.334
0.746372 13.0198
0.721052 13.1277
0.112998 17.1068
2.18429 8.96524
3.54575 6.70377
10.2322 1.62173
11.6533 1.1203
11.6547 1.11988
16.7635 0.142745
15.752 0.253339
4.46219 5.56868
2.75326 7.91247
1.41392 10.7784
2.29579 8.74389
2.24663 8.84028
3.01718 7.48166
2.01672 9.31569
0.552144 13.906
0.323574 15.236
0.00792872 19.2119
0.128706 16.9227
16.2787 0.191382
13.3213 0.676175
7.40284 3.06776
13.8023 0.573037
7.11932 3.25494
7.57393 2.95968
4.94041 5.06022
2.83437 7.77636
5.45451 4.5659
5.54784 4.4814
8.76019 2.28754
4.90057 5.1006
4.67874 5.33298
5.18755 4.81662
18.3519 0.0354637
12.8981 0.775822
19.1702 0.00879177
19.1586 0.00903979
10.3292 1.58314
15.8703 0.238526
14.169 0.501362
9.38178 1.98585
15.0457 0.352018
17.079 0.115251
11.9485 1.03124
13.1802 0.708603
5.46319 4.55863
8.29695 2.53358
9.03182 2.15196
5.60631 4.42839
7.18302 3.21147
8.40695 2.47362
7.58646 2.95167
6.28691 3.86035
4.56761 5.45196
4.45935 5.57247
4.1143 5.97202
6.63802 3.59413
2.04132 9.26241
8.88047 2.22663
6.16414 3.95811
6.60117 3.62213
5.08553 4.91613
11.1617 1.2805
13.3877 0.661605
3.2259 7.16238
9.84586 1.78042
6.80897 3.47008
6.69717 3.55085
9.4762 1.94344
8.55026 2.39727
9.00683 2.16396
8.99378 2.17026
7.54502 2.97684
8.99116 2.17155
14.1043 0.513563
12.1655 0.968991
4.64229 5.371
9.67005 1.85703
8.44813 2.45105
17.4736 0.0852765
16.3836 0.180606
17.3464 0.0944801
16.9935 0.122379
18.2323 0.0409831
17.7709 0.0658352
12.3679 0.913739
18.0224 0.0514988
17.5163 0.0826653
18.0139 0.0520077
13.7339 0.587473
15.028 0.354889
13.4598 0.645912
17.7587 0.0665812
10.7849 1.41181
16.4925 0.168976
1.44264 10.6999
3.07957 7.3838
1.76265 9.88821
4.81834 5.18502
4.07761 6.01637
3.92283 6.2077
2.699 8.00482
3.49445 6.77498
11.2789 1.24113
11.6348 1.12641
8.09868 2.64511
8.12473 2.63034
4.8352 5.16863
11.6276 1.12861
10.2063 1.63179
9.0362 2.14958
7.9889 2.70824
8.20719 2.58363
8.64743 2.34635
3.99921 6.11389
9.63171 1.87318
8.31359 2.52439
6.4509 3.73446
7.63409 2.92149
10.9726 1.34604
8.98188 2.17622
13.3574 0.668217
6.68749 3.55744
7.01802 3.32374
7.02472 3.31899
6.37968 3.78823
2.72222 7.96676
2.15997 9.0152
6.3709 3.79557
6.38168 3.78699
6.91141 3.39813
5.28603 4.72287
1.35343 10.9485
1.35388 10.9468
2.54893 8.26954
0.841952 12.6351
1.20969 11.3724
2.07698 9.18673
2.72251 7.96625
2.58345 8.20722
0.841526 12.6385
2.65674 8.08014
2.46935 8.41429
4.18187 5.89118
2.94754 7.59282
3.85542 6.29379
3.65636 6.55373
3.83882 6.3148
3.38753 6.92539
4.29995 5.75404
0.989187 12.0947
1.10028 11.7202
0.00192273 19.6098
0.531629 14.0105
0.441921 14.4967
0.535397 13.9912
1.14348 11.5791
0.346439 15.082
0.0746537 17.6339
0.36798 14.9432
0.369028 14.9367
0.816187 12.7358
0.794482 12.8233
0.695441 13.2368
0.691366 13.2546
0.696298 13.2329
5.29877 4.7103
1.18427 11.4515
0.0737518 17.645
0.59391 13.7021
0.475951 14.3061
11.3252 1.22541
13.9663 0.540544
7.85101 2.78948
7.14841 3.23461
3.15163 7.27302
3.13805 7.29447
4.44245 5.5905
3.66832 6.53777
8.14015 2.62131
3.80605 6.35658
4.52412 5.5013
9.30383 2.02204
10.7375 1.42929
5.54238 4.48568
5.52638 4.50004
6.78414 3.48783
5.6135 4.42203
6.74635 3.51489
7.07643 3.28364
5.88699 4.18574
5.25128 4.75492
6.12613 3.98815
6.79669 3.47858
6.78625 3.48605
8.6307 2.35419
2.45934 8.43377
2.85574 7.74174
5.498 4.52586
5.50129 4.52283
3.15603 7.2674
2.1785 8.98008
6.29877 3.85142
6.24251 3.89533
9.26901 2.03851
6.73704 3.52217
4.217 5.84978
2.35543 8.6283
9.15872 2.09113
9.29779 2.0247
3.89829 6.24067
4.89605 5.10509
6.46465 3.72323
5.7041 4.34228
5.72917 4.32044
9.90408 1.75617
4.24699 5.8146
5.07237 4.9284
10.8528 1.38725
1.96499 9.428
10.088 1.67953
13.2411 0.694408
16.0898 0.212497
10.327 1.584
9.6493 1.86555
10.3111 1.59043
13.5415 0.627706
19.668 0.00139045
12.3607 0.914622
12.6428 0.839944
9.67944 1.85226
18.4123 0.0328356
15.2898 0.315765
0.93631 12.2816
4.96188 5.03827
1.21283 11.3648
1.21329 11.3639
2.77758 7.87156
3.59695 6.6336
0.619562 13.5796
0.0146147 18.9333
1.30806 11.0785
0.748578 13.0101
1.25191 11.2445
18.6824 0.0225995
0.375108 14.8976
0.207459 16.1341
0.0225857 18.6798
1.04898 11.8888
0.027826 18.5398
18.5635 0.026772
13.9197 0.549596
16.6888 0.149757
15.842 0.242111
15.4418 0.294697
13.0087 0.749253
17.6375 0.0742315
10.6621 1.45649
13.7616 0.581718
11.4863 1.17388
18.7814 0.0192122
10.8225 1.39809
14.6939 0.408161
19.2942 0.00633885
7.35456 3.09838
14.3767 0.463041
7.36426 3.09208
13.6434 0.60605
13.6367 0.607455
10.5455 1.50047
15.4714 0.290333
18.2356 0.0407696
1.5123 10.5137
1.13574 11.6058
0.86062 12.5646
0.783543 12.8663
1.66823 10.116
2.80852 7.81992
5.49948 4.525
1.01893 11.9926
1.24964 11.2529
2.79826 7.83732
0.302022 15.3897
0.650804 13.4352
0.131264 16.8909
2.5413 8.2836
1.83906 9.71052
1.8132 9.77023
1.40498 10.8053
0.907574 12.3867
1.47588 10.6105
1.38379 10.8624
0.0374986 18.3058
0.162214 16.5601
0.165836 16.5239
0.815293 12.7395
0.479062 14.2902
0.474868 14.3134
0.242135 15.8437
11.883 1.05055
8.92412 2.20476
8.9217 2.20592
16.8888 0.131604
7.55392 2.97115
12.9543 0.762636
12.0662 0.996993
10.9144 1.36525
10.9028 1.36936
10.3716 1.56666
11.069 1.31171
11.0711 1.31102
14.0918 0.51586
19.4528 0.00387331
14.8559 0.381828
12.678 0.831111
17.3049 0.0976015
13.8502 0.5634
13.7543 0.582877
0.103351 17.228
0.00881637 19.1692
0.177833 16.411
0.1811 16.375
2.32523 8.68658
0.40891 14.6898
0.111295 17.134
0.0879875 17.4363
0.708608 13.1822
1.73354 9.95715
0.00547169 19.3454
0.0937037 17.3577
0.507332 14.1367
1.25153 11.2461
5.2361 4.77032
1.48281 10.5921
2.69763 8.00792
1.04633 11.8972
1.94842 9.46401
1.49618 10.5566
4.31548 5.73528
3.05899 7.41587
1.20704 11.3805
1.59972 10.2871
1.0214 11.9825
0.951807 12.2286
1.0912 11.7482
0.256456 15.7271
0.29685 15.4248
0.577845 13.7796
0.863209 12.5533
0.608728 13.6316
1.89084 9.59177
0.55282 13.9036
0.553198 13.9007
0.363869 14.9686
0.584074 13.7484
0.476069 14.306
0.656761 13.4083
0.859522 12.5682
1.28708 11.1409
3.5985 6.63171
2.23028 8.87303
1.94026 9.48202
1.38029 10.8738
0.827521 12.6916
1.11719 11.6639
0.318586 15.2702
0.0536357 17.9823
0.727827 13.0993
0.152273 16.6623
0.272471 15.6037
0.458323 14.4031
0.210469 16.1081
0.114547 17.0886
0.203171 16.1719
8.04331 2.67695
4.51774 5.50777
5.3283 4.68223
3.76025 6.41609
2.84345 7.76128
2.96749 7.56022
6.01888 4.07563
2.96116 7.57035
2.93118 7.61805
2.06861 9.20562
1.18619 11.4451
0.623662 13.5603
4.21393 5.85443
4.68539 5.32493
1.84798 9.68959
3.87989 6.26215
1.52388 10.4826
0.60987 13.6262
0.628379 13.5387
3.37213 6.94844
2.48875 8.37851
2.85178 7.74786
4.08628 6.00612
17.0207 0.120331
19.0521 0.0115174
14.7257 0.403022
14.7517 0.398718
9.47652 1.94336
10.1438 1.65717
10.0621 1.69032
10.5383 1.50315
10.1093 1.67091
8.4688 2.43992
7.9868 2.70953
11.2094 1.26359
8.73467 2.30154
11.7087 1.10329
7.85434 2.78793
15.6281 0.269305
11.8722 1.05481
11.8738 1.05409
9.03918 2.14821
11.3048 1.23205
15.229 0.324578
12.5522 0.863926
14.9562 0.365849
13.5658 0.622622
14.3708 0.464325
14.8398 0.384384
12.0864 0.991518
17.9919 0.0532254
17.2147 0.104379
13.5561 0.624947
0.737838 13.0562
4.36083 5.68398
4.53229 5.49144
1.19724 11.4108
1.73468 9.95483
2.68669 8.02615
2.44095 8.46924
11.3426 1.21939
11.0926 1.30322
7.83075 2.80181
13.0956 0.728284
14.186 0.498012
14.2423 0.487551
18.8388 0.0173679
12.2543 0.943929
13.9688 0.539989
11.9411 1.03401
13.424 0.653295
14.4477 0.450472
10.6997 1.44279
10.3579 1.57226
14.9996 0.3591
14.1379 0.507344
8.52186 2.41166
11.4344 1.1899
16.8682 0.133258
16.8728 0.132898
16.884 0.131882
14.5954 0.42502
15.9745 0.225938
12.6006 0.851213
14.2811 0.480436
16.3868 0.17985
11.8364 1.0646
12.9203 0.770296
15.1781 0.332476
5.6749 4.36803
4.65035 5.36266
5.45758 4.56301
4.5072 5.52092
4.27637 5.7802
5.2937 4.71641
4.89801 5.10324
4.8908 5.11066
5.40161 4.61585
7.75536 2.84819
7.92789 2.74525
6.62162 3.60686
3.684 6.51781
8.81512 2.25973
8.37946 2.48825
6.35819 3.80498
1.50493 10.5326
6.98331 3.34723
5.81499 4.24668
1.84011 9.70731
2.7305 7.95114
2.73819 7.93784
0.000400138 19.8231
0.508395 14.1311
0.167877 16.5035
0.529017 14.0237
0.777908 12.8895
1.01385 12.0098
0.860449 12.5659
0.812289 12.7514
1.26081 11.2177
1.80334 9.79297
2.9421 7.60257
4.73693 5.27081
1.97722 9.40049
3.19039 7.21489
1.3814 10.869
1.70931 10.0169
1.56925 10.3661
2.45284 8.44475
4.47119 5.56006
2.60581 8.16773
3.15516 7.26783
2.60499 8.16919
3.22251 7.16639
3.17213 7.24232
2.49868 8.36114
2.49341 8.37056
3.7038 6.49273
2.16099 9.01303
1.53037 10.4656
1.81536 9.7643
6.99024 3.34258
2.88387 7.69476
3.78279 6.38714
3.02853 7.4632
1.57456 10.3512
4.45032 5.58238
2.16244 9.01015
1.03015 11.9543
1.64039 10.185
0.33657 15.1479
2.50964 8.34037
3.91755 6.21474
3.57586 6.6623
2.70435 7.99622
2.20002 8.9339
5.24113 4.76509
1.75765 9.89968
3.38366 6.93092
2.71392 7.97958
2.71058 7.9854
2.23581 8.86325
3.50043 6.76635
4.07756 6.01647
4.16861 5.9077
0.509708 14.1258
1.90631 9.55763
3.26517 7.10393
2.93943 7.60552
2.54522 8.27579
2.98547 7.53297
3.29522 7.05919
0.65898 13.3982
1.61166 10.2571
1.442 10.7026
3.34309 6.9894
3.93886 6.18779
5.05332 4.94721
6.8724 3.42513
6.48356 3.70892
5.16828 4.83452
9.58875 1.89219
8.23581 2.56803
6.04654 4.05389
6.04831 4.05244
6.73316 3.52437
6.62953 3.60009
5.64662 4.3927
8.22956 2.57096
4.95668 5.04372
12.5471 0.864832
12.2941 0.933025
9.55636 1.90674
7.47653 3.02007
10.6031 1.47839
10.4523 1.53553
8.83757 2.248
5.97094 4.11565
11.9863 1.02014
6.1548 3.96523
3.46693 6.81303
4.5035 5.52257
4.98401 5.01694
6.93556 3.38065
8.11414 2.63698
8.04572 2.67571
6.60217 3.62087
7.47991 3.01855
7.90472 2.75807
6.44224 3.74028
5.95342 4.13066
11.7481 1.09124
8.94178 2.19619
5.3852 4.62919
10.2434 1.61729
7.13469 3.24399
5.65962 4.38156
4.45877 5.57273
2.94866 7.58994
5.42357 4.59426
5.54422 4.48508
2.8325 7.77928
4.05201 6.04789
3.39359 6.9168
3.38154 6.93409
6.01555 4.0785
5.91037 4.16573
3.61589 6.6081
5.10528 4.89584
4.56249 5.45766
3.96725 6.1521
5.81173 4.25004
5.56871 4.46201
5.02954 4.97225
4.13265 5.95002
4.26106 5.79887
4.24875 5.81328
0.228267 15.9587
0.136638 16.8314
0.387847 14.8186
9.94065 1.74062
0.438807 14.5159
0.704249 13.2005
0.392069 14.7916
0.14151 16.7779
1.44898 10.6826
0.875615 12.5082
1.34635 10.9682
2.26394 8.80662
0.117738 17.0532
2.07431 9.19496
2.0693 9.20293
0.287442 15.4967
0.587149 13.7338
0.790965 12.8376
2.99834 7.51072
1.93128 9.50139
1.93664 9.48951
2.7843 7.86094
1.20968 11.3725
13.0891 0.729864
11.5668 1.14741
14.9796 0.362161
8.89029 2.22156
9.07097 2.13257
11.1511 1.28328
9.23077 2.05693
14.0194 0.530288
0.824476 12.703
0.799865 12.802
1.52412 10.4824
0.913118 12.3677
0.977656 12.134
0.910235 12.378
1.48382 10.5909
0.12374 16.9775
2.28169 8.77178
0.725702 13.1065
1.43917 10.7099
1.79529 9.81137
1.26254 11.2126
0.0543726 17.9693
0.462459 14.38
1.70866 10.018
1.33606 10.9976
1.33889 10.9895
0.605495 13.6477
0.40582 14.7097
0.229306 15.9464
0.0415693 18.2181
5.02094 4.97944
5.43984 4.57885
7.68483 2.88996
8.5486 2.39736
8.56924 2.38647
7.79379 2.82391
7.09092 3.27341
7.42643 3.05197
7.91801 2.74978
0.189998 16.2913
0.330006 15.1945
0.700901 13.2128
0.969708 12.162
0.962484 12.1877
7.99181 2.70739
12.8448 0.789222
10.5275 1.50689
9.89176 1.761
7.69444 2.88452
6.8518 3.43955
7.17175 3.2189
4.75018 5.25634
4.76325 5.24273
4.74521 5.26148
2.9644 7.56527
8.68274 2.32711
6.06298 4.04115
6.42557 3.75341
10.7259 1.43305
11.2413 1.25318
2.60891 8.16211
12.3705 0.912324
5.6864 4.35999
6.31262 3.8402
0.166613 16.5191
0.0793233 17.5603
0.33198 15.1809
0.698766 13.2225
1.10272 11.7105
1.1055 11.7016
0.36138 14.9877
9.9188 1.74961
16.2105 0.19884
18.2842 0.0386806
12.7122 0.822152
15.6489 0.266665
17.8957 0.0585522
5.00912 4.99107
3.98132 6.13491
6.58173 3.63546
7.15435 3.2307
3.41802 6.88226
9.75808 1.81825
3.23203 7.15222
2.32949 8.67852
6.64511 3.58856
7.20452 3.19701
7.19099 3.20601
9.1327 2.1029
8.26017 2.5539
7.24957 3.16711
12.4297 0.896036
11.1793 1.27401
13.612 0.612696
15.5302 0.282309
13.7914 0.575272
11.9786 1.02238
12.3305 0.923128
12.3123 0.928167
12.6296 0.84338
17.5511 0.0799422
12.1268 0.979721
11.5693 1.14655
13.6341 0.608216
16.323 0.186683
16.3351 0.185377
16.6364 0.154758
17.5388 0.0807777
17.2134 0.104646
2.77705 7.8734
6.25636 3.88455
5.44858 4.57119
5.26225 4.74454
1.36956 10.9033
1.28533 11.145
1.36685 10.9109
1.4908 10.5701
4.6003 5.41636
0.706121 13.1902
2.99627 7.51399
1.11671 11.665
1.41117 10.7899
2.07525 9.19055
14.7147 0.404905
16.4577 0.172859
11.972 1.02452
14.5847 0.426825
0.658813 13.3996
0.0468838 18.1108
0.0841362 17.4943
0.199721 16.2074
0.605726 13.646
0.587952 13.7302
0.58894 13.7251
0.490785 14.2257
0.492753 14.2152
0.432394 14.5509
2.59063 8.19508
3.65986 6.54879
4.48339 5.54478
2.51805 8.32545
4.66898 5.34356
1.92972 9.50513
7.28996 3.14095
5.66775 4.37457
4.59388 5.42397
7.00659 3.33264
2.97531 7.54907
0.68658 13.2773
0.489839 14.2305
2.42388 8.49902
0.2913 15.464
0.795776 12.818
1.31706 11.0525
1.21534 11.3551
2.00563 9.33941
2.0557 9.23202
9.19709 2.0721
7.93603 2.7396
6.08369 4.02319
6.08188 4.02459
8.4792 2.43467
8.29986 2.53239
5.56378 4.46652
9.16961 2.08551
7.28853 3.14145
7.29311 3.13846
7.53362 2.9842
6.88873 3.41332
6.19509 3.93296
6.18202 3.94338
5.76556 4.29118
5.167 4.83574
5.35455 4.6576
3.352 6.97676
5.73091 4.3191
9.37197 1.99028
13.2837 0.684834
10.3457 1.57671
10.5804 1.48705
11.6784 1.11279
12.1824 0.964791
6.10129 4.0088
4.9045 5.09719
6.01303 4.08065
5.07006 4.93046
4.19718 5.87335
6.91896 3.39203
5.32525 4.6859
6.29089 3.85772
3.77351 6.39883
8.1033 2.64228
7.59577 2.94502
7.59813 2.94356
5.1709 4.83202
2.32603 8.68599
4.57186 5.44763
7.93305 2.74093
4.08057 6.01394
1.07091 11.8154
5.02335 4.97774
3.28683 7.07298
1.34859 10.9632
5.22714 4.77816
3.75693 6.42145
3.75795 6.42013
0.0603365 17.8636
0.625023 13.5549
0.219546 16.0288
0.980666 12.1241
1.02504 11.97
1.3586 10.9333
1.21813 11.3499
5.30367 4.70566
5.04174 4.95844
1.16327 11.5179
1.49693 10.5544
19.3902 0.00473593
18.6527 0.0234927
12.7292 0.81783
13.6227 0.61098
14.0345 0.528088
12.4612 0.888945
9.45842 1.95159
12.4096 0.902093
7.34235 3.10669
6.70717 3.54359
2.36425 8.6115
4.93853 5.06271
5.47491 4.54851
6.55689 3.6554
7.43681 3.04603
6.84082 3.44713
4.72866 5.28005
4.85538 5.14725
5.1447 4.85755
5.36907 4.64449
5.16405 4.8387
9.53268 1.9179
9.23942 2.05213
6.23278 3.90373
8.26302 2.55261
7.18641 3.20976
8.75457 2.29015
8.74416 2.29548
4.84833 5.15407
3.69494 6.50269
9.28267 2.03203
11.7859 1.07981
8.60982 2.36562
11.0537 1.31698
7.98188 2.71273
0.0661278 17.7677
16.0916 0.212259
7.76662 2.84014
15.068 0.348889
11.8816 1.05139
12.3486 0.917972
17.3988 0.0905711
9.80568 1.79791
14.3493 0.467989
11.8845 1.05051
16.1803 0.202248
16.1707 0.203363
14.4525 0.449574
11.3195 1.2279
0.415071 14.6528
0.304294 15.3705
0.209978 16.1114
0.0481448 18.0915
13.212 0.70109
15.7863 0.248939
13.8475 0.563996
14.6406 0.417221
16.9724 0.124246
16.9854 0.123129
15.848 0.241422
15.8943 0.235665
2.51361 8.33315
5.16572 4.83763
4.28773 5.76817
4.23653 5.82671
11.8341 1.06624
11.1409 1.28679
11.1481 1.28433
4.92954 5.07134
15.694 0.260685
10.9327 1.35894
11.6836 1.11135
10.511 1.51374
5.33423 4.67774
9.20805 2.06694
9.52085 1.92268
5.8141 4.24729
4.0004 6.11137
7.08458 3.27796
7.72678 2.86443
5.27198 4.73621
2.77352 7.87816
5.94193 4.13939
4.46944 5.56205
4.43677 5.59713
6.34606 3.81438
8.94704 2.19329
6.92108 3.39143
9.40419 1.97548
8.06683 2.66321
7.29643 3.13625
15.5498 0.279696
15.5902 0.274443
8.0059 2.69844
12.5541 0.862978
4.2821 5.77353
7.51553 2.99529
11.4735 1.17697
9.69108 1.84713
8.06457 2.66485
5.77445 4.28143
8.4665 2.4413
2.42365 8.49983
2.98888 7.52598
6.37007 3.79639
2.88711 7.69026
5.51358 4.51155
4.91322 5.08756
0.449649 14.452
0.247045 15.802
1.12619 11.6352
2.8904 7.68437
2.39476 8.5535
2.46733 8.41818
0.279342 15.5521
0.934961 12.2877
0.996481 12.0682
0.234998 15.9005
3.56566 6.67641
3.95821 6.16517
3.9806 6.13618
3.16372 7.2547
4.43341 5.60091
2.1298 9.07893
0.104681 17.2126
0.0845848 17.4866
0.169077 16.4915
0.378514 14.876
0.094024 17.3514
0.266907 15.6485
0.271014 15.6157
1.27121 11.1883
0.555809 13.8877
7.43245 3.04812
15.3041 0.313874
13.0986 0.727931
13.7861 0.576826
17.9975 0.0528036
9.77414 1.81112
14.7097 0.405769
14.0898 0.516234
14.673 0.411915
14.2481 0.486658
18.9228 0.0150267
16.4965 0.168611
15.2812 0.316995
12.3355 0.921993
11.6548 1.11985
11.7206 1.09956
10.2501 1.61532
9.83744 1.78403
10.8346 1.39383
13.0254 0.74576
10.2833 1.6024
17.7915 0.064588
11.8107 1.07219
18.2747 0.0389111
17.5721 0.0786566
18.2578 0.0396988
19.0769 0.0109277
17.7977 0.0642151
12.4905 0.879902
14.146 0.506129
4.33416 5.71397
3.23508 7.14782
4.59435 5.42299
11.2905 1.23662
4.12823 5.95551
8.21876 2.57718
6.59174 3.62846
8.2073 2.5836
2.7918 7.84726
3.51279 6.74927
2.70696 7.9911
2.71285 7.98102
1.46782 10.6316
2.15738 9.02005
1.9658 9.42539
2.02047 9.30749
0.776542 12.8952
1.73583 9.95201
12.8984 0.775752
4.47938 5.54968
9.82024 1.79144
10.426 1.54598
8.73835 2.29908
7.21121 3.19287
10.499 1.51762
8.43357 2.45886
8.4388 2.45604
3.13352 7.30458
2.76988 7.88405
0.353903 15.0338
2.2829 8.76877
1.80467 9.78958
13.4363 0.650724
12.7058 0.823962
16.0993 0.211688
17.0415 0.118469
13.5124 0.634094
14.9234 0.371042
18.1381 0.0454775
19.3806 0.00500893
15.1856 0.330972
15.1374 0.338132
6.52633 3.67679
6.80195 3.47502
6.51318 3.68663
10.2941 1.59709
12.2041 0.958042
1.11572 11.6682
3.18679 7.21988
1.16455 11.5125
1.85845 9.66538
2.19021 8.95327
2.18783 8.95808
1.30748 11.0808
1.46178 10.6483
2.56849 8.23557
2.90417 7.66174
3.65502 6.55564
5.42639 4.59122
7.21569 3.1916
7.2256 3.18516
4.22142 5.84656
15.2263 0.325207
11.6767 1.11344
9.43019 1.96359
9.05685 2.14072
6.05854 4.04324
10.8337 1.39399
11.056 1.31632
9.06085 2.13769
3.38087 6.93502
7.70108 2.88116
5.19896 4.808
5.31824 4.69162
1.4201 10.7617
3.68725 6.5123
4.80544 5.19842
4.80892 5.19486
2.00335 9.3438
6.17855 3.94648
4.77425 5.23099
6.07925 4.02622
3.31387 7.03182
4.86286 5.14075
4.87354 5.1299
18.5675 0.0266647
18.5722 0.0264823
15.7186 0.258096
14.827 0.386341
19.2428 0.0073762
16.6989 0.149072
19.2447 0.00733698
0.780028 12.8823
0.71685 13.1446
0.669073 13.3536
0.492401 14.2169
0.147349 16.7172
0.0436311 18.1812
0.0774779 17.5885
0.0143466 18.9455
0.247034 15.8064
0.642871 13.4737
0.224122 15.9913
0.314411 15.2999
0.315797 15.2901
11.0165 1.32964
8.18117 2.59905
9.31447 2.01715
13.0763 0.732775
11.0233 1.32713
7.49772 3.00831
6.01587 4.07846
10.6495 1.46193
10.6468 1.46298
9.62462 1.87685
13.1934 0.705457
10.0655 1.689
10.0581 1.69201
17.2554 0.101264
8.28367 2.5417
10.2314 1.62182
13.249 0.692655
0.870032 12.5273
0.146771 16.7258
0.0189064 18.7892
0.0188573 18.7907
13.2315 0.696932
12.5 0.87731
14.4453 0.451051
16.5515 0.163118
10.1575 1.65155
10.5397 1.50263
15.9945 0.223971
17.6874 0.0710697
15.408 0.29903
11.8536 1.05936
9.09481 2.12139
15.0223 0.355554
11.0827 1.30669
12.1453 0.97484
13.8139 0.570802
10.5751 1.489
7.91531 2.75237
9.13342 2.10244
14.5226 0.437306
11.9459 1.03266
14.1472 0.505481
16.7225 0.146595
17.8883 0.0588916
17.9055 0.0579105
3.12233 7.31787
1.43654 10.7163
1.70674 10.0219
3.04339 7.43987
2.08589 9.16967
0.33899 15.1316
0.562418 13.8549
3.06565 7.40608
1.63588 10.198
1.63333 10.2027
1.89328 9.58639
0.0697165 17.7081
1.68513 10.075
1.088 11.7598
1.41705 10.77
16.7744 0.141738
16.7593 0.143139
14.0586 0.522277
6.69375 3.55332
5.22441 4.78057
3.1503 7.27531
4.87656 5.125
3.40627 6.89868
7.41074 3.06254
4.28399 5.77204
5.78464 4.27275
5.87501 4.19677
6.23875 3.89822
6.25929 3.88245
4.78699 5.2183
0.401515 14.7355
1.68734 10.069
1.82683 9.7379
0.536302 13.9878
1.27725 11.1689
0.124397 16.9708
0.62431 13.5589
0.683793 13.2882
0.00292573 19.5248
0.0389679 18.2808
0.202664 16.178
0.0997883 17.2748
0.0280895 18.5311
12.6989 0.825533
16.9531 0.12583
10.6262 1.47007
5.45697 4.56302
6.72031 3.53359
7.78482 2.82927
11.5218 1.16211
11.6198 1.13092
11.638 1.12521
1.62279 10.2288
0.844999 12.6231
0.130321 16.9017
0.276765 15.572
1.28359 11.1509
0.6545 13.4185
0.0860911 17.4617
0.120579 17.0174
1.05604 11.8647
0.633597 13.5176
7.99812 2.70294
12.4181 0.899142
6.86451 3.43057
10.7771 1.41459
12.1237 0.980573
9.50649 1.92927
14.5486 0.432846
10.9733 1.34501
10.7216 1.43462
12.213 0.956129
9.18526 2.0777
11.9366 1.03472
13.7234 0.589282
3.50801 6.7574
5.21355 4.79271
2.83008 7.78496
4.32438 5.72463
3.27062 7.09505
8.32321 2.51902
4.85267 5.14968
2.75166 7.91711
4.70467 5.30452
4.3513 5.69412
7.42157 3.05528
7.58831 2.94997
4.76852 5.23749
3.03529 7.45343
5.48781 4.53526
4.3414 5.70521
5.89502 4.17867
5.92595 4.15373
2.22519 8.88299
0.361926 14.9813
1.11067 11.6857
0.514213 14.1005
0.512546 14.1094
0.513827 14.1027
2.11058 9.11658
1.09121 11.7479
0.738646 13.0525
2.6214 8.14052
4.07492 6.01996
4.71802 5.29018
5.15619 4.84634
4.41015 5.62686
5.41149 4.60478
9.38988 1.98205
4.78263 5.22429
5.67248 4.37116
3.78516 6.3837
8.79715 2.2685
8.7999 2.26712
4.14974 5.92948
4.14228 5.93845
6.63715 3.59525
8.81207 2.2612
12.7502 0.813235
19.017 0.0123845
13.6973 0.594956
11.451 1.1843
12.7995 0.800243
12.0561 0.999914
8.16951 2.6052
9.63828 1.8707
11.3302 1.22352
5.94263 4.13911
9.01531 2.16015
7.53637 2.98248
16.2015 0.199965
16.354 0.183492
16.2442 0.195356
13.6202 0.611383
0.596545 13.6884
1.17176 11.4906
1.59885 10.2893
0.680851 13.3033
0.625412 13.5521
0.58298 13.7542
0.428462 14.5743
0.427921 14.5774
14.0069 0.532666
15.5087 0.28548
13.2189 0.699797
14.8144 0.388387
9.45976 1.9514
19.1406 0.00949438
15.7664 0.251717
10.2628 1.60929
8.81313 2.26045
11.993 1.01876
13.9965 0.534309
13.9874 0.536073
5.56704 4.4648
4.92735 5.07402
3.23072 7.1562
2.85341 7.7448
2.55175 8.26444
2.42062 8.50603
1.45747 10.6606
0.542527 13.9547
1.81917 9.75751
2.18218 8.96967
2.70455 7.99572
2.43277 8.48457
2.54083 8.28405
1.12443 11.6402
1.57115 10.3604
1.58532 10.3242
1.18918 11.4362
1.30274 11.0945
0.0365821 18.3288
1.66218 10.1321
0.896709 12.427
4.52685 5.49684
4.95663 5.04615
4.70222 5.31048
3.72688 6.46043
3.73043 6.45517
3.75968 6.41725
8.88716 2.22378
1.5367 10.4492
3.02549 7.46813
3.61972 6.60281
3.61092 6.61518
3.60652 6.62098
6.57886 3.63758
10.9605 1.34928
10.6435 1.46343
12.7157 0.821333
9.3139 2.01754
10.3706 1.56736
10.3814 1.5631
5.55505 4.47416
1.76067 9.89283
2.66508 8.06349
4.40401 5.63455
3.83669 6.31715
5.09488 4.90668
3.14679 7.28197
2.86367 7.73183
4.58514 5.43372
5.8619 4.20674
3.52885 6.72805
6.6322 3.59796
3.26247 7.1071
3.93521 6.19398
5.08793 4.9132
4.76098 5.24493
11.1424 1.28624
8.56058 2.39115
7.86765 2.7797
11.5589 1.14984
11.6362 1.12563
12.8022 0.800081
9.71935 1.83481
9.94242 1.73976
7.79013 2.82651
9.70457 1.84192
10.5667 1.49209
11.1723 1.27613
0.777075 12.8937
0.774206 12.9049
1.21604 11.3532
1.76258 9.88961
1.25884 11.2236
2.13645 9.06361
1.34084 10.9844
1.79787 9.80654
0.165191 16.5318
0.0731351 17.6543
0.0363108 18.3322
0.0299145 18.4833
2.85927 7.7368
4.17148 5.90508
3.31807 7.02887
2.25894 8.81602
1.3578 10.9356
1.59877 10.2915
1.97551 9.40431
3.54486 6.70482
2.02542 9.29694
3.39222 6.92269
2.12221 9.09271
1.36377 10.9199
1.05887 11.8558
1.55494 10.4034
1.21371 11.3609
0.340063 15.1275
7.01302 3.32704
6.42254 3.75621
6.46802 3.72252
8.09735 2.64581
5.25162 4.75459
7.44998 3.03733
4.18932 5.88234
4.18295 5.88989
4.18161 5.89148
2.23089 8.87197
4.06297 6.03558
4.0088 6.10076
4.16031 5.91693
2.24336 8.84776
4.22344 5.84287
3.1683 7.2485
3.74367 6.43796
5.53267 4.49458
6.14973 3.97125
5.54619 4.48235
6.19853 3.93021
8.7321 2.30175
3.33973 6.99535
6.51653 3.68502
12.0739 0.994926
13.7367 0.58652
19.2149 0.00788972
19.2156 0.00788652
18.4398 0.031715
15.4863 0.288228
17.0654 0.116361
18.026 0.0513425
14.9691 0.364214
18.5913 0.0257483
19.0483 0.0116548
17.1383 0.110422
2.63283 8.11996
7.58248 2.95417
6.75032 3.51248
13.1615 0.712858
10.1365 1.65995
8.02774 2.6857
7.86711 2.77991
4.83616 5.16743
3.05063 7.43042
0.74784 13.0142
2.33609 8.66633
1.76556 9.88091
1.77212 9.86542
1.46074 10.6509
0.991166 12.0898
1.17546 11.4796
1.19859 11.4065
0.946228 12.2458
0.236964 15.883
0.111552 17.1247
0.575817 13.7906
1.07338 11.8082
0.0437316 18.1766
0.471309 14.3313
0.707333 13.1851
1.50055 10.5442
1.24424 11.2677
1.24215 11.274
0.446899 14.4679
0.785932 12.8566
0.789813 12.8409
1.04503 11.9024
0.594035 13.701
1.82823 9.73779
2.08005 9.18043
2.09246 9.15538
5.7177 4.33048
2.32415 8.68846
3.47978 6.79499
3.47783 6.79777
3.47342 6.80395
12.2044 0.957796
5.96888 4.11688
5.97119 4.11496
10.4405 1.54083
8.19857 2.58831
4.02409 6.08243
5.29939 4.70957
7.39667 3.07111
6.39066 3.77981
7.99904 2.70274
3.45016 6.8369
6.96521 3.35979
5.79117 4.26805
5.36219 4.65093
5.30193 4.70694
7.12819 3.24826
5.94121 4.14019
2.41848 8.50883
6.46861 3.72061
6.4809 3.71136
2.34907 8.64062
4.59863 5.4183
5.62344 4.41381
4.96398 5.03653
6.05166 4.04866
6.05139 4.04973
4.93302 5.06746
4.94328 5.05716
4.80802 5.19602
7.22981 3.18082
2.05034 9.24453
4.96424 5.03602
4.96215 5.03817
4.973 5.02748
3.59247 6.63971
17.6902 0.0708679
11.6891 1.10926
18.4805 0.0300327
15.1902 0.330278
12.778 0.806448
17.1031 0.113701
15.4469 0.293819
12.0182 1.01136
0.534576 13.995
1.02316 11.9776
0.92645 12.3179
0.628413 13.5381
1.64327 10.1785
1.61658 10.2452
0.303326 15.3784
0.97969 12.1273
0.0130402 18.9956
0.404143 14.7181
7.60966 2.93671
5.91851 4.1589
5.91801 4.15932
0.113432 17.1012
0.318714 15.2698
0.665063 13.371
0.66369 13.3772
3.26721 7.10033
0.844263 12.6266
0.782327 12.8732
0.495222 14.2011
0.353081 15.0384
0.641047 13.4803
1.12502 11.6399
1.86553 9.64908
0.674585 13.3284
0.478708 14.2916
0.00090245 19.7344
3.2655 7.10314
0.531441 14.0121
0.755627 12.9807
0.0104662 19.096
0.157711 16.607
0.440725 14.5049
0.0753506 17.621
0.0398045 18.2565
0.57348 13.8006
0.279202 15.5555
0.0654802 17.7769
12.8911 0.777563
8.62012 2.36021
9.24565 2.04917
9.24468 2.04957
6.10794 4.00336
9.08281 2.12684
9.50287 1.93067
8.57878 2.38146
7.67998 2.89316
11.3876 1.20477
9.87062 1.77014
7.32045 3.12055
8.48864 2.42927
8.40633 2.47446
7.8628 2.78311
15.1212 0.340698
15.1261 0.339805
15.3662 0.305182
15.3573 0.306376
16.2857 0.190609
3.06929 7.40043
2.65048 8.08904
2.50496 8.34885
2.56517 8.24002
1.26195 11.215
2.03256 9.28093
2.20777 8.9188
2.90411 7.66195
1.03381 11.9407
1.68226 10.0817
3.85906 6.2886
4.04379 6.05761
4.47298 5.55655
2.66385 8.06594
3.85222 6.29728
2.30712 8.72214
6.30409 3.84725
4.44699 5.58544
4.57957 5.43995
1.54335 10.4319
0.0308154 18.4617
1.14297 11.5808
1.09942 11.7224
0.150971 16.6758
3.35498 6.97253
1.58782 10.3174
3.79639 6.36935
4.82579 5.17779
2.98321 7.53564
4.31408 5.73651
1.394 10.8348
3.99633 6.11752
3.55458 6.69412
2.08962 9.16045
3.70066 6.49472
2.05518 9.23302
2.83011 7.78338
2.57148 8.22888
8.54031 2.40211
5.76856 4.28637
8.09878 2.64485
6.31184 3.84081
7.73762 2.85779
4.76168 5.24423
4.76542 5.24032
4.68456 5.32579
3.25397 7.12118
1.82509 9.74209
1.24645 11.2608
2.52902 8.30637
0.829019 12.6859
1.13947 11.5964
2.22212 8.88913
12.0417 1.0041
14.7873 0.392941
13.1577 0.713841
11.2878 1.23748
12.2793 0.93714
12.2777 0.937529
6.77852 3.49276
9.32735 2.01143
12.9582 0.761086
13.4573 0.64647
0.924471 12.3249
0.0350027 18.3636
0.0562159 17.9367
0.265903 15.6551
0.40279 14.7303
0.178291 16.4052
0.280112 15.5478
2.09842 9.14181
2.49462 8.36879
0.8659 12.5436
2.01335 9.32382
2.48461 8.38684
2.18022 8.97351
2.60829 8.16314
2.18894 8.95618
3.00298 7.50359
2.27192 8.79051
2.04328 9.25819
2.04008 9.26494
2.04642 9.25139
1.76051 9.89435
1.94957 9.46113
1.69905 10.0423
11.9256 1.03818
8.38578 2.48478
10.0437 1.69773
7.55326 2.97154
7.57481 2.95809
9.56099 1.90507
7.17835 3.21581
7.51063 2.99885
1.65701 10.1454
2.4765 8.40301
7.04212 3.30683
3.92149 6.20972
5.85664 4.21113
4.04273 6.05902
4.1414 5.94043
3.35689 6.96936
2.53354 8.29835
0.0792407 17.5654
0.131142 16.8936
0.25692 15.7233
0.26053 15.6958
0.00432488 19.4165
1.40112 10.8141
1.21875 11.3461
0.74154 13.0394
0.812637 12.7503
0.807442 12.7707
0.38723 14.8219
13.8516 0.563082
10.2252 1.62431
6.86654 3.42967
6.88627 3.41586
6.98627 3.34523
9.35916 1.99644
9.56994 1.90164
8.62805 2.35635
8.17489 2.60166
10.8804 1.37739
8.94053 2.1966
10.2888 1.59947
10.9212 1.36297
9.55172 1.90874
3.88785 6.25187
4.28029 5.77585
5.54991 4.47901
12.0084 1.01384
5.12256 4.88019
6.16766 3.95527
6.12521 3.98893
5.49398 4.5293
5.6314 4.40702
5.1134 4.88852
5.61614 4.41996
0.347852 15.0743
0.308953 15.3375
0.0224074 18.6892
0.200863 16.1942
0.506508 14.141
0.132167 16.8893
0.457016 14.4113
0.461208 14.3878
0.454053 14.428
0.398428 14.753
14.2917 0.478675
16.6154 0.156823
12.6764 0.83151
14.7521 0.398534
18.3673 0.0349904
15.2597 0.320502
18.0499 0.0502659
16.6721 0.151332
8.33071 2.51568
7.08595 3.2769
6.85427 3.43789
4.80386 5.20073
6.82376 3.45929
5.76077 4.29386
2.96577 7.56259
15.9148 0.23312
12.7833 0.804194
10.9635 1.34802
12.7938 0.801543
11.0892 1.30447
13.3056 0.679748
9.12366 2.10779
11.324 1.226
14.2447 0.487234
10.0541 1.69395
11.4073 1.19829
11.3645 1.21231
8.64414 2.34717
10.4929 1.52016
9.3093 2.01933
10.702 1.44183
9.10685 2.11564
10.5517 1.4977
8.20834 2.58328
8.70569 2.3156
10.39 1.55945
7.3603 3.09504
15.2124 0.327051
13.5026 0.636086
10.5722 1.4901
15.2545 0.320901
10.1597 1.65048
7.03714 3.31024
12.01 1.01375
7.79776 2.82145
0.945346 12.2497
4.61782 5.39782
4.25435 5.80608
2.66946 8.05636
3.13395 7.30357
3.0811 7.3813
1.32715 11.0233
2.39016 8.56221
0.894899 12.4339
0.811273 12.7594
1.65423 10.1512
1.16479 11.5118
1.61712 10.245
1.84263 9.7016
1.84843 9.68823
2.96234 7.57023
3.38428 6.93063
0.00293394 19.5185
0.0338093 18.3898
2.30958 8.71894
0.418851 14.6311
0.0115132 19.0524
0.108201 17.1661
0.0909385 17.3956
0.638134 13.4934
0.82758 12.691
0.174602 16.4372
0.735675 13.0642
0.761756 12.9561
0.575162 13.7946
0.0215603 18.7082
0.207877 16.1337
0.181254 16.3734
0.994052 12.0767
0.222793 16.0011
1.05933 11.8537
0.482593 14.2692
1.04362 11.9069
1.04174 11.9132
0.554981 13.8923
0.341352 15.1159
0.365862 14.9569
0.342214 15.1102
0.503253 14.1587
0.015049 18.9181
0.151128 16.6756
13.3875 0.661773
7.8093 2.81515
10.2129 1.62964
13.6983 0.594847
14.3703 0.464784
11.2698 1.24346
11.2721 1.24275
11.3166 1.228
1.88495 9.60529
0.707155 13.1858
0.927819 12.3151
0.548937 13.9221
0.690996 13.2573
0.543635 13.949
0.528972 14.0238
2.33572 8.66668
2.37656 8.58831
0.191704 16.2777
0.414505 14.659
0.292732 15.4572
0.724757 13.1127
6.81396 3.46805
12.3216 0.925337
12.3086 0.928859
18.8564 0.0169776
12.1123 0.984023
13.1658 0.712378
14.2947 0.477912
13.1315 0.719775
15.4296 0.296167
15.6683 0.264006
3.81482 6.34597
5.47995 4.54235
3.46402 6.81945
5.6052 4.42957
4.75316 5.25431
8.62346 2.35798
2.07307 9.19746
4.64834 5.36452
5.97911 4.10873
2.90323 7.66421
6.69382 3.55288
3.73488 6.45064
3.66996 6.5353
6.6342 3.59698
5.03654 4.96403
9.44615 1.9566
7.94951 2.73136
5.13526 4.86655
3.48635 6.78628
8.47213 2.4384
5.58915 4.44371
5.64256 4.39748
9.76151 1.81731
2.02835 9.29018
4.694 5.31725
6.0987 4.01046
6.02402 4.07218
5.16024 4.84244
5.15316 4.84935
4.20856 5.85965
2.71115 7.98395
7.175 3.21736
6.62387 3.60418
12.5315 0.869589
9.87095 1.77007
7.81749 2.80954
7.82607 2.80437
6.97886 3.35051
6.39736 3.77472
6.64997 3.58563
7.10006 3.26798
9.52201 1.92233
6.08875 4.01842
6.71285 3.53991
7.24418 3.17069
8.98246 2.17589
6.54481 3.6629
13.681 0.598067
8.88147 2.22595
11.2672 1.24463
7.70456 2.87803
8.39563 2.4798
2.77533 7.87604
8.66379 2.337
3.77646 6.39505
4.67704 5.33426
3.72434 6.46344
3.1666 7.2527
6.74741 3.51413
6.71974 3.53409
13.5754 0.620408
16.0366 0.218614
9.38511 1.98437
19.5805 0.00227878
12.7899 0.8026
14.0773 0.519007
11.479 1.17533
9.58775 1.89283
7.46382 3.02808
8.54697 2.39855
8.35024 2.50429
9.64501 1.86732
3.91864 6.21299
6.89221 3.4112
7.95481 2.7286
13.0791 0.732191
12.6198 0.846097
7.54422 2.97785
7.78261 2.83048
9.18328 2.07908
15.8059 0.246502
14.3894 0.461129
12.1606 0.971575
10.7595 1.42078
13.1356 0.719236
14.676 0.411172
12.8622 0.784577
14.2043 0.494644
18.8154 0.0181112
16.4314 0.175204
14.2845 0.479798
5.68329 4.36046
3.30292 7.04831
8.61544 2.36218
0.100736 17.262
2.48947 8.37747
0.958977 12.2004
2.13989 9.05601
2.13984 9.0562
2.8581 7.73699
2.48097 8.39286
2.47864 8.3972
7.33091 3.11456
2.08778 9.16492
2.11375 9.11144
3.12493 7.31441
4.97892 5.0213
6.43318 3.7472
2.40689 8.53133
2.98835 7.52756
7.04921 3.30327
6.43635 3.7448
5.00391 4.99621
0.413184 14.665
4.68114 5.32937
18.7309 0.020818
16.3168 0.187255
15.0966 0.344389
13.9116 0.551443
12.4482 0.891466
11.5552 1.15132
8.07867 2.65686
12.6667 0.833833
6.3431 3.81652
13.3446 0.671059
8.0216 2.68927
10.6786 1.45054
8.08227 2.65474
10.3796 1.56357
7.64165 2.91657
8.76285 2.28592
8.78416 2.27507
8.7669 2.28385
4.41161 5.62533
3.85389 6.29548
2.54474 8.27667
3.18354 7.22551
2.73537 7.94248
2.88015 7.70264
2.68794 8.02388
1.97029 9.41549
1.2646 11.2078
1.20395 11.3911
5.20547 4.80019
5.22642 4.7788
4.21866 5.8481
4.26141 5.7979
10.0745 1.68509
6.31155 3.84151
7.62318 2.92912
7.49199 3.01051
8.21692 2.57913
5.74514 4.30676
6.02277 4.07234
13.2885 0.6845
4.52831 5.49543
6.10036 4.00923
9.43324 1.96225
6.54362 3.66374
6.48632 3.70684
0.0163133 18.874
0.32282 15.242
0.326691 15.2144
0.291668 15.4622
0.620236 13.5782
0.248564 15.7929
0.0836037 17.4982
11.488 1.17264
10.3814 1.56306
16.2994 0.189769
11.9343 1.03536
12.2947 0.932809
17.4133 0.0896643
12.0144 1.01204
11.5004 1.16838
12.5369 0.867747
5.65207 4.38792
9.21675 2.06315
9.61721 1.87993
10.2703 1.60726
8.71719 2.30937
8.7116 2.31225
1.57065 10.3623
2.39737 8.54897
2.38346 8.57543
1.87296 9.63223
1.49715 10.5531
2.15393 9.02834
1.98218 9.38997
0.793746 12.8255
1.83436 9.72037
1.06542 11.834
1.39274 10.8372
1.31178 11.0685
1.45236 10.6742
1.45761 10.6602
2.34386 8.65061
0.889244 12.4567
0.92134 12.3361
1.62114 10.233
1.6178 10.2414
2.90813 7.65526
6.2272 3.90735
1.90723 9.55501
1.89673 9.57862
1.08147 11.7804
2.20702 8.9196
2.1516 9.03377
1.93088 9.50366
7.89425 2.76421
7.27621 3.1497
6.25517 3.8863
8.57288 2.38565
6.39379 3.77805
10.7183 1.43593
13.3701 0.665251
11.6027 1.13611
11.788 1.07912
13.1111 0.724923
10.9794 1.34239
13.884 0.556746
8.82904 2.25354
12.2341 0.949517
11.2003 1.26668
14.6626 0.413592
12.2022 0.958714
13.1622 0.712645
14.8991 0.374832
19.5956 0.00207478
13.626 0.609902
15.3335 0.30951
13.4533 0.646832
12.0651 0.997378
13.5232 0.631996
9.43491 1.96178
16.0712 0.214832
9.81418 1.79417
13.5929 0.616786
9.7585 1.81802
2.73105 7.95107
7.75376 2.84821
3.69991 6.49661
5.46681 4.55408
3.68861 6.5112
5.04538 4.95483
3.00575 7.50018
3.81732 6.34206
3.82348 6.33411
4.24563 5.81611
8.08283 2.65456
3.62979 6.5898
4.09371 5.99686
4.58549 5.43255
4.08791 6.00391
4.44582 5.58688
0.764813 12.9436
0.774121 12.9057
0.142781 16.7648
0.175939 16.4249
1.54515 10.4278
0.202865 16.1744
0.605709 13.647
2.45227 8.44627
2.26518 8.80543
1.55424 10.4035
1.43313 10.7278
1.73387 9.95638
0.401933 14.7346
4.35077 5.69441
3.54189 6.70943
1.92542 9.51461
4.07066 6.02486
10.5492 1.49871
7.09853 3.26825
9.19877 2.07136
8.46711 2.44109
8.52727 2.40872
7.88454 2.76956
7.7014 2.87981
9.2438 2.05059
5.55964 4.47005
12.3756 0.910722
9.76985 1.81409
0.454936 14.4236
0.281107 15.539
0.221149 16.0151
0.137033 16.8261
0.0442643 18.1625
0.552753 13.9053
0.636875 13.499
0.244273 15.8242
0.0242911 18.6303
3.44702 6.84173
3.45231 6.83439
0.763711 12.9475
2.71782 7.9735
1.66052 10.1348
2.94075 7.60293
2.43691 8.47439
2.97337 7.55035
2.86973 7.71803
2.62107 8.14102
0.907496 12.3875
1.38374 10.8625
1.6477 10.1669
2.2629 8.80834
16.3841 0.180319
16.004 0.222802
17.6666 0.0725977
15.6736 0.263391
17.1661 0.108222
17.3552 0.0940156
15.3761 0.303691
16.3255 0.186393
15.6917 0.261014
11.7534 1.08958
6.67767 3.5647
9.19984 2.07077
12.8898 0.777757
12.4689 0.88569
12.9116 0.772414
12.5722 0.85921
9.15347 2.0929
12.4412 0.893777
4.71617 5.29216
6.52135 3.68078
7.17001 3.22052
7.17005 3.22044
7.10185 3.26607
8.35305 2.50277
7.50275 3.00346
6.15789 3.9626
10.5514 1.49855
11.6876 1.10978
8.17921 2.59965
10.7808 1.41328
10.0212 1.70781
8.98619 2.17398
12.0399 1.00542
9.77999 1.80907
6.34918 3.81179
7.63765 2.91907
8.15683 2.61245
12.3265 0.923979
8.9798 2.17777
10.034 1.70173
3.6007 6.63053
7.22038 3.1865
3.47928 6.79569
9.56732 1.90172
2.74018 7.93647
3.92739 6.20219
2.47419 8.40524
5.03792 4.96235
5.02993 4.97026
4.64027 5.37424
2.79636 7.83981
8.16446 2.60837
3.29599 7.05783
9.88405 1.76502
3.30742 7.04124
3.29084 7.06533
4.18129 5.89203
7.27267 3.15245
5.79792 4.2617
5.17285 4.8316
5.84597 4.22012
2.81667 7.80558
1.18894 11.4384
0.953465 12.2229
1.18062 11.4623
1.42644 10.7442
1.72326 9.98187
0.883313 12.4771
3.29928 7.05392
2.64198 8.10513
1.77021 9.87019
1.29282 11.1235
3.05764 7.4176
1.48337 10.5913
1.00813 12.0278
1.80973 9.77736
1.26245 11.2128
1.03689 11.9296
2.48388 8.38795
4.51272 5.51226
3.12898 7.30761
1.23126 11.3098
5.39252 4.62313
1.02894 11.9563
1.12929 11.6244
1.53752 10.4479
14.3908 0.460563
14.8676 0.379957
17.3502 0.0942876
16.5459 0.163614
1.70001 10.0385
1.10071 11.7169
2.18261 8.96944
3.31571 7.03051
0.564038 13.8484
2.27821 8.7785
2.19339 8.94684
1.0609 11.8493
0.432406 14.5509
0.70898 13.178
0.769962 12.9263
0.930212 12.305
0.293492 15.4505
0.723138 13.1177
0.998387 12.0613
0.580429 13.7678
3.95351 6.1719
3.1042 7.34586
0.972466 12.1544
4.61437 5.40113
5.13773 4.86417
4.7226 5.28586
2.72655 7.95767
3.75082 6.42852
3.64805 6.56467
7.03122 3.31419
1.78395 9.83802
2.57181 8.22818
3.0269 7.46583
3.23136 7.15421
0.313561 15.3056
2.39677 8.5511
1.30916 11.077
2.46817 8.41661
1.49661 10.5554
1.27426 11.1789
1.00307 12.046
0.123266 16.9863
0.472589 14.3239
1.00499 12.0403
0.635555 13.5098
2.11144 9.11549
1.86786 9.64438
2.53128 8.30094
2.20465 8.92426
1.57771 10.3452
1.69697 10.0471
1.66185 10.1324
1.10533 11.7021
2.3703 8.59991
1.23821 11.2856
1.62129 10.2328
1.67376 10.104
1.00999 12.0223
1.94549 9.47007
1.53495 10.4555
5.257 4.74966
3.85628 6.29222
2.31433 8.70813
2.15833 9.01812
2.51176 8.33644
3.64056 6.57472
2.33967 8.65855
3.23892 7.14248
5.90668 4.17153
4.62718 5.38742
3.96026 6.16084
5.35274 4.6597
4.6134 5.40236
5.72026 4.32871
5.41408 4.60293
2.86697 7.72285
2.22823 8.87755
4.21739 5.84919
12.6461 0.839064
17.4824 0.0846485
11.5761 1.14471
14.1491 0.504986
14.7225 0.403445
12.9724 0.757665
14.9285 0.370405
13.9002 0.55335
9.35531 1.99818
2.82205 7.79903
7.54012 2.97989
4.32596 5.7242
4.30903 5.7425
6.14407 3.97378
3.35171 6.98011
5.37294 4.64236
4.11912 5.96617
3.76229 6.41416
4.09642 5.9948
4.39953 5.63926
0.264621 15.6637
1.92401 9.52061
1.26504 11.2052
1.16762 11.503
1.15079 11.5577
1.15508 11.5438
15.6583 0.265708
16.71 0.148199
14.4089 0.45737
19.4465 0.00389707
16.8134 0.138265
15.9985 0.223205
16.8064 0.138838
13.472 0.642805
12.3786 0.909747
17.4971 0.0837646
14.642 0.416856
11.6231 1.12983
12.2907 0.933942
10.6751 1.4518
10.8893 1.37516
6.4564 3.72971
10.3786 1.56571
9.48853 1.93755
8.90717 2.21333
8.92815 2.20308
8.23855 2.56595
8.41908 2.46682
8.27146 2.54795
9.33386 2.00789
11.096 1.30205
14.0037 0.532985
6.31249 3.84034
9.22382 2.05979
13.1019 0.726992
10.2085 1.63099
1.04083 11.9158
5.34585 4.66609
2.5194 8.32313
1.58498 10.3247
1.27861 11.1672
0.482029 14.2725
2.05147 9.24067
2.92645 7.62608
1.21578 11.3536
1.40331 10.8104
10.0933 1.67748
10.1957 1.63634
13.6126 0.61257
6.54746 3.66103
7.70692 2.87721
7.18586 3.2098
16.2674 0.192611
7.25858 3.16138
17.463 0.086004
12.8386 0.7905
13.2953 0.682183
14.1289 0.508793
18.4915 0.0295743
14.3362 0.470396
13.8766 0.558068
13.9611 0.54129
18.2223 0.0414647
11.2395 1.25437
18.9754 0.0135299
9.46923 1.94624
14.8411 0.384379
14.4903 0.443005
0.00717713 19.2527
0.118205 17.0431
0.505281 14.1506
0.0968306 17.3137
5.36565 4.64829
0.788093 12.8483
0.629049 13.5357
11.1753 1.27533
3.25058 7.12463
0.209543 16.1178
0.0858472 17.4711
1.87349 9.63099
0.567899 13.8277
0.000469718 19.8193
11.4451 1.18684
16.9265 0.128141
9.72326 1.83312
0.586729 13.737
0.704868 13.1963
8.7786 2.27815
14.1131 0.512128
2.66626 8.06154
19.7857 0.000579163
15.0046 0.358401
6.7894 3.48385
9.29004 2.02843
18.528 0.028329
9.59339 1.89077
0.249997 15.778
10.1603 1.65028
4.90009 5.10136
14.8655 0.380186
0.871169 12.5233
0.316551 15.2844
16.1444 0.206231
0.0567499 17.926
5.20334 4.80072
18.8895 0.0158925
16.2111 0.19879
7.19363 3.20544
0.0613985 17.8479
0.0530119 17.9953
2.55964 8.24982
0.212828 16.0867
12.3172 0.92705
15.8111 0.245905
9.61652 1.87996
18.878 0.0162086
17.8331 0.0621365
1.19301 11.4237
6.62218 3.60574
0.0165414 18.8704
1.48102 10.5964
15.966 0.227217
2.99046 7.52371
17.5855 0.0776603
15.6097 0.271854
10.6908 1.44635
3.80373 6.36036
19.7211 0.000992357
4.30449 5.74831
15.2847 0.316508
6.1728 3.95232
0.404552 14.7157
0.21877 16.0363
9.73542 1.82791
12.7194 0.820686
7.51348 2.99714
0.0907953 17.3959
0.0493998 18.0614
0.00678692 19.2704
15.0637 0.349217
7.0547 3.29851
1.50493 10.5328
7.17548 3.21652
3.50392 6.76138
0.0625912 17.8249
14.4688 0.447444
2.58072 8.21233
0.132404 16.8791
0.854108 12.5897
0.338043 15.1389
7.93795 2.73819
0.234487 15.9038
15.2059 0.328062
1.91131 9.54592
5.47902 4.54293
5.12719 4.87458
0.643877 13.4707
11.1468 1.28473
1.8406 9.70618
5.42899 4.58983
2.78811 7.85338
1.16879 11.5015
6.05409 4.04814
0.145978 16.7293
0.358712 15.002
10.7288 1.43203
0.35666 15.0169
11.2834 1.23916
13.7953 0.574568
0.423229 14.6046
18.0825 0.0483543
7.04119 3.30804
0.596913 13.6879
0.295767 15.4334
14.469 0.447064
0.14697 16.718
15.0178 0.356467
0.214321 16.076
7.92014 2.74937
14.5086 0.439992
6.80583 3.4725
17.0254 0.119693
5.13656 4.8659
10.6685 1.45518
19.7082 0.00108569
1.05827 11.8571
19.9583 2.19059e-05
1.17927 11.4664
0.00134445 19.6734
13.9761 0.538828
8.84844 2.24282
6.2269 3.90769
15.5488 0.2799
18.4102 0.0330562
2.73114 7.95035
13.8248 0.568697
17.1782 0.107284
9.7963 1.80168
14.1824 0.499514
7.53303 2.98498
0.718469 13.1401
9.92273 1.74818
0.947931 12.2398
6.03241 4.0645
8.35858 2.49961
11.8283 1.06746
19.2314 0.00753173
16.6256 0.156126
11.7183 1.10081
0.731729 13.0807
4.66349 5.3484
1.92594 9.51397
7.39379 3.07301
15.1727 0.332845
14.0367 0.526471
18.7892 0.0189075
0.719452 13.1342
8.17415 2.60214
8.17198 2.60495
6.9069 3.40081
3.57677 6.66152
0.399835 14.7446
0.151996 16.6656
16.0413 0.218289
18.2969 0.0379456
11.88 1.05151
14.671 0.412902
15.4838 0.288602
16.4502 0.173274
10.8783 1.37871
10.8084 1.40315
15.8252 0.244407
11.4542 1.18341
0.195411 16.2417
2.87326 7.71263
15.6055 0.272296
15.334 0.309477
8.28758 2.53916
0.0512462 18.0272
6.01658 4.07823
11.3715 1.21022
1.37104 10.8981
5.81643 4.24533
10.6451 1.46328
5.41556 4.60132
0.000196417 19.875
15.3137 0.31266
0.226694 15.9687
13.797 0.574145
11.7351 1.0953
9.97875 1.72464
0.103848 17.2242
3.36257 6.96123
5.74711 4.30508
12.5954 0.852178
12.4679 0.885827
4.35638 5.68818
10.3014 1.5941
2.40812 8.52841
1.07685 11.797
6.1636 3.95863
11.6492 1.1222
0.521438 14.0627
0.0539058 17.98
17.635 0.0743855
2.7505 7.91739
0.0171247 18.8471
0.544145 13.947
0.0505269 18.042
0.985648 12.1058
1.75164 9.91394
18.3315 0.0364443
4.80262 5.20159
3.10551 7.34351
0.277407 15.5669
5.83961 4.22629
0.0586232 17.8943
14.8857 0.377249
0.00227949 19.5789
8.27421 2.54608
5.82321 4.24227
0.304469 15.3703
18.3431 0.0358147
13.0766 0.732724
17.9507 0.0553869
12.1658 0.968679
0.597726 13.6829
12.7623 0.809848
2.44451 8.46035
14.5479 0.433062
2.02639 9.2945
0.232917 15.9247
16.0313 0.219275
0.853748 12.5898
9.42899 1.96421
0.1075 17.1752
13.263 0.689967
1.77527 9.85804
18.1987 0.0424927
1.7862 9.83316
18.7302 0.0209477
5.86902 4.20138
2.80336 7.82955
7.13974 3.2404
0.957143 12.2067
7.61752 2.93238
10.535 1.50504
9.96031 1.73223
2.12357 9.08956
15.2452 0.3222
4.72014 5.28896
1.55169 10.4104
16.1287 0.208186
5.34065 4.67058
1.09691 11.7299
0.215966 16.0602
7.12183 3.25287
5.06803 4.9329
17.2674 0.100322
0.00067391 19.7685
19.623 0.00185158
10.6999 1.44255
5.27635 4.7313
0.346151 15.0845
0.498195 14.1851
12.9839 0.755294
13.5294 0.630298
0.371241 14.9216
18.0676 0.049079
6.82764 3.457
1.02113 11.984
5.64314 4.39586
7.82944 2.80244
0.821238 12.717
7.66641 2.9015
0.423164 14.6049
14.6562 0.414776
2.75655 7.9068
15.4156 0.298471
10.9263 1.36138
16.821 0.137512
1.7265 9.97484
0.599894 13.6728
6.95866 3.36434
16.6646 0.152153
16.3991 0.178624
0.62044 13.5762
0.16307 16.5524
0.679488 13.3082
0.0101461 19.1093
0.817136 12.7331
5.36352 4.64937
0.019504 18.7721
0.00454272 19.4063
8.29122 2.53669
3.40289 6.90361
9.0767 2.12989
2.13119 9.07438
0.285701 15.5058
10.1983 1.63516
18.1761 0.0436969
18.8341 0.0175213
1.52067 10.4911
13.2773 0.686145
7.67614 2.89718
18.09 0.0482817
3.10722 7.34089
1.99738e-05 19.9695
0.0142766 18.9515
9.85609 1.77618
0.701174 13.2128
4.89163 5.10956
16.9389 0.127132
0.472017 14.327
8.61178 2.36495
0.65092 13.435
0.1023 17.2469
15.176 0.332527
0.0152585 18.9124
5.9333 4.14712
13.8408 0.565485
0.12288 16.9878
19.4536 0.00378798
5.83667 4.22832
1.90088 9.57024
19.8261 0.000403116
0.80301 12.7888
15.4952 0.287501
3.65741 6.5534
2.31927 8.69795
0.851515 12.598
9.70755 1.84015
2.21033 8.91435
5.97015 4.11604
1.36806 10.907
8.51946 2.41394
18.0964 0.0477981
15.2528 0.321779
9.67166 1.85562
1.70554 10.0247
0.352691 15.044
7.71404 2.8721
0.00355864 19.4707
16.4091 0.178058
11.3052 1.2317
0.446116 14.4731
16.6132 0.157079
0.735131 13.0678
0.182173 16.3654
12.9157 0.771674
0.608157 13.6362
10.4749 1.52685
15.7794 0.249911
6.85826 3.43488
8.83266 2.25049
1.27551 11.1741
17.3211 0.0962675
0.330075 15.1924
13.8727 0.55879
0.794362 12.8252
2.81318 7.81163
4.47259 5.55686
17.0309 0.119324
16.7185 0.147084
0.504234 14.1536
10.114 1.66908
15.7472 0.253878
0.536448 13.986
4.24819 5.81353
3.05281 7.42524
3.2499 7.12574
5.10941 4.89335
3.18723 7.21923
18.95 0.0141741
13.1926 0.705571
4.65102 5.36225
0.519135 14.0756
5.01058 4.99002
14.721 0.403709
1.82159 9.75037
0.250248 15.7761
0.238445 15.8727
0.0734656 17.6497
0.714674 13.1536
1.52944 10.4691
4.7931 5.21127
4.0143 6.09389
0.00564822 19.3336
12.9556 0.761686
3.61771 6.60765
9.0801 2.12819
18.3895 0.0338027
5.29769 4.71178
2.73142 7.95
8.3365 2.51228
0.386062 14.8287
17.6321 0.0746597
0.171159 16.4719
3.73062 6.45498
0.022239 18.6935
5.06566 4.93484
1.15879 11.5311
10.6219 1.47154
0.513501 14.1051
3.1705 7.24442
6.58955 3.62953
5.10353 4.89753
9.43387 1.96189
7.31953 3.12126
0.534269 13.9992
7.80133 2.81956
6.87957 3.4197
18.1863 0.0431201
5.65725 4.38402
0.338647 15.1337
8.4101 2.47264
0.027574 18.5431
0.0574956 17.913
8.65673 2.34089
15.0901 0.345272
3.49341 6.77695
12.1232 0.980686
16.7045 0.148243
4.71269 5.29634
15.0782 0.34758
18.2678 0.0392335
14.4321 0.453162
5.35155 4.6605
1.28774 11.1382
6.72109 3.53301
16.0789 0.213708
17.5327 0.0812429
9.28455 2.03086
14.6028 0.423619
8.01144 2.69648
4.78461 5.22052
0.695009 13.2384
8.4309 2.46058
17.706 0.0698512
6.18398 3.94173
13.2417 0.694342
0.917814 12.3495
6.20243 3.92733
11.4491 1.18482
0.13419 16.8578
11.6166 1.13216
1.54511 10.4303
11.5341 1.15782
0.691136 13.2555
5.9513 4.13344
0.0127748 19.0021
6.77445 3.49459
2.52995 8.30364
3.55127 6.69599
14.5751 0.428735
15.9286 0.231431
9.03874 2.14827
5.97617 4.1109
19.1072 0.010197
18.5333 0.0279362
3.83433 6.32085
0.666221 13.3662
1.20026 11.4017
18.0426 0.0504013
0.322082 15.2462
9.88521 1.76375
2.69507 8.01188
0.932262 12.2964
1.14528 11.5747
5.88701 4.18544
0.267697 15.6403
8.51397 2.41574
0.00209025 19.595
0.797805 12.8114
9.27332 2.03624
7.55615 2.96975
12.8058 0.799118
6.60509 3.61836
3.90848 6.22592
6.56979 3.6445
17.368 0.0928879
16.6454 0.153872
4.00794 6.10278
7.39577 3.07177
19.338 0.00564508
0.467699 14.3524
12.7612 0.810485
1.57443 10.3515
12.8853 0.779188
0.0831822 17.5036
0.140732 16.7881
11.5906 1.13986
8.95343 2.19086
1.82012 9.75327
19.0226 0.0123513
7.55135 2.97287
0.0494574 18.0608
0.564351 13.8479
13.6878 0.596767
0.186783 16.3213
1.95828 9.44183
1.68562 10.0735
0.00374689 19.4655
8.50303 2.42182
9.02001 2.15738
6.78213 3.48955
6.41452 3.76174
11.4017 1.20063
1.37554 10.886
1.46885 10.629
1.58291 10.33
2.17456 8.98513
1.50379 10.537
2.3043 8.7271
6.71475 3.53785
7.11059 3.26036
17.1654 0.108531
5.79227 4.26601
3.63213 6.58634
2.8241 7.79428
3.17562 7.23691
8.39075 2.48293
3.20904 7.18646
3.93165 6.19734
4.16281 5.91428
8.58327 2.37982
10.7797 1.41354
10.4372 1.54125
6.6563 3.58027
17.1093 0.112835
0.0137068 18.9672
0.290876 15.4676
15.6529 0.266167
9.53771 1.915
0.76871 12.9268
7.35841 3.09583
3.68131 6.52027
6.57492 3.64172
0.380629 14.8634
5.9469e-06 19.9825
2.92688 7.62496
15.9838 0.224849
10.4255 1.5461
11.7979 1.07669
8.73127 2.30266
3.71034 6.48169
7.33748 3.10962
1.29447 11.1182
5.27061 4.73711
17.9315 0.0564663
11.6078 1.135
17.5293 0.0814199
13.205 0.70276
10.2503 1.61423
4.42592 5.60961
11.3593 1.21393
6.04073 4.05803
4.92618 5.07437
8.91136 2.21101
5.53437 4.49276
0.245131 15.8183
5.08111 4.91956
0.368805 14.9372
8.63825 2.35068
3.44236 6.84833
3.79842 6.36669
10.2041 1.63331
12.2592 0.942793
2.06651 9.20889
0.0451648 18.1509
1.49715 10.5536
10.3113 1.59022
1.40681 10.7986
4.28947 5.76512
12.4228 0.897835
0.497566 14.1888
9.24764 2.04818
8.70942 2.31337
13.3939 0.660039
1.4444 10.6953
3.00485 7.50056
13.3486 0.670356
2.57752 8.21784
11.5406 1.15561
6.92482 3.38799
19.3212 0.00587316
12.8273 0.79343
5.05921 4.94171
1.02711 11.9626
0.169775 16.4861
0.64917 13.4431
17.8209 0.0628729
12.0275 1.00816
11.9084 1.04309
0.571853 13.8096
18.5108 0.0288629
0.559821 13.8676
4.06457 6.03281
7.82149 2.80749
2.29764 8.74027
15.6841 0.262802
16.9826 0.123468
0.00804786 19.207
11.4179 1.19509
11.2057 1.26489
5.57821 4.45349
8.13808 2.62247
11.2719 1.24282
0.00907361 19.1578
1.85572 9.67174
9.92113 1.7487
3.50437 6.76076
16.4525 0.173106
4.61697 5.39834
0.125921 16.9525
1.4637 10.6427
5.32458 4.68636
1.35126 10.9546
3.99093 6.12361
0.299821 15.4071
0.181688 16.37
8.09551 2.64674
0.298252 15.4139
1.93405 9.49644
15.5417 0.280741
12.7561 0.811482
13.6543 0.604093
0.637284 13.4983
0.23652 15.887
9.82153 1.7908
14.8611 0.380867
9.59541 1.88924
7.87734 2.77414
10.1946 1.6365
0.982886 12.1174
19.6609 0.00145933
2.0627 9.21697
14.338 0.470356
0.047807 18.0946
14.0362 0.526704
1.45374 10.6696
0.87186 12.5215
4.37615 5.6661
0.39491 14.775
1.41005 10.79
7.04055 3.30814
2.35828 8.62499
7.88195 2.77265
13.7563 0.582585
9.596 1.88913
14.4563 0.449108
8.65855 2.34065
3.82159 6.33668
6.49557 3.70002
9.46372 1.94836
4.41977 5.61608
3.87786 6.265
3.26321 7.10621
4.62444 5.39061
4.09728 5.99296
3.96314 6.15734
10.7234 1.43427
18.7074 0.0216538
19.5282 0.00283638
1.42958 10.7354
0.15634 16.6233
10.3431 1.57799
1.14916 11.5617
13.5246 0.631389
7.49783 3.00784
4.7317 5.27597
1.59301 10.305
4.87384 5.1279
6.51899 3.6822
6.96471 3.36059
8.46248 2.44372
4.79913 5.20689
3.92231 6.20905
2.87136 7.71544
11.8388 1.06378
5.99475 4.09548
5.80982 4.25134
18.0729 0.0489431
0.138765 16.8071
2.871 7.71686
5.39745 4.61827
14.6231 0.420435
3.51768 6.74265
1.32125 11.0426
1.53664 10.4492
6.56702 3.6468
3.33156 7.00613
14.1238 0.509862
3.47836 6.79724
6.06086 4.04203
5.98701 4.10252
5.58611 4.44808
5.91393 4.16288
2.43552 8.47814
3.44002 6.85113
0.0977426 17.3031
0.570748 13.8138
1.94007 9.48256
15.5917 0.27406
2.26363 8.8078
2.42091 8.50432
6.97794 3.35177
13.2678 0.689288
8.01421 2.69373
2.19862 8.93732
16.4304 0.175544
16.7611 0.143032
5.01117 4.98979
0.747654 13.0142
2.68852 8.02346
0.230472 15.9388
14.4192 0.456091
3.90834 6.2261
0.792827 12.8288
4.10893 5.97932
0.874531 12.5104
3.02697 7.46556
2.16552 9.00359
3.66644 6.54007
0.312324 15.3138
7.09054 3.27426
14.9582 0.365531
0.0413467 18.2229
14.753 0.398481
11.9326 1.03615
9.70305 1.84222
4.46268 5.56789
1.66743 10.1181
3.94622 6.17834
10.9264 1.36107
0.30308 15.3812
0.111385 17.1288
9.71428 1.83887
5.78402 4.27361
4.14354 5.93689
13.5853 0.618305
1.31996 11.0439
4.27565 5.78305
2.27615 8.78205
12.5828 0.855521
0.028837 18.5104
3.63361 6.58426
0.906587 12.3903
0.302549 15.3831
10.8817 1.37708
8.49515 2.42583
5.10602 4.89528
16.1553 0.205111
3.97436 6.14392
15.2642 0.319538
5.38838 4.62615
1.57655 10.3479
17.4367 0.0878838
12.4032 0.903239
0.00425952 19.4208
0.782694 12.8721
0.157118 16.6118
2.12439 9.08898
6.83474 3.45151
0.906046 12.3938
5.75556 4.29792
2.17178 8.99136
0.892846 12.4423
3.80747 6.35476
0.619182 13.5811
10.8634 1.38339
4.19833 5.87272
0.491857 14.223
3.48527 6.7887
5.24565 4.76129
0.225157 15.9816
18.6187 0.0247281
7.58003 2.95498
4.59093 5.42654
0.0970399 17.3111
0.47722 14.2993
2.07859 9.18336
4.90619 5.09526
14.4512 0.449876
3.18368 7.22469
15.5236 0.283324
14.0564 0.52271
6.60721 3.61646
5.90331 4.17243
0.0368917 18.3237
7.95127 2.73022
2.42793 8.49178
1.75446 9.90804
0.435062 14.5358
6.50475 3.69291
11.1509 1.28344
4.34272 5.70497
12.0901 0.99016
19.0695 0.0111456
4.95516 5.04653
2.63806 8.11241
1.72089 9.98762
0.294298 15.4421
3.37686 6.94159
13.7371 0.58651
4.83485 5.16875
10.6013 1.4791
1.76559 9.88091
2.62307 8.13727
1.71782 9.99506
9.10919 2.11459
5.21615 4.78891
4.25814 5.8014
9.52308 1.92203
0.356675 15.0151
2.00021 9.35073
0.104494 17.2133
13.0378 0.742015
3.19955 7.2027
0.00694944 19.2619
5.63624 4.40201
5.6729 4.36961
13.9565 0.542504
3.98726 6.12723
10.0778 1.68379
11.7227 1.09913
0.128015 16.9279
0.0448728 18.162
9.14128 2.09907
10.0129 1.71072
6.42184 3.75642
6.73176 3.52565
6.20163 3.92836
0.2238 15.9925
7.66494 2.90216
11.019 1.32905
13.6291 0.608987
0.0410348 18.2309
6.03906 4.05952
14.2555 0.485103
6.16579 3.95646
1.08212 11.7779
0.251659 15.7667
0.464626 14.3681
14.811 0.389003
1.11667 11.6654
0.664824 13.3734
2.79375 7.84426
12.688 0.828385
9.38167 1.98592
0.243126 15.8329
7.65383 2.90953
0.0441569 18.1661
10.2719 1.60576
1.92007 9.52718
0.384459 14.8387
3.21596 7.17637
0.998111 12.0629
0.0941992 17.3498
0.194839 16.2469
7.57592 2.95775
3.78291 6.38657
2.84653 7.75681
12.12 0.981768
1.26104 11.2174
6.98703 3.34465
18.6038 0.025369
0.164904 16.5328
2.39424 8.55566
11.4622 1.18133
2.29507 8.74495
2.87225 7.71381
6.65257 3.58303
0.0205221 18.7395
5.82652 4.23766
17.0702 0.116021
1.53827 10.4455
4.96916 5.03095
7.51675 2.9947
16.7154 0.147238
16.5705 0.161339
2.13855 9.05865
9.56175 1.90434
13.7093 0.59236
1.61033 10.2602
18.1375 0.0456557
11.0511 1.31765
2.54056 8.285
3.42838 6.86728
2.98444 7.53329
14.9717 0.363585
6.62808 3.60123
10.8687 1.3822
2.20538 8.92272
19.6146 0.00188076
0.106136 17.2002
3.75433 6.42416
6.67141 3.56967
2.41742 8.51093
3.88298 6.25825
5.03226 4.96791
17.0365 0.11916
1.37172 10.8962
13.1171 0.723348
0.0290842 18.5037
1.18973 11.4338
7.44794 3.03825
8.07225 2.6604
2.60608 8.16763
19.3667 0.00509485
12.2057 0.957584
1.00024 12.0576
16.2919 0.190307
4.55539 5.46584
10.7232 1.43432
4.56181 5.46022
8.84157 2.24605
0.0891812 17.4181
3.98504 6.13008
5.81897 4.2432
16.925 0.128339
5.27567 4.73173
2.75194 7.91584
1.42009 10.7621
0.205495 16.1509
0.0670984 17.7514
1.42848 10.7397
5.91168 4.16498
0.496871 14.1968
7.33475 3.11121
0.71772 13.1404
19.2633 0.00692839
17.6898 0.0709956
0.619158 13.5818
17.8688 0.0602825
9.9028 1.75644
4.13793 5.9446
17.6605 0.0728246
0.0595858 17.8779
18.6358 0.0241499
10.9649 1.34755
18.8261 0.017839
0.00577997 19.3302
0.344592 15.0952
5.45354 4.56624
0.59245 13.708
0.0316162 18.4426
0.0192319 18.7849
11.6427 1.12363
4.56793 5.4516
10.5157 1.5113
3.27613 7.08845
9.2372 2.0533
17.2789 0.0996037
0.588859 13.7254
7.50537 3.0025
0.22991 15.9441
7.67779 2.89473
1.25013 11.251
14.4838 0.444067
0.087548 17.4425
12.4658 0.886327
9.05969 2.13847
4.39261 5.64673
3.28332 7.07643
7.96386 2.72429
17.3807 0.0918875
0.0808821 17.5374
8.30337 2.53108
0.859868 12.5662
11.1824 1.27267
10.0364 1.70068
13.8874 0.556105
1.86656 9.6476
8.60191 2.36956
0.172813 16.4548
1.74967 9.91881
10.329 1.58336
1.85165 9.68071
1.03231 11.9454
15.0531 0.350988
10.3896 1.56011
15.8885 0.236523
1.29869 11.1058
8.652 2.34307
5.94635 4.13564
2.67698 8.044
4.18856 5.88439
1.39805 10.8224
10.4514 1.53597
7.61684 2.93243
5.14988 4.85346
0.0805005 17.5439
0.56786 13.8298
0.633706 13.5161
16.229 0.196849
4.67541 5.3357
3.61421 6.61115
0.799096 12.8036
2.24251 8.84892
1.32145 11.04
13.4333 0.651291
2.34183 8.65438
16.1545 0.205357
3.57112 6.66883
4.14568 5.93467
4.5512 5.47026
5.49235 4.53249
4.53611 5.48662
12.8757 0.781208
0.448164 14.4608
12.7464 0.813712
0.255995 15.7309
0.0351753 18.3577
17.9163 0.0577827
11.8101 1.07266
0.720513 13.1284
10.0263 1.70506
2.32186 8.69409
0.148418 16.7032
0.101971 17.2473
3.16057 7.26056
4.20156 5.86958
2.25801 8.81776
12.5967 0.852021
15.2029 0.328376
13.1135 0.724029
13.6609 0.602898
3.14826 7.27819
6.26849 3.87521
15.8608 0.239888
3.30542 7.04433
2.50834 8.34306
0.235987 15.8937
3.98195 6.13417
8.24275 2.56374
8.92319 2.2058
0.751585 12.9975
2.39762 8.54823
5.38344 4.63099
1.31299 11.0644
3.32134 7.02159
10.4071 1.55304
7.28887 3.14123
14.3195 0.474143
5.20775 4.79685
0.191397 16.2789
5.68966 4.35495
2.44779 8.4542
1.38094 10.8707
6.75571 3.508
0.198073 16.2251
10.8701 1.381
1.23225 11.3036
1.8101 9.77683
5.62849 4.4087
2.77003 7.88374
10.6995 1.44322
13.5538 0.625104
10.7696 1.41747
8.54147 2.40173
2.51484 8.3308
7.89488 2.76346
15.5586 0.278472
7.46005 3.03051
18.8807 0.016114
14.5694 0.429263
4.65598 5.35639
3.94944 6.17435
4.51267 5.51313
2.81295 7.81207
6.24095 3.89675
4.92684 5.07425
4.35915 5.68482
10.6087 1.47678
17.3225 0.0961977
17.8471 0.0612861
2.63075 8.12358
2.38787 8.56671
9.67048 1.85665
5.01918 4.98086
10.488 1.52194
1.6851 10.0768
3.07448 7.39166
11.3305 1.22339
0.0257643 18.5951
0.436409 14.5289
19.275 0.00671535
11.9607 1.02779
4.09276 5.99819
0.591923 13.7111
1.33033 11.0142
0.415888 14.6482
8.40702 2.47324
17.7728 0.0657664
0.736696 13.06
3.03366 7.45559
14.2611 0.484161
1.30545 11.0862
15.4778 0.289497
1.87926 9.61947
14.3077 0.475521
4.85739 5.14539
10.2664 1.60795
1.15017 11.558
1.1359 11.6037
4.76696 5.23861
8.21849 2.5775
0.267619 15.6406
0.0805651 17.5425
12.0894 0.990891
0.00876372 19.1741
1.6005 10.2862
1.26627 11.2017
1.07792 11.7926
1.28184 11.1554
14.664 0.413203
8.22662 2.57325
5.7113 4.33608
15.0273 0.355172
1.77606 9.85744
14.3276 0.471902
1.95859 9.44139
1.22616 11.3224
13.048 0.739496
17.2154 0.104336
0.755358 12.9825
2.63567 8.11512
9.4642 1.94814
16.4892 0.169291
16.8716 0.133154
0.984667 12.1095
1.57002 10.3634
10.7985 1.40667
16.8216 0.137433
5.18678 4.81709
9.34475 2.0029
0.506998 14.1394
0.00523104 19.3675
10.571 1.49069
6.41704 3.75952
10.4764 1.52624
4.80995 5.19379
0.00274995 19.5349
6.77537 3.49408
19.6244 0.00184938
3.3355 7.00028
10.1149 1.66891
3.53198 6.7226
1.06135 11.8483
12.0042 1.01519
5.94003 4.1409
1.2724 11.1836
5.84377 4.22207
0.522527 14.0573
1.15684 11.5389
0.933432 12.2925
1.71983 9.99193
0.654449 13.4201
0.0817294 17.5275
6.17626 3.94809
14.4103 0.457046
14.1887 0.497762
0.0652887 17.7835
4.30441 5.74832
13.0709 0.734268
10.3076 1.59202
3.34911 6.98133
4.34295 5.70332
3.90046 6.23594
7.22604 3.18282
11.3781 1.20781
7.73177 2.86169
0.191418 16.2786
15.6776 0.263064
5.56087 4.46935
0.00935503 19.1476
8.17663 2.60066
18.4482 0.0313313
7.67659 2.89502
0.484769 14.2578
4.9311 5.06951
10.3521 1.57433
8.58369 2.37886
2.28025 8.77463
2.62011 8.14224
9.12928 2.10471
6.13271 3.98339
6.27542 3.86947
6.88764 3.41445
12.1776 0.966684
4.7621 5.2442
2.92927 7.62309
1.13284 11.6143
0.024198 18.6337
1.04763 11.8931
15.9554 0.22825
4.95038 5.05016
0.862131 12.5573
11.8446 1.06201
6.75781 3.50681
0.115633 17.0752
4.91296 5.08791
8.59884 2.37086
0.912118 12.3705
7.15193 3.23336
0.0263759 18.5744
7.57078 2.96119
4.87294 5.12997
0.886433 12.4667
13.0608 0.736725
4.03007 6.07459
6.90934 3.3989
4.98595 5.01413
0.562997 13.8524
0.840211 12.6416
11.5878 1.14091
5.71238 4.33534
2.56994 8.23308
6.56612 3.64693
10.9645 1.34788
0.103636 17.2248
2.6482 8.093
2.00515 9.33979
9.1658 2.08702
5.07942 4.92374
18.4646 0.030762
17.8595 0.0606689
8.61419 2.36312
5.32079 4.68971
13.6718 0.600008
8.03772 2.68006
2.97148 7.55357
9.8878 1.76272
8.87211 2.23069
0.256353 15.729
0.231664 15.9267
17.5824 0.0778418
10.856 1.38615
10.3243 1.58637
3.74802 6.4338
9.5449 1.91173
1.01336 12.0143
0.154668 16.6372
3.01954 7.4773
17.0258 0.119653
11.745 1.09212
0.397163 14.7628
4.02123 6.08569
1.11624 11.6664
16.6564 0.15291
14.3286 0.471797
14.9754 0.362813
0.895916 12.4302
4.7212 5.28681
2.72114 7.96678
5.15971 4.84314
5.40415 4.61189
2.59466 8.18765
1.34965 10.9587
0.447624 14.4649
0.551918 13.9074
0.000469772 19.8095
18.7612 0.0198338
14.2056 0.494481
8.66002 2.33919
6.79146 3.48231
3.60108 6.62797
4.19402 5.87756
3.525 6.73222
14.7139 0.405279
1.25848 11.2265
17.4266 0.0885913
17.7319 0.0683003
7.15832 3.22789
12.261 0.942021
1.90256 9.5657
0.839072 12.6525
1.73875 9.94478
16.3935 0.179471
7.60778 2.93752
1.93124 9.50154
3.21826 7.17323
8.38672 2.48441
7.47383 3.02189
0.534517 13.9971
15.3707 0.304255
2.17344 8.98728
5.64826 4.39157
3.73956 6.44401
2.12183 9.09364
0.418841 14.635
12.8034 0.79958
0.0593894 17.8799
10.147 1.65622
0.525461 14.0432
0.379627 14.8711
13.5947 0.616562
10.405 1.55425
8.53332 2.40547
10.7591 1.42175
4.74441 5.2631
6.31207 3.84068
2.86153 7.73316
5.33147 4.6795
0.685841 13.2798
1.91151 9.5454
0.297527 15.4189
18.204 0.0422805
0.27206 15.61
3.29354 7.06395
15.3547 0.306651
0.0466199 18.1154
12.5121 0.874058
12.7658 0.808626
1.47458 10.6152
0.76536 12.9405
5.74782 4.30433
1.26041 11.2203
8.4848 2.43141
2.92395 7.62963
7.02235 3.32032
4.79637 5.2088
4.42393 5.61187
0.283677 15.52
5.82747 4.23693
7.40899 3.06326
3.90007 6.23705
2.82298 7.79615
16.766 0.142584
9.44084 1.95873
12.2972 0.932406
6.26543 3.87717
1.56104 10.3869
1.16972 11.4965
18.6892 0.0222147
17.2045 0.105685
12.163 0.96955
11.497 1.16949
9.11616 2.11079
16.26 0.193486
10.6634 1.45626
3.57981 6.65918
4.11224 5.97577
9.78615 1.80603
10.5131 1.51236
2.59896 8.17964
6.08197 4.02438
1.97239 9.41215
1.50897 10.5235
17.0244 0.119799
13.7878 0.576185
4.52126 5.50327
3.86808 6.27832
7.95566 2.72852
2.09319 9.1528
2.57036 8.23158
2.74147 7.93216
18.6047 0.025227
5.52466 4.50188
0.0669409 17.7566
0.0115225 19.0514
18.9972 0.0129133
12.8454 0.788892
5.29017 4.71804
11.783 1.08061
8.69626 2.32051
16.4263 0.175855
8.27058 2.54825
8.30997 2.52658
4.54589 5.47585
14.9185 0.371746
2.62491 8.13479
6.08501 4.0217
2.77536 7.87501
8.78233 2.27608
0.176901 16.4151
14.9976 0.359396
6.95534 3.36678
1.58652 10.3206
1.38435 10.8619
8.01079 2.6984
3.91564 6.21831
1.29854 11.1071
16.3611 0.182543
9.40212 1.97641
11.0778 1.30857
6.39965 3.77285
1.19199 11.4281
3.80796 6.35455
1.18519 11.4488
0.021035 18.7248
4.85019 5.15231
10.9622 1.34844
9.2504 2.04736
1.00074 12.0543
1.88326 9.60928
5.8043 4.25602
0.805374 12.7788
1.63762 10.1917
0.00497968 19.3741
1.0881 11.7583
8.37488 2.4914
17.1511 0.109538
8.87931 2.22702
7.13653 3.24262
1.1556 11.5406
11.4656 1.17997
0.0391461 18.2695
5.53858 4.489
11.3998 1.20094
2.35357 8.63217
1.20113 11.3986
8.95485 2.19047
4.4644 5.56634
11.8307 1.06683
0.00284133 19.5281
2.79469 7.84228
0.161122 16.5732
8.13264 2.62568
0.138838 16.8064
0.670702 13.3457
1.51542 10.506
8.32483 2.51829
7.1153 3.25794
7.09388 3.27191
2.51971 8.32296
0.0238324 18.6459
7.91687 2.75071
0.160926 16.5755
6.83227 3.45334
2.22075 8.89221
1.34198 10.9807
1.78178 9.84289
13.2518 0.692122
1.08486 11.7702
0.817768 12.7294
1.13498 11.6075
3.14023 7.2908
13.4104 0.656742
4.66734 5.34506
10.7954 1.40856
4.91721 5.08461
0.835079 12.6618
1.73812 9.9463
0.0816636 17.5281
5.1305 4.87204
19.9125 9.60728e-05
12.2346 0.949328
4.99872 5.00164
0.320136 15.2612
7.65967 2.90554
2.7404 7.9355
9.94373 1.73915
2.45028 8.44981
5.58097 4.45115
6.86717 3.42904
18.173 0.0438727
14.9453 0.367498
15.8622 0.239512
7.69481 2.88394
0.063189 17.815
17.0086 0.121298
5.99402 4.09618
1.35101 10.9558
7.91168 2.7535
2.75445 7.91011
2.25058 8.83277
4.30937 5.74202
3.6369 6.57958
3.53414 6.72046
3.00167 7.50607
7.40125 3.06851
17.2352 0.102859
11.2563 1.2479
13.531 0.630187
12.3247 0.924523
6.00168 4.08979
6.04198 4.05668
0.974436 12.1456
0.439737 14.512
1.48171 10.5946
3.3731 6.94642
5.41808 4.59876
4.99021 5.01006
2.69189 8.01705
7.51527 2.99688
9.25134 2.04677
2.83564 7.77447
1.6911 10.0598
0.834226 12.6649
8.18981 2.59356
0.440953 14.5016
13.4396 0.650115
1.53524 10.4544
14.6176 0.421034
6.33939 3.82095
0.00337141 19.4879
0.120131 17.0201
10.9015 1.37082
3.10016 7.35187
9.49435 1.93453
0.464168 14.3712
1.87008 9.63982
9.51746 1.92405
2.21438 8.9046
1.98346 9.38677
8.68225 2.32744
2.22903 8.87704
4.72086 5.28859
0.0232487 18.6627
5.88325 4.18855
0.208703 16.1227
4.36426 5.67912
14.149 0.505029
6.48228 3.71061
12.1683 0.967921
7.26003 3.16049
0.0288987 18.51
0.610924 13.6205
2.05499 9.23417
1.87128 9.6364
10.8138 1.40134
14.026 0.528811
6.12484 3.98954
5.24876 4.75756
11.2299 1.25685
0.653883 13.4214
3.57458 6.66432
0.134424 16.8555
0.366764 14.95
0.273305 15.5989
11.8777 1.05214
12.3585 0.915259
10.4083 1.55244
8.7101 2.31298
4.23622 5.82822
8.80183 2.26626
3.01308 7.48744
3.08472 7.37617
14.3637 0.465643
1.42582 10.7457
0.409705 14.6847
5.86019 4.20846
2.01486 9.31916
10.7519 1.42367
7.39305 3.07414
7.64677 2.91478
8.96453 2.18466
12.4818 0.882386
1.08741 11.7612
5.61912 4.41819
18.9061 0.0154281
3.78077 6.38951
2.83795 7.77057
12.603 0.851165
9.5448 1.91202
3.53153 6.72603
14.566 0.429805
8.54477 2.39953
4.22645 5.83876
4.29608 5.7573
0.430224 14.5639
17.5502 0.0802523
0.798214 12.8088
0.942626 12.259
8.95854 2.18774
4.48362 5.54477
12.8323 0.791961
11.4497 1.18463
6.59633 3.62471
9.04851 2.14496
11.6777 1.11339
0.544266 13.9457
1.79664 9.80819
1.34279 10.9786
4.99987 5.00025
0.477998 14.2972
0.809182 12.7646
10.4812 1.52451
6.89569 3.40835
0.202746 16.176
7.83911 2.79658
3.25225 7.12265
3.83939 6.31443
1.66757 10.1179
6.69901 3.54927
15.3695 0.304425
5.19139 4.81228
0.888422 12.4585
5.92183 4.15708
9.41194 1.97244
3.60908 6.6175
0.837416 12.653
17.1069 0.112978
14.8446 0.383493
0.71243 13.1641
16.4189 0.176773
0.203359 16.1709
0.0774998 17.5875
0.0552222 17.9574
1.41217 10.7834
1.51357 10.51
2.98347 7.53444
1.89646 9.57914
7.43049 3.04937
3.20119 7.19881
4.00534 6.10869
0.900035 12.4159
4.46232 5.56826
18.0045 0.0524373
2.23876 8.856
0.252392 15.7595
0.772814 12.9111
11.7616 1.08707
3.94498 6.17998
0.0202281 18.7482
12.426 0.897488
8.04843 2.67376
0.449532 14.4527
2.55495 8.25918
8.89577 2.21923
9.91185 1.75278
13.0019 0.750521
13.2562 0.69115
8.30465 2.5295
0.116699 17.0619
11.1937 1.26958
5.89099 4.18299
2.00792 9.33387
2.52315 8.31748
8.24587 2.56183
1.33145 11.0117
0.00763295 19.2286
12.0241 1.00948
3.52224 6.73631
2.12256 9.09178
7.13111 3.24621
5.05982 4.94054
0.465119 14.3653
3.05107 7.429
11.2453 1.25174
4.3018 5.75074
7.42154 3.05555
18.1331 0.0458629
1.98986 9.37295
7.13047 3.24699
3.68717 6.51238
1.01818 11.993
13.5712 0.621546
13.2402 0.694614
10.8063 1.40475
0.000241537 19.8646
15.4434 0.29414
5.24009 4.76554
16.9808 0.12347
19.2077 0.00802449
6.60413 3.61883
3.19738 7.20409
4.57646 5.44274
14.9512 0.367182
1.42929 10.7366
7.90946 2.75493
4.49327 5.53381
14.7513 0.398949
3.72469 6.46282
9.62089 1.87818
3.78245 6.38797
5.56978 4.46134
0.657919 13.4069
7.7095 2.87512
6.1598 3.96196
1.95683 9.44646
1.68169 10.0829
4.49997 5.52639
11.8579 1.05828
0.340236 15.1258
0.692063 13.2521
2.09413 9.15083
0.744249 13.03
0.973768 12.1488
4.87858 5.1233
1.06576 11.8325
1.60915 10.2647
7.26466 3.15713
4.32926 5.7193
11.7237 1.09907
15.3999 0.300192
12.502 0.877
0.0378756 18.2986
15.701 0.260049
5.61951 4.4167
0.58643 13.7381
9.95032 1.73675
1.59689 10.2944
11.1423 1.28645
1.83047 9.73103
0.443077 14.4932
0.033109 18.4066
12.6867 0.829229
13.5687 0.621914
1.19234 11.4277
16.525 0.165686
0.00142919 19.6706
0.16999 16.4823
9.22835 2.05741
16.5973 0.15854
6.10627 4.00504
10.5773 1.4887
0.669808 13.3499
3.37409 6.94494
10.1304 1.66234
9.09408 2.12155
2.35274 8.63461
0.262164 15.6832
3.67989 6.52286
6.48726 3.70616
4.1557 5.92232
10.0152 1.70985
5.18178 4.82297
17.9562 0.055068
6.32797 3.82842
7.75749 2.84583
7.58371 2.95249
4.11024 5.97699
1.63299 10.2037
8.51031 2.41784
0.731256 13.0831
13.9518 0.543125
9.84919 1.77908
17.1694 0.107934
0.0512375 18.0336
4.40176 5.63638
18.5309 0.0280195
13.1545 0.715234
0.665006 13.3733
3.33473 7.00166
6.22375 3.91033
1.39979 10.8187
16.1574 0.204765
2.83156 7.78159
4.67125 5.34125
11.3551 1.21531
18.2336 0.0409728
0.16451 16.5368
10.7172 1.43628
4.57824 5.44246
0.0472296 18.1053
13.129 0.720393
13.3704 0.665179
1.17086 11.4926
14.8999 0.374668
3.70212 6.49374
12.495 0.878976
4.24706 5.81456
9.79506 1.80269
7.40632 3.06494
15.586 0.274821
1.42472 10.7497
9.33086 2.00963
3.93701 6.19007
7.87316 2.77646
6.99899 3.33739
1.74172 9.93761
0.5837 13.7513
5.40661 4.60931
2.18134 8.97201
4.63136 5.38464
2.58838 8.19901
6.31488 3.83844
6.01156 4.08158
3.03631 7.45145
12.0788 0.993368
14.4374 0.45231
12.2246 0.952836
17.2823 0.099288
2.23051 8.87301
1.88079 9.61899
13.9421 0.545313
3.22474 7.16339
2.50952 8.34076
0.633176 13.5188
5.14323 4.85906
0.0680239 17.7365
3.81592 6.34395
0.54529 13.9405
0.379846 14.8708
2.83302 7.77859
0.30051 15.3976
8.07186 2.66077
0.987955 12.0979
0.00133679 19.6775
4.06824 6.02795
8.10776 2.63974
6.94788 3.37243
4.41244 5.6248
3.00123 7.50684
1.08678 11.7625
2.54014 8.28705
2.84488 7.75901
5.06401 4.93714
0.893885 12.4376
1.54309 10.4333
1.2534 11.24
1.34458 10.9741
7.88401 2.7699
8.58768 2.37787
6.52645 3.67666
5.91577 4.16168
5.4767 4.54664
5.90098 4.17405
6.51096 3.68832
5.61061 4.4247
6.20606 3.92445
1.1628 11.5179
2.54864 8.2696
6.43857 3.74351
7.55694 2.9693
6.3177 3.8381
8.62311 2.35836
5.71216 4.33547
2.52633 8.30994
1.89881 9.57499
3.82134 6.33695
3.03906 7.44725
5.24776 4.75853
5.82396 4.23903
0.00669329 19.2799
5.52272 4.50354
10.242 1.61753
8.1446 2.61878
5.89811 4.17672
4.76839 5.23841
6.05963 4.04213
5.83298 4.23121
4.85595 5.14676
0.00140504 19.6712
3.32745 7.01256
4.14394 5.93647
1.83094 9.72933
3.12066 7.32029
4.96654 5.03389
12.3499 0.917649
8.10553 2.64101
8.03963 2.67889
6.88468 3.41651
11.7818 1.08181
11.1778 1.27467
10.3734 1.56594
2.77235 7.87979
4.06963 6.02637
3.59035 6.6428
5.65782 4.38309
5.09002 4.911
4.94226 5.05817
5.92803 4.15137
2.31735 8.70169
1.81172 9.77274
1.88808 9.598
1.35534 10.9447
1.89213 9.58888
1.14241 11.5827
0.897777 12.4241
1.14471 11.5753
15.5474 0.280297
13.035 0.742617
10.7491 1.42467
10.6793 1.45015
16.6777 0.150812
9.35218 1.99968
10.691 1.44592
9.34924 2.00081
10.6882 1.44723
3.42591 6.87082
1.86743 9.64475
2.49111 8.37585
0.366085 14.9545
0.667195 13.363
16.3001 0.189074
10.0681 1.68792
9.3056 2.02117
11.4414 1.18733
10.7048 1.44078
1.84272 9.70117
1.52555 10.4797
3.26185 7.10801
12.2572 0.943039
17.5854 0.077739
17.6098 0.0760995
0.299109 15.4089
7.92126 2.74791
4.1563 5.92166
5.06412 4.9369
3.00839 7.49509
4.79983 5.20427
0.331532 15.1818
1.01344 12.0112
0.277128 15.5687
0.277783 15.5637
0.820907 12.7174
1.05804 11.8588
0.760282 12.9618
6.19629 3.93278
7.29395 3.13787
6.1634 3.95866
3.21678 7.1749
2.54452 8.2773
8.32497 2.51806
19.5554 0.00250133
16.3884 0.179684
0.658516 13.4009
16.7101 0.147782
10.5225 1.5088
2.63328 8.11922
9.41644 1.97009
4.779 5.2268
11.361 1.21367
14.9106 0.372974
15.6352 0.268317
7.41077 3.06204
0.0686743 17.7266
0.147868 16.7101
4.03789 6.06484
11.497 1.16955
14.8347 0.385136
13.9063 0.55236
2.36549 8.60979
10.7564 1.42233
6.11231 3.9998
11.4984 1.16909
3.28174 7.07876
0.549098 13.9216
5.20297 4.80128
2.09665 9.14553
8.5025 2.42289
7.13343 3.24522
15.7531 0.253306
2.55486 8.25935
0.289373 15.4788
3.7444 6.43742
4.60783 5.40826
2.22622 8.88091
13.2663 0.689538
12.6248 0.84495
11.769 1.08484
1.37016 10.9022
3.77106 6.40215
3.31115 7.03795
5.84927 4.21799
0.1982 16.2235
8.95979 2.18751
2.28749 8.7608
1.69192 10.0578
4.55398 5.46719
4.04608 6.055
0.365582 14.9576
11.1962 1.26826
1.18821 11.4391
2.73295 7.94667
1.64588 10.1739
2.49752 8.36377
3.21054 7.18422
2.07948 9.18335
12.2207 0.953406
10.786 1.41129
2.33503 8.66837
0.056071 17.939
3.82442 6.33324
4.50421 5.52241
4.60555 5.41088
0.858455 12.5715
1.29605 11.1165
18.2549 0.0398858
5.24467 4.76236
1.88518 9.60518
16.9459 0.126595
1.43699 10.7153
1.15849 11.5325
0.828123 12.6898
0.487668 14.2419
8.14267 2.61992
2.08826 9.16317
14.6812 0.410304
6.36095 3.80271
0.257969 15.7164
13.3428 0.671359
4.77325 5.23463
5.9025 4.17248
4.16697 5.90889
0.184202 16.3474
0.148815 16.699
2.11023 9.11851
16.9327 0.127656
1.25738 11.2281
10.2866 1.60117
0.175361 16.4301
7.93936 2.73721
9.177 2.08227
1.43432 10.7244
2.62678 8.13172
3.03831 7.44807
3.82074 6.33793
1.05987 11.8517
7.29208 3.13914
0.647921 13.4501
11.9427 1.03297
4.61826 5.39698
5.37128 4.64264
4.25517 5.80532
16.9469 0.126472
9.04417 2.14563
10.0831 1.68169
11.4717 1.17771
3.04561 7.43637
15.3669 0.305047
14.4213 0.455137
5.48779 4.53635
0.221038 16.016
3.48839 6.78297
18.9299 0.0147181
2.08695 9.16584
13.1269 0.72088
6.73596 3.52265
13.492 0.638729
12.6068 0.849257
15.0033 0.358495
6.54601e-05 19.9306
4.33535 5.71209
6.23635 3.90029
10.2463 1.6166
8.9359 2.19881
2.96964 7.5563
14.3849 0.461967
7.95655 2.72744
7.28033 3.14693
6.38334 3.78574
5.35879 4.65377
7.61192 2.93544
6.48885 3.70495
17.3352 0.0953214
9.80803 1.79718
14.4008 0.458808
13.6851 0.597655
12.164 0.969147
0.101426 17.253
5.58232 4.4499
2.11598 9.10535
1.01733 11.9959
8.16079 2.60962
0.351335 15.0498
16.1097 0.210227
9.00938 2.16343
17.1972 0.105756
5.35783 4.65464
2.25423 8.82529
2.93467 7.61316
6.84234 3.44699
9.98366 1.723
11.0399 1.32137
3.15554 7.26744
9.878 1.76694
8.59276 2.37427
0.0152898 18.9093
0.435015 14.536
9.55964 1.90514
1.59112 10.309
3.71283 6.47867
12.0824 0.993172
14.1324 0.508171
8.26783 2.55016
5.04902 4.95379
1.99783 9.35559
6.72624 3.52929
0.410382 14.6816
0.0316776 18.4404
0.0325985 18.4178
12.8129 0.796784
8.77076 2.2819
7.09542 3.27039
1.23773 11.287
1.23917 11.2833
1.61376 10.2515
2.41101 8.5229
14.0263 0.528794
18.5355 0.0279052
0.716081 13.1474
0.706529 13.1885
0.0809463 17.5368
5.76755 4.28931
13.8556 0.562251
19.1527 0.00919711
15.9439 0.229631
4.66537 5.34626
0.122573 16.9913
3.60846 6.61826
3.32075 7.02169
0.488692 14.2362
0.492065 14.218
3.46845 6.81185
3.92571 6.20433
7.61206 2.93518
7.60563 2.93913
4.4994 5.52746
17.5879 0.0776541
1.39204 10.8392
4.43806 5.59548
3.3731 6.94641
4.76051 5.24559
8.47314 2.43758
6.34536 3.81531
5.54119 4.48734
15.2168 0.326344
18.1385 0.04546
0.0402298 18.2482
9.44907 1.95554
10.8209 1.39872
5.24814 4.75804
3.6861 6.51403
0.00945586 19.1443
2.60184 8.17499
13.1671 0.71147
18.5058 0.029095
18.7551 0.0200396
0.969803 12.162
4.86335 5.13909
7.18945 3.20817
1.19517 11.4196
9.179 2.08072
0.566865 13.8343
0.601874 13.6666
1.77493 9.86124
5.70925 4.3378
4.66778 5.34418
6.91446 3.39523
10.0158 1.70938
2.30936 8.7196
3.46863 6.81088
1.49799 10.5509
0.311434 15.3202
0.397935 14.7564
7.61911 2.93049
12.7629 0.809711
10.6206 1.47204
8.37128 2.49334
8.39304 2.48194
1.91782 9.53298
3.49111 6.77925
3.4869 6.78515
0.368629 14.9411
0.635556 13.5058
1.33824 10.9914
0.914854 12.3598
1.94605 9.46923
0.766903 12.9342
6.00882 4.08402
8.14882 2.61722
6.71771 3.53566
5.75418 4.2993
1.02307 11.9786
9.73217 1.82924
11.1779 1.27426
17.8008 0.0640377
8.29922 2.53258
14.0819 0.517862
12.6107 0.848339
2.93095 7.61861
1.92761 9.51022
7.47625 3.02063
4.25118 5.80971
7.52365 2.99063
10.8586 1.3852
15.4231 0.297012
13.6934 0.595484
2.42233 8.50162
7.74305 2.85444
4.98852 5.01167
2.55612 8.25745
2.33198 8.67338
0.09241 17.3797
12.8277 0.79312
9.98768 1.7215
2.0138 9.32118
7.05145 3.30033
7.05685 3.29663
0.974154 12.1468
0.722341 13.1217
0.397312 14.7598
0.263033 15.678
0.25986 15.7024
10.1399 1.65857
5.11074 4.89057
1.71446 10.0036
1.62208 10.2307
9.53161 1.91811
12.4732 0.884946
2.04395 9.25811
3.12533 7.31319
10.0436 1.69848
11.7249 1.0985
13.1745 0.71006
9.90232 1.7566
19.9742 1.20989e-05
19.1537 0.00914845
15.1474 0.336952
14.2414 0.487814
19.7235 0.000962514
2.6692 8.05647
0.883197 12.48
0.110444 17.1433
2.84985 7.75155
1.78254 9.84191
0.596636 13.688
1.09947 11.7223
1.23072 11.3108
2.7199 7.96915
0.514265 14.1003
1.55237 10.4084
1.62752 10.217
1.28327 11.1511
0.369873 14.9302
1.63363 10.2019
2.16764 8.9991
13.5442 0.627107
17.4909 0.0840791
13.1696 0.710909
16.6595 0.152605
0.842897 12.6323
1.06464 11.8373
1.11568 11.6691
0.653613 13.4226
0.189593 16.2952
0.192795 16.2655
0.466205 14.3593
0.801202 12.7959
0.00470452 19.3913
3.35979 6.96574
6.78805 3.48477
0.146928 16.7207
1.01403 12.008
0.0497036 18.0569
0.512088 14.113
0.341783 15.1129
0.349336 15.0632
4.32038 5.72978
5.71455 4.33368
5.81037 4.25086
4.29195 5.76238
1.14716 11.5673
1.13644 11.6015
0.280048 15.551
3.26004 7.11113
1.48405 10.5881
0.148304 16.7045
0.145233 16.737
0.801663 12.7954
0.132635 16.8754
0.132839 16.8731
11.9609 1.02764
10.9325 1.35897
4.02134 6.08526
0.779432 12.8831
0.198572 16.2135
0.611435 13.6185
0.590167 13.7201
3.59296 6.63921
3.55967 6.68461
0.0644755 17.7934
0.112858 17.1087
2.45687 8.43734
3.59442 6.63736
4.10706 5.98224
5.46575 4.55535
5.52764 4.49897
6.6275 3.60143
8.77226 2.28111
3.85927 6.28844
7.31685 3.12356
10.493 1.52001
3.38825 6.92471
7.18387 3.21077
6.40714 3.76738
2.95199 7.58468
3.67129 6.53362
3.68167 6.5198
6.45469 3.73242
4.45576 5.57564
4.7561 5.25013
3.79623 6.37128
3.45443 6.83089
0.49547 14.1999
0.85279 12.594
1.42345 10.7525
2.45567 8.43975
0.684434 13.286
11.159 1.28071
0.749573 13.0066
2.28692 8.76156
2.86857 7.71987
2.87571 7.70812
2.79535 7.84155
4.54481 5.47694
4.55063 5.47054
3.64531 6.56832
3.68587 6.5144
6.01096 4.08232
3.54836 6.70113
2.73526 7.9429
5.12436 4.87723
6.15415 3.9656
5.63009 4.40731
4.87665 5.12489
4.88798 5.11329
4.14268 5.93809
1.30318 11.0927
3.32627 7.01495
0.852377 12.5951
5.0596 4.94105
3.02794 7.46522
3.022 7.47475
1.97425 9.40765
3.90507 6.23052
2.89068 7.68363
1.19935 11.4042
1.38262 10.8669
0.311209 15.3225
1.75246 9.91283
1.44601 10.6908
1.01979 11.9876
1.28526 11.1465
1.28449 11.1489
0.319072 15.2669
1.16629 11.5083
0.026243 18.5792
0.203478 16.1691
1.46862 10.63
4.23719 5.82591
2.09257 9.15423
3.32573 7.0151
1.94538 9.47028
1.94287 9.47577
2.2596 8.8146
12.3982 0.904522
12.5923 0.853136
12.8177 0.796475
11.5157 1.16396
14.5813 0.427193
12.961 0.760649
19.3274 0.00579932
19.3409 0.00554348
16.7187 0.146923
16.729 0.145987
15.4214 0.297223
8.4502 2.4504
6.12301 3.99071
11.2882 1.23736
6.22652 3.90792
8.83186 2.25099
10.6369 1.46625
7.33444 3.11264
12.0743 0.994675
8.50751 2.41918
8.90615 2.21361
5.45045 4.56937
9.51552 1.92595
8.2286 2.57174
5.79828 4.26084
5.44572 4.57333
11.8758 1.05269
9.01587 2.15949
3.96345 6.1569
8.88567 2.22415
5.93654 4.14381
4.69235 5.31895
8.54593 2.39906
6.7035 3.54604
3.71214 6.47929
9.45032 1.9544
5.13719 4.86471
2.03729 9.27101
0.400601 14.7395
1.65874 10.1424
0.251238 15.7681
4.20745 5.86141
1.52347 10.4843
1.10393 11.7082
0.0902587 17.4032
0.240319 15.8583
0.677063 13.3185
5.0708 4.92973
3.10357 7.34684
1.55764 10.3948
1.55705 10.3963
0.854753 12.5866
1.32434 11.0336
1.38165 10.869
1.67131 10.1085
1.33677 10.9969
0.950581 12.2302
1.82587 9.74055
4.34272 5.70358
10.2553 1.61233
8.79138 2.27193
8.12954 2.6281
7.29601 3.13695
13.2989 0.681253
11.6099 1.13383
7.45694 3.03315
6.52001 3.68219
8.45043 2.44977
6.79305 3.48121
9.53535 1.91629
9.34921 2.00092
3.76677 6.40765
10.4298 1.54418
9.25442 2.04512
9.25347 2.04562
6.26684 3.87639
13.8002 0.573621
3.71972 6.47001
4.378 5.66405
1.57366 10.3536
1.31063 11.0711
6.9561 3.36615
4.74083 5.26619
1.68692 10.071
4.74656 5.26005
3.78211 6.38919
3.79208 6.37581
2.58911 8.19744
3.4375 6.85486
3.85849 6.28925
6.8884 3.41366
7.51225 2.99741
5.65958 4.38267
7.10178 3.26625
3.83878 6.31485
0.0762659 17.6066
0.0104192 19.0976
0.0105154 19.0933
0.30857 15.3412
0.00055474 19.7934
0.00543789 19.3462
0.189556 16.2972
10.5272 1.50757
7.84991 2.79014
5.13149 4.87108
1.03384 11.9397
3.36762 6.95397
3.35378 6.97387
3.8262 6.33142
15.8778 0.237611
10.8886 1.37517
9.28393 2.03122
18.3257 0.0367183
12.2709 0.939541
10.1226 1.66557
11.8618 1.05715
10.8269 1.39649
14.7932 0.392351
8.67192 2.33272
11.6606 1.11816
8.26372 2.55198
0.297711 15.4176
0.445197 14.4773
0.438312 14.5167
0.437375 14.5222
9.02644 2.15435
5.85262 4.21447
10.9536 1.3517
3.06462 7.40675
4.57085 5.44902
4.13368 5.94939
4.35035 5.69484
12.8098 0.797734
6.8402 3.44764
7.21095 3.19388
6.84799 3.44212
4.97443 5.02618
5.5715 4.46034
4.58478 5.43502
10.4694 1.52917
6.60911 3.61504
8.1837 2.5969
6.62109 3.60784
4.07389 6.02089
4.53405 5.48873
9.25418 2.04533
4.81924 5.18412
7.80342 2.81929
6.40746 3.76688
4.05724 6.04408
2.36614 8.60787
4.41743 5.61905
5.34011 4.67122
11.5279 1.16057
15.8009 0.247201
9.74122 1.82532
9.7329 1.82892
12.1366 0.977315
9.94852 1.73715
7.86484 2.7818
0.0214696 18.711
0.0211204 18.7218
0.32485 15.2298
0.070148 17.7021
0.00247059 19.5593
2.04939 9.24555
1.06297 11.8415
2.906 7.65873
3.24597 7.13264
3.21323 7.18022
2.13278 9.07083
1.29055 11.1305
3.6964 6.50244
3.52754 6.72864
3.61805 6.60521
5.00225 4.99778
2.46677 8.41907
1.74054 9.94047
3.52607 6.73208
3.1813 7.23056
7.16389 3.22658
4.69054 5.31944
2.1568 9.02423
2.67702 8.04362
6.61474 3.61086
4.89505 5.10611
17.9782 0.0538612
17.0898 0.114373
11.6372 1.1254
9.12125 2.10849
8.89344 2.22003
10.1074 1.67175
10.0938 1.67726
10.1118 1.6699
12.8676 0.783472
13.9884 0.535888
9.40958 1.97307
9.79758 1.80129
8.65562 2.34159
8.67684 2.33028
11.4165 1.19594
5.80828 4.2542
8.74709 2.2943
6.24466 3.89376
6.24992 3.88958
7.21632 3.18944
7.3191 3.12247
10.3069 1.59209
7.40089 3.06873
16.2762 0.191875
16.8446 0.135399
7.68738 2.88867
9.05399 2.14135
8.36388 2.49674
11.0494 1.31832
9.62802 1.87492
11.0578 1.31554
11.0541 1.31691
1.77959 9.84786
2.05018 9.24546
4.00996 6.0993
3.19898 7.20274
3.95639 6.1668
8.93442 2.19997
3.4086 6.89689
4.48406 5.54425
2.51274 8.33533
2.90162 7.66703
5.64831 4.3912
10.575 1.48969
10.6261 1.47009
5.29414 4.71428
5.9997 4.09165
3.96887 6.15017
6.04803 4.05302
6.49092 3.70347
4.8861 5.11595
8.05367 2.67081
6.8163 3.46553
5.65545 4.38568
5.39681 4.61883
5.64948 4.39092
6.46423 3.72446
1.52517 10.4804
1.36702 10.9097
1.96301 9.43214
0.0571066 17.9206
0.219045 16.0336
0.241614 15.8491
0.0111931 19.0712
1.21901 11.3441
1.23425 11.2978
0.032843 18.414
0.0333493 18.4029
1.71394 10.0081
2.77666 7.87344
0.57099 13.8124
0.799023 12.8047
1.03291 11.943
2.44415 8.46165
0.775223 12.9018
2.15901 9.01733
1.97425 9.40714
2.40738 8.53005
0.681495 13.2978
0.867297 12.5379
1.31637 11.0544
1.06715 11.83
1.58744 10.3187
0.25291 15.7585
0.343797 15.103
0.784236 12.8635
1.08518 11.7678
0.941032 12.2647
0.58781 13.7322
1.1182 11.6603
0.736988 13.0586
2.89319 7.68005
2.21156 8.91025
13.3138 0.678114
16.0827 0.213318
0.610516 13.6228
0.608819 13.6304
1.37467 10.8881
3.01471 7.48492
1.12405 11.6417
2.58114 8.21162
0.509319 14.1285
1.93892 9.48494
1.62577 10.2229
0.157943 16.6036
0.627223 13.5436
0.529399 14.0219
0.825211 12.7002
0.705629 13.1926
1.20462 11.3906
1.19385 11.4228
0.41016 14.6824
1.09262 11.7445
1.10433 11.706
1.0981 11.7265
3.92041 6.21092
0.731014 13.0852
0.46712 14.3546
1.12864 11.627
16.5217 0.166039
16.458 0.172797
16.4198 0.176771
17.2653 0.100802
15.5934 0.274041
14.7594 0.397987
13.6961 0.595128
13.8465 0.564088
14.3047 0.476101
12.5276 0.869961
10.1277 1.66441
9.42625 1.96658
15.3148 0.312204
9.84618 1.78033
9.56389 1.9038
12.1012 0.987424
12.4696 0.885326
7.93198 2.74164
1.81686 9.76304
0.907264 12.3885
1.19435 11.4208
0.659753 13.3952
0.658906 13.3992
3.3233 7.01801
1.03048 11.9532
2.59183 8.19232
18.4062 0.0330866
16.7969 0.139997
18.4013 0.0332915
15.1498 0.336559
17.7006 0.0702254
19.0075 0.0126944
13.52 0.633526
12.708 0.823333
9.68664 1.84932
9.6744 1.85459
11.5107 1.16536
17.3091 0.0971857
11.507 1.16651
11.0648 1.31289
5.72946 4.32034
8.29791 2.53313
12.9365 0.76634
5.16181 4.84077
11.4919 1.17113
5.30023 4.70928
4.37886 5.66232
9.60308 1.88585
9.65167 1.86447
13.2559 0.691287
10.5437 1.50072
7.48506 3.01463
4.29879 5.75421
0.987075 12.1027
1.87195 9.63453
1.94904 9.46357
3.1649 7.2529
1.39635 10.8272
2.67405 8.04797
0.831811 12.677
4.34457 5.70173
2.37622 8.59061
4.46944 5.56145
3.65446 6.55735
2.88828 7.68754
2.42623 8.49488
2.42839 8.49094
2.84998 7.7504
2.21325 8.90739
0.175392 16.4299
0.0914855 17.3906
0.148008 16.7074
0.027297 18.5498
0.230066 15.9402
1.08727 11.7616
0.357207 15.0122
0.49417 14.2111
8.56537 2.38848
18.0495 0.050388
14.8037 0.390136
14.7184 0.40413
11.288 1.23744
12.2336 0.950019
12.2889 0.93439
14.5365 0.434938
8.50725 2.41961
9.1565 2.0914
15.5265 0.28282
10.844 1.39154
12.6315 0.842841
13.0808 0.731959
9.27523 2.03522
9.302 2.02277
10.1532 1.65326
15.0987 0.343905
14.6885 0.409088
9.99346 1.71845
13.3157 0.677759
13.5518 0.625633
13.5509 0.625839
12.1481 0.973943
16.6877 0.149872
14.2627 0.483781
14.1291 0.508764
14.1547 0.503907
13.9588 0.541719
11.2619 1.247
13.7889 0.57595
7.96003 2.72526
14.6488 0.415793
8.74092 2.29733
10.9413 1.35629
10.4108 1.55206
11.4627 1.18042
3.44926 6.83927
2.43374 8.48329
0.881339 12.4846
1.30435 11.0901
1.30072 11.1005
0.802559 12.7939
6.77614 3.49391
5.51325 4.51183
3.51789 6.74231
5.59367 4.43981
7.26295 3.15827
4.12661 5.95732
2.83836 7.77022
2.83874 7.76968
5.69895 4.34685
2.0522 9.23908
6.09318 4.0152
4.80441 5.20008
3.38623 6.92728
3.82017 6.33949
3.81081 6.3516
2.7941 7.84348
6.94178 3.37669
6.56904 3.64494
6.97956 3.34989
4.07954 6.01428
5.0559 4.94441
4.12469 5.95978
3.54261 6.70819
0.209756 16.1136
0.0858981 17.4677
0.096426 17.3212
17.918 0.057287
15.3111 0.312823
11.5063 1.16651
13.0991 0.727599
16.5019 0.168063
13.5034 0.635937
18.8499 0.0170797
13.4571 0.646583
16.4121 0.177207
16.4399 0.174338
16.2174 0.198129
17.0969 0.11383
15.7573 0.252628
19.8623 0.000241161
14.8605 0.381016
18.1008 0.0474702
18.1093 0.0470377
19.4774 0.00346819
16.1851 0.201673
16.6152 0.157032
14.9054 0.374275
10.9528 1.35172
17.4605 0.0862283
11.6631 1.11729
15.1278 0.339701
15.1569 0.335443
15.2003 0.329053
0.313466 15.3065
0.554798 13.8979
1.79545 9.81128
0.119516 17.0275
0.0407276 18.2372
0.00765724 19.225
0.235496 15.8977
10.6056 1.4777
7.31226 3.12591
9.22142 2.06069
7.69045 2.88675
8.38158 2.48715
5.23366 4.77167
8.53688 2.40382
8.51494 2.41546
7.39031 3.07568
7.3557 3.09768
3.39093 6.92283
1.26973 11.1914
8.15044 2.6159
4.67174 5.34093
4.65708 5.35631
7.01145 3.32806
5.3085 4.70358
3.28436 7.07594
5.62872 4.40853
2.00896 9.33238
2.80851 7.82039
6.24802 3.89093
2.50177 8.35755
2.68661 8.02633
2.69586 8.01024
8.48272 2.43443
5.31916 4.69092
3.58927 6.64555
5.46891 4.55211
5.87075 4.19991
4.28637 5.76907
1.67684 10.0948
2.33217 8.67298
2.94896 7.5897
0.244696 15.8206
0.457591 14.4088
0.531506 14.0112
0.164284 16.541
0.701909 13.2105
1.19773 11.4105
0.982961 12.1161
0.282591 15.5285
0.137147 16.8254
0.634538 13.5102
0.553034 13.9028
0.996789 12.067
0.039677 18.2585
0.123518 16.9802
0.553522 13.9
0.483084 14.2678
0.417704 14.6371
1.54345 10.4316
1.54204 10.4352
1.30997 11.0752
0.016966 18.8519
0.0180029 18.8179
1.42091 10.76
0.74112 13.0419
1.74653 9.92709
0.427646 14.5812
1.45934 10.6552
0.786674 12.8536
6.70051 3.548
7.47151 3.02321
7.49394 3.009
9.73204 1.83016
8.59397 2.37379
4.38414 5.65653
3.74878 6.43114
1.88412 9.60715
4.19453 5.87634
6.56744 3.6462
6.21535 3.91675
5.36494 4.64934
4.31806 5.73296
1.7061 10.0236
1.85475 9.67579
4.83127 5.17178
2.5022 8.35514
3.66608 6.54149
2.15233 9.03067
2.72803 7.95562
4.42794 5.60755
2.48121 8.39235
2.79924 7.83608
0.652661 13.4293
1.9918 9.3704
3.58665 6.64758
1.59305 10.3042
0.662349 13.3836
3.38331 6.9315
2.63083 8.1234
3.49164 6.77909
1.47045 10.6253
2.26532 8.80528
2.37253 8.59581
1.56204 10.3835
5.04391 4.95708
2.57527 8.22362
3.09874 7.35424
10.3594 1.57136
8.24136 2.56447
7.36617 3.09085
7.39879 3.06973
14.2183 0.492109
3.53786 6.71442
7.8218 2.80723
7.11262 3.2589
7.10752 3.26234
16.8616 0.133872
17.8984 0.0583771
18.6427 0.0238448
17.2386 0.102743
17.2428 0.102407
17.5904 0.0773103
17.4597 0.0864359
8.37492 2.49116
5.14209 4.86006
5.93513 4.14506
6.02629 4.0697
6.02868 4.06765
1.66376 10.1271
1.03996 11.9217
0.346895 15.0801
0.684706 13.2836
0.349091 15.0663
0.556725 13.8871
15.7284 0.256486
17.0124 0.121009
18.0605 0.049552
17.6416 0.0740449
17.6629 0.0726893
13.4517 0.647252
12.6724 0.832797
6.61332 3.61202
13.6738 0.599669
6.12581 3.9889
6.05232 4.04835
10.8317 1.3952
12.4108 0.90156
12.4473 0.891674
2.29343 8.74819
3.09218 7.36419
5.76927 4.28576
3.13597 7.29833
2.99713 7.51304
2.98232 7.53737
2.25083 8.83218
1.95281 9.45699
5.20693 4.79763
6.83293 3.45333
4.94773 5.05257
5.06452 4.93689
3.07035 7.39893
3.60825 6.61943
5.11858 4.8836
4.72939 5.27819
16.0614 0.215741
13.6358 0.607655
12.5632 0.861146
14.2907 0.479192
12.7237 0.819301
14.3282 0.471865
8.83098 2.25166
8.7937 2.27023
9.72808 1.83123
8.44511 2.45297
8.42849 2.46188
9.19441 2.0734
6.83804 3.44955
3.86411 6.28214
8.14239 2.6207
5.79679 4.26219
6.11126 4.00025
6.10529 4.00508
5.41789 4.59895
14.5516 0.432551
15.476 0.289723
16.5298 0.165338
18.3244 0.0368409
10.3897 1.55986
11.8455 1.06192
9.50475 1.92986
10.5515 1.49784
10.1445 1.65696
16.9742 0.124015
16.3789 0.180777
14.0447 0.52552
14.9898 0.361125
12.3067 0.92971
15.7393 0.25493
15.7436 0.254382
10.2304 1.62257
8.66821 2.3348
10.7361 1.42976
8.28536 2.54061
6.64053 3.59197
10.618 1.47313
10.6285 1.46942
10.4456 1.53802
9.85999 1.77442
9.84958 1.77884
11.7928 1.07761
11.9845 1.02118
9.52643 1.92001
9.14496 2.09702
9.60724 1.8846
9.38637 1.98389
9.36195 1.9952
15.602 0.272809
13.0477 0.73958
19.2616 0.00695183
8.04041 2.67845
10.618 1.47285
14.1627 0.502787
7.78067 2.83168
11.3894 1.20428
0.144114 16.7487
0.0456175 18.1353
0.508844 14.1287
0.135146 16.8521
0.362808 14.9756
0.36312 14.9735
0.0787031 17.5797
6.06107 4.04123
3.20749 7.18897
0.803719 12.7852
2.67275 8.05302
4.71074 5.29834
2.47201 8.40992
4.42973 5.60695
6.21859 3.91483
4.15813 5.92015
3.97904 6.13745
10.5564 1.49655
11.1227 1.29293
10.1727 1.64524
11.2048 1.26515
1.49405 10.5617
0.444478 14.4816
0.782248 12.8733
2.07333 9.19515
1.7816 9.84322
1.77717 9.85365
1.25325 11.2422
13.2475 0.692967
13.2533 0.691632
17.4613 0.0861983
13.1686 0.711465
13.1887 0.706714
13.2021 0.70354
13.1838 0.707666
13.1206 0.722607
15.6929 0.260878
15.7119 0.258452
3.65082 6.56097
0.421752 14.6136
1.18597 11.4459
1.1915 11.4288
1.43718 10.7147
1.15172 11.5561
2.63722 8.1127
3.42762 6.86856
2.15225 9.03369
1.34724 10.9657
1.17949 11.4656
3.05773 7.41753
2.01394 9.32083
9.07313 2.13154
12.824 0.794016
8.67582 2.3313
10.3283 1.58384
17.4199 0.0891527
8.06244 2.66588
13.2225 0.6994
7.75813 2.84532
6.22008 3.914
7.24903 3.16756
4.57834 5.44079
6.63338 3.59752
7.68168 2.89189
7.7206 2.86894
8.55114 2.39617
8.54261 2.40067
7.92583 2.74563
11.4158 1.19597
18.3012 0.0376918
11.9907 1.01883
13.0585 0.737254
10.7265 1.43281
10.728 1.43228
13.6083 0.613397
12.9673 0.759282
4.22529 5.84
7.98949 2.70814
4.43494 5.59897
6.31838 3.83588
8.03187 2.68338
5.57734 4.4542
7.33922 3.10872
8.02809 2.68557
12.293 0.933159
11.7597 1.08802
7.62714 2.92564
2.8068 7.82202
3.82411 6.33336
4.13465 5.94757
0.663583 13.3776
2.19066 8.95241
2.5523 8.26331
1.71423 10.0038
1.81658 9.76352
1.88703 9.60273
0.374627 14.9009
0.171404 16.47
1.66475 10.1244
0.573183 13.8016
1.41886 10.7649
0.161391 16.5685
9.87052 1.7705
5.14656 4.85589
5.14911 4.85349
1.91389 9.54008
4.70634 5.30265
4.66622 5.3455
5.66566 4.37611
5.62323 4.41412
1.35314 10.9488
6.21132 3.92028
4.65084 5.36236
4.64534 5.36837
9.40106 1.97754
2.9763 7.54624
4.94286 5.05798
4.94113 5.05996
4.53748 5.48497
3.43712 6.85663
3.91072 6.22295
3.84292 6.31232
5.51007 4.51483
2.77418 7.87722
1.78742 9.82952
1.78578 9.83341
1.46197 10.6473
0.690698 13.2577
0.301131 15.3931
0.640147 13.4844
1.83117 9.72781
0.972715 12.1513
4.99378 5.00632
7.23016 3.18067
12.3851 0.908415
9.0454 2.14529
14.397 0.459416
9.68274 1.85199
7.05533 3.29831
12.3891 0.906931
7.55847 2.96829
8.34881 2.50607
5.02032 4.97991
6.77029 3.49757
7.19414 3.2047
2.0578 9.22793
2.73765 7.93884
3.13025 7.30567
0.573905 13.798
3.53325 6.72097
12.0114 1.0129
14.0204 0.529742
16.566 0.161682
13.8654 0.560326
15.8382 0.242751
10.2216 1.6268
17.393 0.0909865
5.39932 4.61636
6.17858 3.94619
6.21771 3.91646
4.5698 5.45017
1.86587 9.64887
4.12441 5.95985
3.73303 6.452
3.73567 6.44851
2.00712 9.33574
0.105077 17.2113
0.281157 15.5386
0.0843667 17.4879
0.322515 15.2431
0.00344547 19.482
5.78319 4.27386
4.89372 5.10766
4.28179 5.77389
9.2644 2.04031
4.50333 5.52424
4.38585 5.65565
3.27667 7.08639
6.5332 3.67154
4.65347 5.359
6.44228 3.74027
4.68502 5.32542
1.5979 10.2921
2.3269 8.68384
2.2435 8.84711
2.69326 8.01508
2.13718 9.06226
2.11177 9.11534
2.12351 9.09094
2.65594 8.08015
1.10664 11.6983
1.14445 11.5761
1.73634 9.95059
1.74889 9.92051
2.54791 8.27137
11.6251 1.12931
14.7769 0.394849
17.1151 0.112368
12.2183 0.953942
16.3128 0.187706
15.3661 0.305229
15.3284 0.310648
14.7493 0.39916
15.1034 0.343569
13.805 0.57294
7.07157 3.28725
14.9675 0.364274
10.348 1.57602
0.967548 12.1724
1.70759 10.0212
1.912 9.5443
0.2656 15.6562
1.10874 11.6908
1.11385 11.6748
1.09956 11.7206
1.39784 10.8239
1.39117 10.8423
2.58168 8.21056
3.00234 7.50581
2.98588 7.53214
3.34397 6.98881
3.33818 6.9972
2.43528 8.47828
2.94931 7.58921
2.12747 9.08206
3.1778 7.23377
3.61348 6.61156
3.78555 6.38351
3.79922 6.36573
15.2277 0.324828
12.1533 0.97291
13.8916 0.55519
8.9337 2.20007
12.8897 0.777917
12.568 0.859525
14.5045 0.440453
14.1729 0.500792
18.5184 0.0285111
10.9967 1.33639
18.0382 0.0506258
13.883 0.55676
3.05563 7.42188
9.51671 1.92528
5.94919 4.13402
8.23112 2.57008
4.01221 6.09675
7.75716 2.84619
5.42581 4.59288
4.58249 5.43574
5.88089 4.19058
7.47871 3.01879
7.38796 3.07672
0.329775 15.1948
0.292813 15.4529
0.750522 13.0019
0.0527445 17.9986
0.103649 17.2244
13.7747 0.578678
6.86311 3.43267
11.8563 1.0586
5.95945 4.12477
0.927048 12.3154
1.18371 11.4531
1.61206 10.2568
1.71583 10.0016
2.67338 8.04911
0.909311 12.3825
2.13413 9.06785
1.74514 9.92958
1.75196 9.91337
0.941576 12.2634
4.82513 5.17826
0.743009 13.0346
1.98499 9.38344
1.98741 9.37819
6.57707 3.64058
3.19264 7.21179
4.12791 5.95654
4.52629 5.49728
4.52239 5.50162
0.270918 15.6174
0.248786 15.7889
0.882626 12.4805
0.893844 12.4382
12.8306 0.792903
11.9644 1.02687
6.85684 3.43576
7.14138 3.23941
11.1151 1.29563
10.3444 1.57792
8.98534 2.17492
10.5452 1.50048
10.5546 1.49719
9.23892 2.05284
10.6689 1.45483
9.34003 2.00513
1.88217 9.61178
1.20816 11.377
1.56785 10.3687
1.20747 11.3791
0.0138463 18.9632
0.551135 13.913
0.583468 13.7514
0.837244 12.6535
0.775542 12.8998
0.156482 16.6194
0.593407 13.7052
2.10023 9.14101
3.11254 7.33277
1.47791 10.6052
8.9839 2.17512
4.86744 5.13468
5.32237 4.688
3.85972 6.28774
2.32295 8.69153
1.03435 11.939
1.87586 9.62596
0.94371 12.2562
2.1819 8.97015
0.0893636 17.4172
2.01762 9.3151
1.16329 11.5167
4.03052 6.07436
3.65619 6.55438
3.03334 7.45727
3.46029 6.82231
3.65847 6.55117
2.8783 7.7062
3.40159 6.90759
3.40813 6.89787
0.342562 15.1079
0.384282 14.8397
1.01018 12.0212
2.04725 9.24962
1.72692 9.9731
0.0923734 17.38
0.971435 12.1559
10.7335 1.43032
11.5228 1.16132
11.5128 1.16443
11.3836 1.20599
10.04 1.69924
10.8753 1.37914
9.92978 1.74508
10.2017 1.6348
10.0022 1.71502
10.0765 1.68473
7.54364 2.97795
8.01974 2.69059
8.45748 2.44606
8.08925 2.65167
9.0374 2.149
14.7742 0.394915
13.3629 0.666912
6.8813 3.41855
10.7965 1.40739
2.49941 8.35907
2.61914 8.14512
2.62479 8.13493
2.62553 8.13349
1.13244 11.6152
5.8734 4.19787
2.36058 8.62213
0.0664567 17.7624
0.183917 16.3482
0.275289 15.5835
0.106957 17.183
0.110467 17.1378
0.363773 14.9708
0.095254 17.3348
0.117922 17.0501
8.92095 2.20729
10.7025 1.44178
6.72918 3.52729
5.26087 4.74606
5.26331 4.74367
5.76681 4.29086
6.34063 3.81937
3.01576 7.48321
5.11698 4.88439
2.75579 7.90843
3.86132 6.28746
3.8613 6.2876
1.06548 11.8335
3.27343 7.09098
1.54864 10.4197
5.09309 4.90791
4.1286 5.95536
4.88949 5.11273
1.3298 11.0156
0.515068 14.0993
0.498142 14.1863
0.869098 12.5309
1.21452 11.3578
0.87108 12.5234
0.844623 12.6246
1.36659 10.9122
14.546 0.433932
18.9789 0.0134921
16.975 0.12398
17.192 0.106317
3.80166 6.3632
4.51046 5.51596
6.38512 3.78405
6.40663 3.76773
5.49025 4.53334
5.35431 4.65782
6.27448 3.87008
5.84748 4.21897
3.9751 6.14283
0.561752 13.8585
1.68262 10.0813
2.4866 8.38426
16.6007 0.158203
14.2932 0.478574
14.3242 0.472898
17.7053 0.0701356
13.4649 0.644349
15.5558 0.279039
12.121 0.981433
12.9054 0.773971
15.1131 0.341741
16.0248 0.220047
15.9588 0.227914
9.94574 1.73858
15.4046 0.29976
8.9432 2.19566
13.4085 0.657445
11.4356 1.18956
11.6423 1.12417
9.52971 1.91879
9.52503 1.92084
0.336156 15.1533
0.575278 13.7922
0.926215 12.3188
0.224658 15.9861
0.0599459 17.8703
2.20235 8.92908
0.808128 12.7697
1.06621 11.8308
0.334851 15.1608
0.558565 13.8739
0.836388 12.6566
6.34763 3.81307
7.99303 2.70583
9.4534 1.95301
8.85431 2.23959
0.478119 14.2936
1.90979 9.54948
2.07606 9.18897
1.77195 9.8659
0.607107 13.638
0.788599 12.8458
2.07057 9.20207
1.2464 11.2609
2.76566 7.8912
0.29985 15.4046
1.5044 10.5339
1.50991 10.5193
2.51713 8.32673
0.715815 13.1519
3.0898 7.36776
8.82198 2.2561
12.1835 0.963655
13.1124 0.724282
16.4857 0.169731
16.5177 0.166664
6.15992 3.96112
14.1408 0.50656
10.1563 1.65185
4.4898 5.53766
10.2152 1.62875
11.6093 1.13415
6.68239 3.56118
6.98198 3.34949
0.395101 14.7737
0.0121907 19.0263
0.268743 15.6326
0.453805 14.4289
6.47786 3.71381
8.22118 2.57655
15.6572 0.266052
12.5154 0.873384
12.5372 0.867404
16.1953 0.200707
14.0036 0.533124
9.60952 1.8831
9.6385 1.87021
8.61282 2.36364
8.57535 2.38344
6.89541 3.40857
6.90911 3.39897
8.74036 2.29743
5.00841 4.99262
7.67124 2.89836
7.66396 2.90288
7.66656 2.90124
8.62829 2.35545
8.27432 2.54602
6.80716 3.47237
8.11783 2.63419
7.01643 3.32474
7.77799 2.83396
2.14108 9.05347
3.17122 7.24335
7.29832 3.13509
5.83112 4.23317
4.34765 5.69822
11.0362 1.32269
5.67687 4.36671
5.2306 4.77462
10.4987 1.51774
5.31745 4.69282
4.61417 5.40145
4.83332 5.16961
3.32265 7.02034
3.42358 6.87453
1.29298 11.1226
2.47939 8.39642
2.5171 8.32747
2.55545 8.25753
2.92669 7.62521
0.198355 16.2192
0.78299 12.8689
0.543148 13.9513
0.310016 15.3313
0.964628 12.1808
0.909743 12.3787
0.00127416 19.6828
0.0513808 18.0251
0.127298 16.9361
7.85689 2.78722
3.88131 6.2606
9.12135 2.10825
9.17195 2.08402
9.10505 2.11611
2.63867 8.10977
2.64528 8.09839
7.11963 3.25396
6.94701 3.37252
6.59095 3.62916
8.0949 2.6478
6.91979 3.39151
9.3009 2.0238
4.74872 5.25816
0.321807 15.2491
2.35412 8.63129
2.30624 8.72488
2.30791 8.72177
1.5111 10.5162
1.50807 10.5243
1.52668 10.4755
1.79393 9.81434
1.79424 9.81356
4.99135 5.00869
1.93961 9.483
0.379492 14.8736
3.40981 6.89493
1.49948 10.5475
0.429151 14.5714
1.21697 11.3514
1.44527 10.6934
1.14854 11.5639
2.27938 8.77582
1.95444 9.45022
0.256153 15.7294
3.75367 6.42542
1.91122 9.54637
0.11898 17.0341
0.0928938 17.3683
0.0156804 18.8991
0.531949 14.0091
0.369159 14.9353
0.361216 14.9893
0.0624535 17.8282
3.7866 6.38178
0.502476 14.1668
2.35156 8.63754
1.72359 9.9815
2.0613 9.22022
0.196601 16.2316
3.94459 6.18039
1.96615 9.42479
2.73471 7.94361
0.570628 13.8153
1.28052 11.16
2.03566 9.27448
3.49672 6.77146
1.48867 10.5781
0.742678 13.0383
1.45156 10.6755
1.45239 10.6734
13.4419 0.649396
10.3147 1.58953
14.4942 0.442392
9.7959 1.8018
11.7268 1.09767
11.8441 1.06218
10.3032 1.59334
2.18428 8.9657
2.4156 8.51424
1.86045 9.66163
2.39882 8.54583
1.83654 9.71599
3.58066 6.65643
3.58422 6.65108
1.50222 10.5409
3.24929 7.12655
3.23699 7.14533
3.24173 7.13814
3.34792 6.98246
2.26037 8.81397
3.24815 7.12906
1.59322 10.3036
2.78217 7.86343
19.0094 0.0125812
18.8128 0.0181629
1.03557 11.9339
0.0359735 18.3396
0.611709 13.618
2.52531 8.31247
0.721882 13.1225
0.643959 13.4665
0.842462 12.6347
1.09351 11.7408
1.32705 11.0241
0.443368 14.4931
8.36877 2.49418
13.713 0.591512
12.6707 0.832831
13.3853 0.662024
7.7258 2.86499
7.67629 2.89593
0.74569 13.0224
0.000272201 19.8597
9.21704 2.06275
9.24406 2.04986
6.95197 3.36909
6.96315 3.36128
4.18255 5.89057
15.0496 0.351495
14.0613 0.521716
10.5528 1.49749
8.83483 2.24945
4.74327 5.26419
7.87727 2.77447
2.34133 8.65554
0.537841 13.9793
2.99305 7.51919
2.99877 7.51014
14.3928 0.460156
9.82102 1.79131
11.2791 1.24039
14.1105 0.512549
12.7949 0.801421
11.9531 1.02986
11.9588 1.02817
11.9418 1.03325
3.19581 7.20639
3.71243 6.47892
3.61379 6.61132
4.53738 5.486
4.16026 5.91732
7.1712 3.21937
4.66084 5.35164
3.46692 6.81446
0.67284 13.3363
0.0694665 17.7121
0.324923 15.2265
0.0166243 18.8662
0.812761 12.7492
0.496971 14.1916
0.302599 15.3826
0.00082414 19.7456
0.0244361 18.6263
10.0963 1.67618
4.5303 5.4931
6.29972 3.85073
7.00684 3.33115
5.95239 4.13068
5.9641 4.12093
7.08831 3.27537
6.81836 3.46354
4.8139 5.19001
4.90951 5.09133
5.99926 4.09173
5.48117 4.54097
5.46882 4.5522
3.41626 6.88446
0.848191 12.6109
0.731925 13.0799
1.11203 11.6801
0.713186 13.16
0.719866 13.1313
0.249358 15.7846
0.528757 14.0249
1.68042 10.0878
1.85385 9.67579
1.04201 11.912
1.84071 9.70582
3.74479 6.43633
5.13449 4.86788
8.56026 2.3912
8.32051 2.52061
8.17596 2.60104
9.00186 2.16668
7.9531 2.72938
7.95566 2.7278
0.00346993 19.4776
1.27337 11.1804
0.221829 16.0121
0.452639 14.4351
0.624598 13.5565
1.54051 10.4392
0.325974 15.2194
0.486037 14.2513
3.61595 6.60785
1.38307 10.8642
0.687548 13.2713
14.6436 0.416705
13.4551 0.646727
15.196 0.329403
12.6647 0.834285
12.6837 0.829422
11.1888 1.27062
18.2211 0.0414859
14.4708 0.446347
12.7254 0.818817
12.7132 0.821923
12.7245 0.819067
18.9222 0.0150463
14.7092 0.405901
12.4192 0.898922
4.45785 5.57373
4.59412 5.42313
2.91928 7.63805
4.10034 5.98932
4.58156 5.43698
2.38409 8.57386
11.0713 1.31059
6.52219 3.68011
4.50673 5.52157
1.77191 9.86656
2.86654 7.72321
4.5206 5.50386
5.05122 4.94943
5.27352 4.73386
5.05291 4.94795
5.75815 4.2955
6.69313 3.55413
3.08886 7.36936
4.65459 5.35781
6.04565 4.05423
4.32505 5.72453
4.42621 5.60883
1.60741 10.2681
4.4147 5.62204
5.88139 4.19014
4.38375 5.65677
4.3743 5.66752
14.9741 0.363009
17.8139 0.063301
15.8273 0.243845
18.2068 0.0421037
15.9684 0.226733
17.7913 0.0646399
11.9289 1.03704
11.9193 1.03993
10.3687 1.56789
9.96219 1.73149
6.81096 3.46837
7.44036 3.0433
8.98903 2.17264
9.00566 2.16452
6.69885 3.54944
6.54064 3.66656
9.69697 1.84455
7.34244 3.10643
8.39485 2.47984
9.33303 2.00827
7.5972 2.9441
8.32745 2.51705
8.5257 2.41015
8.36165 2.49795
5.2001 4.80466
8.58865 2.37777
8.05251 2.67143
9.38837 1.98287
10.1181 1.66786
17.0229 0.119936
8.68933 2.32371
12.9926 0.753784
10.743 1.42688
6.88714 3.41517
4.81854 5.185
3.79907 6.36627
2.31271 8.71194
4.00599 6.10412
3.39747 6.91255
15.4671 0.290857
15.3233 0.310961
15.3233 0.310969
16.1751 0.20279
5.17108 4.83192
7.27986 3.14758
5.46118 4.55953
6.77877 3.49165
6.79007 3.48358
3.54866 6.69954
4.26301 5.79576
5.18272 4.82061
5.00991 4.99013
7.21938 3.18712
7.81233 2.81311
3.96874 6.15049
4.20223 5.86706
9.70808 1.83996
2.71048 7.98626
4.35553 5.68917
4.33345 5.71441
5.40283 4.61284
1.94908 9.46314
3.63091 6.58836
2.80853 7.81917
6.02851 4.06814
4.31931 5.73055
0.596019 13.6909
0.180384 16.3827
0.132217 16.887
1.08924 11.7545
0.245572 15.8134
0.484449 14.2594
0.734751 13.0707
0.029509 18.4954
0.84057 12.6405
0.650994 13.4349
0.41938 14.6271
0.215408 16.0651
0.0217444 18.7038
0.141762 16.7767
0.342143 15.111
4.93738 5.06353
5.05572 4.94627
4.11481 5.97139
2.26076 8.81341
0.749775 13.0051
2.91633 7.6432
2.94976 7.5882
5.59465 4.43922
6.45471 3.73081
1.99439 9.36436
2.60548 8.16814
2.44693 8.45627
2.91887 7.63811
0.93408 12.2897
0.00830971 19.195
0.24086 15.852
0.0882764 17.4308
0.0881588 17.4325
17.9829 0.0537235
15.1399 0.337797
17.9011 0.0581589
18.4634 0.0307643
19.2395 0.00742797
19.4893 0.00333272
19.5047 0.00313102
19.4693 0.00368378
4.05078 6.04995
2.90569 7.65938
3.99419 6.11921
5.62169 4.41613
1.79473 9.81338
2.54653 8.27376
2.22001 8.89339
6.20348 3.92625
0.499295 14.1796
4.18467 5.88792
2.44662 8.4563
2.15958 9.01552
7.45016 3.03682
4.75959 5.24634
5.46328 4.55728
5.75793 4.29553
5.75642 4.2969
5.46437 4.55629
5.32355 4.68781
8.1241 2.63047
12.3806 0.909206
11.5494 1.15288
4.78313 5.22223
7.22766 3.18168
7.0745 3.28475
7.26766 3.15528
11.5948 1.13855
6.56833 3.64528
6.35822 3.80487
2.70555 7.99354
2.72705 7.95746
2.39958 8.545
2.02899 9.28879
1.79096 9.8234
9.35205 1.9999
11.7996 1.07559
11.8013 1.07507
13.0537 0.738773
14.3153 0.474407
15.928 0.231832
15.8886 0.236422
13.9792 0.537702
13.9941 0.53483
12.2697 0.940321
13.2308 0.697372
12.4558 0.88908
14.2673 0.483311
8.60458 2.36835
12.5592 0.86217
11.7436 1.09265
11.7608 1.08736
15.2727 0.318485
14.0674 0.520853
10.862 1.38505
9.29742 2.02549
15.0794 0.346936
14.9079 0.373487
11.8039 1.07428
4.45381 5.57788
5.04976 4.95069
4.47432 5.55494
8.88368 2.22519
4.59124 5.4262
8.18542 2.59584
5.59578 4.43775
9.22345 2.06013
5.39637 4.61988
8.50114 2.42293
5.21965 4.78666
5.8643 4.20513
12.0537 1.00102
7.65046 2.91165
6.97038 3.3563
17.2308 0.103157
15.9742 0.225969
14.7871 0.393032
10.3838 1.56188
14.1932 0.496747
12.7353 0.816623
7.81106 2.81338
7.53522 2.98303
5.23846 4.7671
5.94395 4.13783
5.93964 4.14145
5.9455 4.1365
16.7715 0.142025
16.7701 0.142137
16.8216 0.13747
14.2123 0.493112
12.3371 0.921598
8.20953 2.58242
17.6647 0.0726444
13.4273 0.652562
6.11392 3.9991
6.06458 4.03814
5.9238 4.15458
7.3951 3.0723
6.34858 3.81284
1.01676 11.9979
3.07399 7.39234
1.84584 9.69694
1.48067 10.5972
2.48251 8.39053
2.34794 8.6428
2.35481 8.62971
3.04764 7.43332
0.167555 16.5065
0.542178 13.9563
0.257188 15.7217
0.51849 14.0781
0.517752 14.082
0.0497552 18.0551
0.00204095 19.6006
0.463109 14.3764
0.211138 16.1023
0.00252327 19.5545
0.195949 16.2411
0.205077 16.1546
0.109931 17.1496
0.0317032 18.4391
6.39072 3.77971
3.68058 6.52114
3.84721 6.30421
2.64948 8.09094
3.39671 6.91262
4.5389 5.48419
3.89157 6.24723
4.47106 5.5613
4.54924 5.4729
6.29381 3.85498
6.08715 4.02043
6.94061 3.37689
6.94807 3.3717
5.15557 4.84743
6.32448 3.83161
6.11147 4
5.66962 4.37249
10.8968 1.37176
6.83733 3.44974
6.99303 3.34049
2.60465 8.16981
5.75901 4.2951
5.70536 4.34125
6.65008 3.5849
5.7011 4.34498
10.2019 1.63358
4.40466 5.63308
11.3298 1.22373
9.84197 1.78218
9.93951 1.74169
10.8953 1.37226
9.39752 1.97852
5.05726 4.94316
9.73955 1.82648
0.690205 13.2594
2.69387 8.01398
3.45958 6.82334
2.69301 8.0155
1.22737 11.3183
1.90854 9.55297
1.626 10.2213
15.8179 0.24508
13.5804 0.61952
14.4197 0.455447
9.78115 1.8083
12.9726 0.757625
15.3942 0.300959
12.8883 0.778743
13.0439 0.741747
8.42129 2.46638
11.4184 1.19487
7.81692 2.81098
7.83242 2.80153
7.90224 2.75908
11.0035 1.33402
6.07577 4.02922
10.1813 1.64266
9.85562 1.7772
12.2762 0.937867
16.2098 0.199188
19.1119 0.0101301
9.25981 2.04359
9.93604 1.74327
5.86492 4.20429
7.6011 2.9417
2.3533 8.6339
9.59416 1.88998
9.134 2.10233
5.43751 4.58144
5.7916 4.26691
4.82842 5.17461
4.83177 5.17111
4.23551 5.82875
10.2986 1.59533
6.53774 3.66889
8.9757 2.17928
5.44527 4.57473
10.756 1.42301
17.2563 0.101186
18.7258 0.0209716
13.8621 0.561411
16.5904 0.159457
15.5049 0.285714
17.7254 0.0686367
17.7177 0.0691192
14.8465 0.383196
14.8186 0.387876
10.4761 1.52663
9.07191 2.13212
15.6497 0.266474
12.4095 0.902211
8.39819 2.47803
12.1068 0.985375
9.7516 1.82083
9.75071 1.82121
12.1481 0.973775
11.237 1.25438
11.2342 1.25527
8.18117 2.59869
10.2236 1.62505
10.209 1.63085
8.72009 2.30796
15.7131 0.258222
10.6144 1.47473
11.5896 1.14056
11.5864 1.14123
13.1888 0.706488
15.3306 0.310077
14.5432 0.433976
12.7406 0.814951
11.2192 1.26043
14.201 0.495523
12.9419 0.765013
12.939 0.765734
14.4344 0.453037
10.627 1.46954
11.4239 1.1931
19.3404 0.00560293
11.3902 1.20384
13.7662 0.580434
0.430988 14.5592
0.0282235 18.5281
0.29014 15.4732
0.0428959 18.1926
1.10193 11.7141
0.434946 14.5369
0.434996 14.5367
2.53092 8.30292
7.18483 3.21022
9.5004 1.93175
9.46027 1.94997
7.86903 2.77895
3.92859 6.20191
7.02162 3.32084
4.0487 6.05263
3.28521 7.07359
3.28795 7.06963
5.53653 4.49085
7.29638 3.13669
5.31344 4.69611
6.16553 3.95664
0.201046 16.1929
1.30543 11.0871
1.04118 11.9155
2.68978 8.02239
0.327976 15.2074
0.328773 15.2016
1.81466 9.76593
1.53269 10.4597
1.80207 9.7952
2.23019 8.87315
0.620972 13.573
1.00181 12.0496
1.47075 10.6252
0.991608 12.085
0.997093 12.0658
1.07113 11.8148
1.4217 10.757
1.2675 11.1982
1.26981 11.1912
1.2506 11.2483
0.182147 16.3663
0.0583545 17.9015
0.0813477 17.5304
0.592704 13.7069
0.0234074 18.6615
0.0965085 17.3183
9.30522 2.02132
7.48161 3.01727
5.27377 4.73356
8.87893 2.22821
0.373327 14.9087
0.647325 13.453
0.354104 15.0318
1.06606 11.8319
0.559038 13.8716
0.0534084 17.9882
0.0501236 18.0516
0.215741 16.0613
0.511812 14.1156
1.04421 11.9044
0.197057 16.2279
1.278 11.1683
1.26328 11.2108
1.00109 12.0528
0.45168 14.4409
1.51433 10.5079
0.786462 12.8558
2.12851 9.07969
2.11622 9.1052
2.12025 9.09671
0.627777 13.5427
2.04889 9.24682
1.90867 9.55258
19.6292 0.00174809
18.6778 0.022669
17.5165 0.0824426
17.4863 0.0844182
17.1345 0.110728
16.0598 0.216091
18.8097 0.0184536
17.3533 0.094033
13.0747 0.733148
8.13384 2.62517
9.49552 1.93435
4.36532 5.67829
10.2414 1.61784
7.35537 3.09786
7.63226 2.92244
11.1213 1.29349
6.42444 3.7543
7.331 3.11365
6.45878 3.7277
10.1008 1.67488
4.3924 5.6482
4.84908 5.15343
4.84238 5.16036
11.0108 1.33163
7.72547 2.86579
4.57176 5.44803
5.8134 4.24787
6.15608 3.96522
5.31224 4.69724
3.31177 7.03501
5.21833 4.78788
5.59204 4.44108
14.379 0.462799
13.6418 0.606443
18.333 0.0362979
12.3326 0.922289
18.4665 0.0306821
16.3581 0.182938
15.6084 0.272176
15.2537 0.320969
9.18442 2.07839
13.8251 0.568554
16.4214 0.176254
13.23 0.697491
14.4834 0.444255
14.5043 0.441158
16.6022 0.158101
12.4635 0.886932
10.6612 1.45683
11.3052 1.23171
14.849 0.38316
1.16639 11.5069
2.11399 9.10942
2.74051 7.93414
3.14373 7.28622
7.70603 2.87767
4.37958 5.66155
4.3815 5.65939
3.78334 6.38601
1.65414 10.1517
1.64054 10.1845
2.58344 8.20737
3.62728 6.5935
2.29496 8.74517
2.64375 8.10284
1.35998 10.9293
3.41905 6.88133
2.76784 7.88755
3.30258 7.04855
3.36114 6.96332
3.36727 6.95448
7.58435 2.95234
4.77578 5.22957
4.22293 5.8431
4.06828 6.02773
6.92709 3.38646
4.35165 5.69356
1.67281 10.1049
3.01859 7.47874
4.28987 5.76493
4.35513 5.68959
5.02595 4.97413
4.75592 5.25171
4.99076 5.00925
6.46155 3.72576
13.5259 0.631063
14.1221 0.510639
12.0333 1.00687
11.6686 1.1157
10.8124 1.40166
10.8098 1.40261
8.8944 2.21975
9.0412 2.14813
8.86225 2.23577
8.27947 2.54445
6.04756 4.05365
9.02452 2.15518
11.11 1.29811
14.0141 0.530877
9.67836 1.85341
11.8408 1.06342
13.0222 0.745952
13.3487 0.670073
11.2422 1.25292
4.01045 6.09856
3.01058 7.49181
3.83377 6.32088
2.74199 7.93156
1.5929 10.3054
2.06417 9.21375
3.95933 6.16205
3.2371 7.14462
10.6587 1.4579
12.9109 0.772564
12.907 0.773534
9.26611 2.03979
7.13612 3.24355
11.3453 1.2185
11.3565 1.21485
7.97568 2.7166
9.05641 2.14075
9.55433 1.9086
10.4173 1.54903
10.4333 1.54376
0.322189 15.2455
10.2527 1.61398
16.4631 0.172434
17.0585 0.117019
7.154 3.2308
19.3603 0.00521053
8.26331 2.55248
13.4834 0.640408
0.000213646 19.87
12.5674 0.86093
12.1297 0.978848
8.85885 2.23728
0.056346 17.9332
0.378819 14.8739
10.8786 1.37799
1.33048 11.014
1.71176 10.0096
16.0356 0.218878
2.3261 8.68493
18.0131 0.052024
1.36196 10.9247
1.61335 10.2527
17.8577 0.0607011
8.14918 2.61623
0.319568 15.2643
0.310834 15.3242
7.76956 2.83836
0.524229 14.0493
1.8289 9.73312
0.0384372 18.2854
11.7478 1.09133
14.7877 0.392714
18.3546 0.0353505
1.69218 10.0576
13.2103 0.7016
0.193438 16.2614
0.724146 13.1136
2.84081 7.76551
16.5069 0.167537
12.4036 0.903213
1.65026 10.1606
18.5838 0.0260133
0.0100475 19.1164
0.987854 12.0986
0.79078 12.8386
8.93918 2.19725
0.659898 13.3941
14.3345 0.470776
1.98536 9.38287
13.9381 0.545758
15.0599 0.349812
7.014 3.32606
4.71234 5.29642
0.0423401 18.2022
10.2104 1.63028
1.09065 11.7521
0.709971 13.1746
1.18316 11.4543
4.54401 5.4779
4.64957 5.36335
14.6114 0.422058
13.239 0.694879
6.92335 3.38936
1.57554 10.3486
9.69132 1.84707
0.229779 15.9442
0.914116 12.3628
0.152064 16.6642
1.19894 11.4054
0.385878 14.8318
12.7812 0.805123
8.63111 2.35398
0.0122825 19.0211
0.00107687 19.7194
1.40604 10.8004
0.00491105 19.3799
0.0746803 17.6306
1.44396 10.6966
0.00450752 19.4077
3.48163 6.79411
17.6449 0.0737442
0.236942 15.8842
0.592938 13.7063
0.154959 16.6342
10.3089 1.59112
10.4145 1.55031
8.71036 2.3129
0.310775 15.3278
9.36722 1.99383
0.300749 15.3965
19.097 0.0104318
14.2314 0.489943
0.591117 13.7168
7.81386 2.8118
0.887221 12.4639
16.6686 0.151811
1.50684 10.5303
0.0291898 18.5013
15.0314 0.35418
1.68984 10.0628
4.7912 5.21336
0.0240205 18.64
0.958491 12.2019
15.5911 0.274157
0.13295 16.8717
13.032 0.743421
0.539377 13.9708
9.66208 1.86009
1.05783 11.8622
0.675201 13.3263
7.35121 3.10089
5.4175 4.59992
0.383185 14.8472
0.403435 14.7243
0.829878 12.684
1.39512 10.8311
3.50297 6.76295
11.1391 1.28762
10.9152 1.36504
0.0261581 18.5828
0.0910468 17.3925
10.7616 1.42075
8.05163 2.67191
6.74584 3.51512
1.85026 9.68755
2.74293 7.92964
2.43454 8.47894
16.1296 0.208012
1.08478 11.772
3.92348 6.2077
11.196 1.26859
1.12659 11.6334
8.23834 2.56794
6.57276 3.64202
9.47691 1.94239
9.718 1.83546
8.18688 2.59532
17.7575 0.0668219
5.60116 4.43338
0.00661357 19.28
0.0765246 17.6042
0.0848698 17.4796
2.31728 8.70208
16.6596 0.152505
6.17775 3.9467
5.54711 4.48162
0.229924 15.9427
1.00083 12.0541
6.92941 3.385
12.3375 0.920981
18.7847 0.0190811
0.334019 15.1652
1.89996 9.57355
16.2355 0.196131
19.4058 0.00448003
1.81429 9.76697
3.00612 7.50007
3.52179 6.73662
8.58041 2.38065
0.395465 14.7709
2.0658 9.21033
2.30279 8.7303
5.20056 4.80404
14.6392 0.417355
2.97908 7.54127
18.3889 0.0338762
0.957716 12.2051
1.31616 11.055
0.0605858 17.8609
3.44452 6.84552
0.410826 14.6782
0.0135222 18.9736
12.628 0.843872
3.15004 7.27566
9.97335 1.72687
0.0177529 18.8271
0.147446 16.7149
14.7007 0.407288
0.188619 16.3047
2.716 7.97571
4.7328 5.27456
3.87908 6.263
12.6098 0.848452
0.26201 15.6838
2.35558 8.62801
18.1892 0.0430265
0.0127224 19.01
4.10481 5.98461
0.181203 16.3739
16.7505 0.144061
0.118446 17.0412
1.64435 10.1749
0.920907 12.3385
17.5456 0.0803518
9.91281 1.75237
1.66998 10.1128
5.23201 4.77369
0.037393 18.309
5.09222 4.90862
0.341255 15.1175
9.54718 1.91077
5.24404 4.76379
0.0426305 18.196
2.63158 8.12224
0.16576 16.5258
0.909565 12.3796
1.29684 11.1147
1.51929 10.4952
8.92357 2.20556
8.34098 2.5099
17.9661 0.0545303
1.30257 11.0949
16.84 0.135928
1.07572 11.799
1.0539 11.8719
4.70779 5.30191
13.65 0.604589
0.0198934 18.7584
0.137853 16.817
4.28345 5.77211
2.82846 7.78603
5.6532 4.38782
3.87004 6.27496
17.305 0.0974915
0.107579 17.1742
2.03374 9.27839
8.36848 2.49436
12.8541 0.786644
2.49693 8.36417
4.1596 5.91868
0.819777 12.722
9.79648 1.80154
8.39341 2.48092
8.19262 2.59172
6.01888 4.0769
3.58194 6.65515
8.41224 2.47092
6.21342 3.91839
0.472468 14.3261
1.12197 11.6479
17.1812 0.107027
2.41005 8.52557
0.938422 12.274
8.86536 2.23519
2.61344 8.15439
0.729463 13.0907
15.8882 0.236527
1.53008 10.4665
0.3745 14.9029
14.8595 0.381737
12.9937 0.752482
5.19321 4.81047
14.0868 0.516929
2.23935 8.85477
14.001 0.534057
0.228682 15.9515
1.52463 10.4806
0.425747 14.5901
16.0155 0.221123
3.89616 6.24143
0.0628024 17.8222
0.407492 14.698
3.8892 6.25103
0.701175 13.2125
4.44433 5.58861
1.76475 9.88334
0.52078 14.0667
0.600953 13.6688
15.0383 0.353409
3.76364 6.41244
8.03522 2.68184
7.95083 2.7305
0.112491 17.1148
18.9138 0.0151829
18.6742 0.0227698
0.192649 16.2675
11.6786 1.11249
16.0745 0.21467
3.13663 7.29584
0.123381 16.9818
5.38416 4.63027
5.35668 4.65593
5.69503 4.35019
0.0209537 18.7298
3.64693 6.56611
0.142424 16.7677
19.0458 0.0116684
8.07989 2.65573
13.6649 0.601463
5.02698 4.97312
9.75306 1.82025
6.58087 3.63669
7.65728 2.90794
1.2957 11.1165
4.91126 5.09012
2.82246 7.79745
0.174218 16.4424
1.75758 9.89997
2.42963 8.48842
12.0255 1.00873
12.3698 0.913293
0.774319 12.9039
0.261066 15.6915
7.79124 2.82536
9.59893 1.88768
12.8367 0.790931
19.7064 0.00111742
1.5616 10.3853
1.12921 11.6255
0.134617 16.8538
10.4385 1.54114
14.0888 0.516446
15.2367 0.323497
4.85656 5.14672
16.4744 0.170801
0.434363 14.5406
15.4957 0.287141
12.6733 0.832131
2.88772 7.68958
13.8579 0.562076
7.16983 3.22065
10.5819 1.4864
4.88328 5.11818
15.4714 0.29034
1.88968 9.59442
11.1549 1.282
9.90605 1.75496
3.45271 6.83374
0.618717 13.5865
16.9003 0.130424
4.145 5.93511
3.60412 6.62454
5.17755 4.82593
0.217682 16.0467
3.11304 7.33228
9.36271 1.99513
2.89783 7.67391
0.238679 15.869
11.2831 1.23921
1.25912 11.2227
1.49451 10.5603
18.1243 0.046483
7.22587 3.18344
16.9276 0.128059
14.28 0.480617
11.6333 1.12651
0.114811 17.0842
4.35218 5.69337
1.03298 11.9424
1.4761 10.6095
0.0642899 17.7995
0.284438 15.5143
0.0660043 17.7687
0.0324759 18.424
18.4909 0.0296065
19.0328 0.0120408
1.05085 11.8826
14.1613 0.502889
0.203275 16.1715
0.0551395 17.9587
13.9277 0.547964
13.4373 0.650578
0.178342 16.4036
11.9181 1.04014
0.613229 13.6091
0.00921361 19.1507
18.4579 0.0309356
11.8194 1.06973
0.0805433 17.5429
15.3606 0.305749
0.867315 12.5375
0.547892 13.9323
3.63893 6.57724
4.60346 5.41344
0.70923 13.1767
5.43003 4.5879
4.45653 5.57509
2.19873 8.93707
1.74335 9.93416
0.253559 15.7501
4.61616 5.40013
0.685772 13.2809
7.27846 3.14932
0.00733084 19.2432
0.587054 13.734
1.25291 11.2437
11.7123 1.10213
5.30464 4.705
9.08134 2.12766
0.0369213 18.3211
0.241303 15.8495
4.33875 5.70818
0.276155 15.5768
4.08673 6.00582
18.1402 0.0453829
2.38456 8.57346
13.7185 0.590298
4.77667 5.22922
3.6927 6.50567
0.360007 14.9935
12.6772 0.831338
12.2072 0.956976
19.6817 0.00130886
14.5368 0.434919
8.41642 2.4682
0.00629383 19.2989
3.56686 6.67608
13.5113 0.634302
5.0921 4.91
11.4133 1.19638
7.73492 2.85937
3.20266 7.19879
12.339 0.920756
16.1808 0.20214
5.21536 4.78923
6.87169 3.4256
8.78381 2.27535
7.91458 2.75238
14.3221 0.472902
0.0141089 18.9535
13.7902 0.575599
0.989533 12.0938
3.30109 7.05085
4.5763 5.44541
12.5387 0.867098
4.12995 5.95483
12.5085 0.875138
3.18211 7.22709
19.789 0.000564669
0.457911 14.4065
4.0498 6.05025
1.77138 9.86867
5.1816 4.82351
1.4864 10.5833
4.38764 5.65264
1.10297 11.7099
2.96891 7.55825
3.20626 7.19123
7.56254 2.96598
5.53932 4.4883
1.07452 11.8051
10.7172 1.43695
2.33493 8.66958
6.25295 3.88847
1.22841 11.3156
14.6576 0.414405
5.62534 4.41167
0.167444 16.5079
10.4202 1.54883
0.00822924 19.2021
15.2117 0.327346
0.969649 12.1638
8.82621 2.25421
3.70583 6.48769
4.68316 5.32721
10.9451 1.35445
1.24257 11.2737
1.4316 10.7298
3.53596 6.71719
4.869 5.13285
6.03179 4.06496
0.247973 15.7969
1.67381 10.1021
9.23422 2.05461
2.53812 8.28864
17.0454 0.118286
10.9938 1.33738
4.97795 5.02319
5.41537 4.60148
1.16459 11.5124
6.35862 3.80447
9.83176 1.7866
5.99258 4.0977
16.7137 0.147377
1.81754 9.76004
15.9973 0.223459
6.08995 4.01755
3.02172 7.47482
0.0600913 17.8679
3.79817 6.36678
6.9401 3.37861
11.0993 1.30122
12.0218 1.01006
2.66763 8.06102
0.268108 15.6378
4.18115 5.89209
7.71071 2.87422
15.8725 0.238249
0.141169 16.783
5.96389 4.12102
0.696101 13.2337
1.02247 11.9796
12.8461 0.788792
2.36124 8.61818
3.76705 6.40761
13.9047 0.552411
0.622148 13.5693
1.59643 10.2961
10.7936 1.40864
11.225 1.25883
18.2906 0.0382162
2.81209 7.81374
0.386532 14.8271
0.290115 15.4762
2.48874 8.37876
2.40906 8.52682
5.43576 4.58245
5.76133 4.29285
1.74852 9.92304
3.10086 7.35146
3.393 6.91756
15.8336 0.243048
0.183373 16.3577
0.924767 12.3236
0.86265 12.556
10.7413 1.4276
13.4732 0.642479
0.985811 12.1052
19.2123 0.00791415
4.27869 5.77938
7.23726 3.17559
9.12922 2.10534
15.6374 0.26808
0.334102 15.1642
4.31604 5.73425
0.952334 12.2247
0.579129 13.7777
12.6175 0.847244
2.18333 8.9675
10.7398 1.42819
2.13305 9.07015
8.4942 2.42635
1.8876 9.59997
5.37732 4.63641
1.89646 9.58248
4.09704 5.99302
2.16136 9.01274
7.89398 2.76515
2.65542 8.08032
19.2343 0.00751652
8.46419 2.4436
11.1649 1.2786
2.99276 7.51954
19.9255 7.05334e-05
17.1411 0.110313
0.439089 14.5145
16.3321 0.185701
17.0238 0.11982
0.577285 13.7817
13.3014 0.680677
5.48532 4.53735
10.34 1.57925
9.61372 1.88148
1.32927 11.0171
6.42016 3.75724
0.712943 13.1627
3.58287 6.65278
12.0874 0.991142
6.60881 3.61551
0.976143 12.1393
0.315759 15.2918
10.4233 1.54726
4.50072 5.52568
3.30869 7.04029
2.88065 7.70155
4.62632 5.38819
8.89647 2.21855
2.30043 8.73475
13.9455 0.5444
1.6985 10.0445
4.90575 5.09651
5.44938 4.57007
17.6265 0.0749676
6.66611 3.57308
2.70992 7.9866
6.5595 3.65228
4.77735 5.22807
6.36247 3.80178
11.0872 1.30505
0.467005 14.3567
8.21413 2.5796
16.7823 0.141133
0.268289 15.6355
13.5883 0.617701
10.387 1.56073
15.4524 0.293053
9.10784 2.11475
5.82689 4.23696
15.2558 0.320832
6.66793 3.57205
1.22375 11.3294
1.3246 11.0319
8.08526 2.65275
13.7823 0.577501
2.05922 9.22549
0.282212 15.5326
6.26286 3.8797
13.4111 0.656261
16.2731 0.19207
1.00551 12.0371
2.86906 7.71934
10.6313 1.4679
1.85381 9.67602
16.8107 0.138423
1.60725 10.2697
0.875978 12.505
2.20415 8.92614
8.77684 2.2789
6.75155 3.51185
1.42116 10.7588
0.243655 15.8288
12.496 0.878617
2.6959 8.01023
1.55268 10.4078
7.15574 3.22964
12.8641 0.784082
1.99613 9.35971
1.59488 10.2993
0.485507 14.2556
0.118095 17.0459
4.26053 5.79913
5.87704 4.19431
4.08141 6.01252
17.4529 0.0867126
15.1362 0.338946
3.94437 6.18123
4.64296 5.37052
0.0476395 18.0958
0.638491 13.4916
7.04317 3.30608
14.1136 0.511947
12.5771 0.85698
17.3386 0.0949673
13.1182 0.723005
11.4466 1.18626
2.06815 9.20649
0.0269286 18.5594
15.2945 0.315564
5.87163 4.19859
2.56637 8.23775
6.53912 3.66731
14.1566 0.503677
2.85499 7.74243
11.3698 1.21102
15.0336 0.353812
13.7533 0.58351
2.94485 7.59663
5.0008 4.99976
0.476548 14.3027
1.95784 9.44285
7.51741 2.99465
5.72593 4.32327
0.445153 14.478
3.43901 6.85226
11.995 1.01764
5.93458 4.14671
1.69699 10.0462
0.890727 12.4493
7.07255 3.28595
16.8576 0.134389
18.5483 0.0273906
11.0209 1.32835
8.10654 2.64043
1.06502 11.8346
0.893187 12.4406
0.0251962 18.6061
1.87252 9.63326
17.5293 0.0814174
7.06204 3.29418
0.190578 16.286
2.42683 8.49324
0.174046 16.4426
17.8505 0.0610879
13.5053 0.63591
3.20007 7.20029
12.2256 0.951901
5.14602 4.85731
8.42324 2.46451
2.29045 8.75617
0.88517 12.4704
16.2319 0.196472
0.16273 16.5556
10.4824 1.52396
14.899 0.375094
15.1526 0.335835
0.687805 13.271
12.0715 0.995498
0.578409 13.7778
0.392619 14.7883
5.83652 4.22935
15.1645 0.334063
3.78733 6.38155
16.1169 0.209361
13.2919 0.683508
0.815035 12.7429
3.98705 6.12776
10.0193 1.70809
4.88302 5.11898
2.81971 7.80081
12.7797 0.805128
5.25996 4.74812
10.885 1.37613
6.12216 3.99157
16.4978 0.168589
0.142645 16.7658
14.3946 0.460061
10.9612 1.34886
19.5267 0.00287365
16.3278 0.186082
5.37055 4.64333
0.342842 15.1057
16.5102 0.16717
12.6628 0.835011
9.48923 1.93733
4.4613 5.56941
4.73597 5.27156
0.00321365 19.4963
16.9596 0.125507
17.0845 0.114793
0.104421 17.2176
0.102616 17.2382
0.510087 14.1222
14.8429 0.383935
13.8102 0.572413
9.18584 2.07746
17.2654 0.100475
8.33797 2.5112
10.5669 1.49198
13.1568 0.713873
3.07808 7.38584
0.144952 16.7478
4.72882 5.27888
13.0041 0.750192
0.153843 16.6465
0.532297 14.0067
0.963234 12.186
14.5632 0.430287
4.1673 5.90864
11.4937 1.17052
0.941385 12.2635
2.56573 8.23932
3.23432 7.14887
5.9125 4.16395
5.73506 4.31678
0.083568 17.4982
0.0295709 18.4916
1.80363 9.79211
11.2988 1.23444
5.55615 4.47336
0.167029 16.5154
0.548414 13.9249
14.4635 0.447659
2.95278 7.58327
1.3156 11.0569
3.56912 6.67153
14.9163 0.372106
10.21 1.63029
3.2811 7.0803
7.42358 3.05434
1.63671 10.1952
3.93166 6.19669
5.0333 4.96758
2.57571 8.22211
14.0357 0.527941
11.8675 1.05523
2.90451 7.66114
2.46828 8.41615
11.989 1.01962
1.63259 10.205
7.87242 2.77779
1.21339 11.361
0.76075 12.9609
3.79483 6.37142
8.51319 2.4172
9.2118 2.06509
3.29841 7.05429
0.472736 14.323
0.580183 13.7691
14.5923 0.425421
0.617344 13.5898
0.0478588 18.0946
13.1405 0.717756
2.62325 8.13671
15.2291 0.32455
16.0776 0.213863
9.17587 2.08296
2.511 8.33779
0.606329 13.642
2.10828 9.12202
1.57611 10.3482
9.5615 1.90488
4.96812 5.03207
5.14216 4.85991
1.6656 10.1228
0.0146427 18.9328
7.97369 2.71873
17.1578 0.109369
13.015 0.747368
10.0741 1.68523
1.77622 9.85575
17.2923 0.0985455
6.87772 3.42338
0.0454498 18.1439
3.19156 7.2127
5.65807 4.38302
0.00384455 19.4493
8.6968 2.31991
1.20589 11.3846
7.98168 2.71295
2.45315 8.44472
8.10653 2.64083
6.89866 3.40626
7.36148 3.09384
2.38082 8.57989
18.8607 0.0167062
2.27762 8.77918
0.786833 12.8536
14.3733 0.463685
10.7746 1.41532
4.1007 5.9884
4.9294 5.07141
1.54085 10.4383
17.3703 0.0926936
7.75614 2.8466
6.7738 3.49603
6.1881 3.94015
11.7085 1.10342
0.00178845 19.6236
4.96972 5.03076
6.61897 3.6084
11.9006 1.04541
2.10204 9.13456
6.82499 3.45838
11.01 1.332
0.213846 16.078
0.0730339 17.6575
0.0460971 18.1261
12.3052 0.930354
1.14099 11.5875
8.63608 2.35326
9.55883 1.90575
3.6504 6.56166
1.79691 9.80738
11.7845 1.08036
1.66728 10.1197
0.0149115 18.9276
0.0359497 18.3465
13.4329 0.652362
8.60358 2.36837
6.59355 3.62664
2.04325 9.25824
0.196375 16.2329
1.33915 10.9887
0.138651 16.8084
18.2533 0.0399059
0.289549 15.4785
3.43079 6.86495
5.62581 4.41109
2.60823 8.16324
14.8197 0.387874
15.5366 0.281473
16.4602 0.17247
0.89663 12.4274
6.03523 4.06222
4.83521 5.16773
1.19573 11.4152
4.92305 5.08017
7.25813 3.16185
9.29093 2.02825
14.853 0.382148
4.44799 5.58506
3.24058 7.13955
5.38268 4.63163
0.0301594 18.4785
5.56108 4.46885
15.3803 0.302973
12.489 0.880253
2.60113 8.17642
2.05283 9.23785
0.225245 15.9806
7.8183 2.80903
1.44636 10.6907
0.585819 13.7404
0.234086 15.9067
16.1501 0.205723
2.166 9.00263
15.7751 0.250357
3.67384 6.53053
6.23951 3.89785
11.0794 1.30805
0.011236 19.0681
1.74024 9.94159
0.797074 12.8117
3.29361 7.06385
5.96754 4.11917
11.2111 1.26311
10.4678 1.52954
11.5568 1.15048
3.06795 7.40206
1.90194 9.5669
4.9578 5.0434
9.84124 1.78309
0.159689 16.5855
16.6264 0.155801
6.67783 3.56459
14.1755 0.500769
1.75283 9.91115
6.97161 3.35558
2.63546 8.11827
5.08064 4.92225
7.7875 2.82778
13.2762 0.68652
2.50189 8.35548
12.7742 0.806505
8.64231 2.34821
4.57993 5.43864
7.03119 3.31538
10.0545 1.69371
1.35917 10.9317
7.32528 3.11761
6.28213 3.86427
13.5259 0.631181
2.93074 7.61872
5.6571 4.3846
2.03006 9.28627
6.77988 3.4906
19.1699 0.00890008
13.0424 0.741962
0.983774 12.1126
7.83247 2.80111
7.52399 2.98997
4.69595 5.31363
1.34552 10.9731
7.9876 2.70906
4.84598 5.15643
10.6866 1.448
10.8594 1.3851
3.45949 6.82398
0.000525459 19.7958
4.62322 5.39227
4.49791 5.52867
13.8165 0.570189
3.47201 6.80678
9.65307 1.86376
0.0998146 17.2741
7.8434 2.79402
4.18988 5.88208
2.66233 8.06883
0.694077 13.2432
17.3831 0.0917479
0.600629 13.6699
0.585259 13.7438
8.41905 2.4682
1.70075 10.0379
7.53306 2.98424
6.82296 3.46132
1.92206 9.522
12.039 1.00586
2.232 8.87133
1.65723 10.143
10.2875 1.59998
5.08606 4.91514
1.54544 10.4266
1.57351 10.3542
14.1593 0.503047
7.27155 3.15279
2.88322 7.6959
4.91733 5.08437
3.71859 6.47147
4.82938 5.17414
1.36519 10.915
9.15008 2.09523
2.45151 8.44748
2.2558 8.8224
11.2744 1.24212
9.41446 1.97169
1.45878 10.6562
7.41861 3.05701
0.475226 14.3107
0.822972 12.709
18.1662 0.0442631
3.26779 7.09996
3.07503 7.39151
6.14276 3.975
0.872634 12.5179
0.326358 15.219
12.5602 0.861379
1.02344 11.9756
3.32632 7.01385
2.50678 8.34551
16.8914 0.131316
10.4502 1.5368
7.42968 3.04999
7.59088 2.94811
3.72721 6.45952
1.41248 10.7826
0.504837 14.151
0.919672 12.3444
5.755 4.29811
0.34814 15.0712
8.30932 2.5274
1.72427 9.97944
0.421876 14.6134
9.69965 1.84389
19.4347 0.00408006
14.2527 0.485863
2.91118 7.65234
13.3327 0.674072
0.335573 15.1559
7.84642 2.79231
4.85776 5.14435
7.53887 2.98218
1.0596 11.853
2.46132 8.42906
2.3503 8.63829
4.97101 5.02922
1.60785 10.2675
5.01906 4.98178
12.9192 0.770794
5.50498 4.52054
1.23165 11.3065
2.30983 8.71636
8.32007 2.52074
17.6686 0.0725837
1.72081 9.98904
7.72115 2.86805
4.40226 5.6358
0.403073 14.7247
5.68648 4.35998
14.1962 0.496667
2.10292 9.13365
4.21623 5.85058
3.23132 7.15421
0.29121 15.4647
11.1539 1.28247
1.60617 10.2708
18.9251 0.0149031
1.26671 11.2007
6.21691 3.91653
18.2623 0.0396126
8.22135 2.57603
5.89157 4.18173
1.50043 10.5449
11.8922 1.04783
0.957065 12.2073
3.71058 6.48161
14.957 0.365749
9.38389 1.98495
15.8331 0.243289
9.99886 1.71621
9.0787 2.12895
4.45247 5.58005
0.425677 14.5915
17.6731 0.0719601
0.0595624 17.8782
0.763965 12.9463
10.3014 1.59448
14.7411 0.4004
4.71084 5.29778
2.40362 8.53689
19.5982 0.00203874
1.2663 11.2013
9.96015 1.73248
1.27933 11.1634
0.093429 17.3606
1.47652 10.6081
1.98396 9.38584
0.10936 17.1546
0.0715024 17.6798
5.52607 4.50139
11.0902 1.30405
9.9905 1.71976
0.636741 13.4997
8.2745 2.54599
15.5825 0.275345
10.1253 1.66445
8.596 2.37237
10.1753 1.64442
8.53522 2.40448
4.22801 5.83702
0.240243 15.8661
12.069 0.996229
18.9736 0.0135474
5.91192 4.16478
8.15744 2.61187
6.56491 3.64788
0.9376 12.2775
11.6243 1.12939
13.7257 0.588805
9.79141 1.80368
15.5525 0.279282
6.74 3.52183
0.503619 14.1576
17.0326 0.119229
1.89781 9.57656
0.741828 13.0384
12.7152 0.821922
10.3383 1.57964
12.9719 0.757777
19.2868 0.00656392
3.04631 7.43537
17.7459 0.0674156
16.1018 0.211242
4.03447 6.07135
16.9878 0.122881
1.39341 10.8372
7.65086 2.91084
2.01952 9.30938
7.47565 3.02076
8.23344 2.56923
0.621094 13.5722
4.51851 5.50592
2.80407 7.82711
2.6426 8.10395
5.69323 4.35203
16.0187 0.220714
1.13605 11.6028
5.2909 4.71766
5.29124 4.71734
9.3674 1.99268
7.76629 2.84082
8.2311 2.57022
2.64713 8.09481
16.2412 0.196086
13.2081 0.702303
0.428218 14.5753
8.97226 2.18083
2.05638 9.23058
4.13804 5.94372
4.06527 6.03179
0.839136 12.6467
1.92697 9.51098
15.31 0.312888
4.11008 5.97926
3.11407 7.33038
8.47871 2.43468
9.41853 1.96895
0.0521838 18.0096
0.158917 16.5937
0.250512 15.7738
2.43058 8.48729
17.5159 0.0832486
13.2117 0.701153
0.68217 13.295
3.90673 6.22845
16.795 0.140151
0.256578 15.726
0.0226576 18.6766
6.38261 3.78659
11.4764 1.17641
9.46482 1.94799
2.83677 7.77345
0.0439958 18.1688
0.272549 15.6032
8.9673 2.18349
1.45789 10.6593
7.48213 3.01643
3.43549 6.85739
6.50167 3.69526
9.61817 1.87951
4.50726 5.51854
5.63487 4.40317
13.342 0.671707
5.30268 4.70632
3.67286 6.53246
6.10735 4.00356
5.6306 4.40723
13.3735 0.664828
5.91764 4.16047
6.80727 3.47179
2.31163 8.71272
10.1332 1.66118
7.64835 2.91272
3.87442 6.26996
3.53623 6.71711
15.28 0.317235
2.6509 8.08842
10.2867 1.60076
15.0149 0.356874
10.0443 1.69771
0.00010201 19.9129
0.288878 15.4833
6.3565 3.80636
18.6755 0.0226957
0.847192 12.6146
2.66961 8.05587
5.16999 4.83312
8.26342 2.55231
1.31662 11.054
13.4045 0.657612
8.80075 2.26665
11.3101 1.23045
15.3579 0.306266
4.14685 5.93331
2.91337 7.64727
0.629 13.5368
10.5766 1.48871
7.44064 3.04289
5.30248 4.70652
8.54429 2.39978
3.06826 7.40134
17.9319 0.0564457
13.3821 0.662624
5.69723 4.34839
7.23159 3.179
11.0148 1.33158
18.0972 0.0475527
19.2578 0.0071636
11.4024 1.19993
12.9324 0.767388
0.79696 12.8146
0.131 16.8944
8.10264 2.64458
6.67313 3.56815
6.27961 3.86604
0.670819 13.3454
14.2762 0.481617
4.52489 5.49932
8.77959 2.2777
19.307 0.00611041
13.8703 0.559281
1.92594 9.51355
5.25162 4.75469
0.926034 12.3191
7.27471 3.15055
11.8118 1.07186
12.8676 0.78321
3.61014 6.61571
3.15864 7.26295
9.29608 2.02574
18.5245 0.0284714
1.93232 9.50074
18.1929 0.0427887
1.02264 11.9791
0.0347436 18.3685
4.03999 6.06247
6.43598 3.74519
17.1829 0.106967
0.751896 12.9971
0.850374 12.6027
7.98623 2.70989
2.43259 8.48463
3.34415 6.98865
2.59887 8.18104
2.55296 8.26196
1.37124 10.8975
1.7629 9.88757
7.02125 3.32104
0.0364149 18.3304
0.200142 16.1987
4.49756 5.53057
5.56313 4.46695
14.937 0.369289
18.4059 0.0331331
12.1329 0.978011
0.380082 14.8661
8.3266 2.51782
0.261257 15.6906
3.62923 6.58999
2.03422 9.27782
0.31665 15.2837
14.3653 0.46513
11.4594 1.18169
5.13828 4.86361
0.448546 14.4594
15.2661 0.319196
12.8932 0.776953
0.737211 13.0583
0.227881 15.9634
3.21143 7.18309
7.34438 3.1056
1.11001 11.6866
14.5744 0.428803
0.0650286 17.7865
13.744 0.585486
5.69433 4.35161
18.7416 0.020472
5.20838 4.79603
9.37514 1.98882
4.01166 6.09738
3.26446 7.10568
11.5813 1.14281
0.697394 13.2281
2.67799 8.04109
10.5755 1.48875
2.19993 8.93391
14.6893 0.408924
9.48657 1.93829
0.421065 14.6172
1.5821 10.337
0.675887 13.3249
5.98332 4.10504
0.765475 12.9403
8.16908 2.6057
9.86578 1.77213
8.32809 2.51644
1.38285 10.865
5.4866 4.53639
5.01706 4.98341
3.26508 7.10473
16.3703 0.181588
0.792072 12.832
0.147622 16.7111
4.40826 5.62912
6.96289 3.36175
11.2459 1.25159
14.2877 0.479313
0.700095 13.2174
7.74969 2.85144
1.97478 9.40705
1.24334 11.2727
0.903991 12.4
7.48855 3.01304
4.75659 5.24955
1.14927 11.5607
11.8838 1.05055
7.64973 2.91185
3.75825 6.41899
2.13005 9.07616
1.43232 10.728
4.82175 5.18274
9.14349 2.09762
0.501586 14.1672
6.38335 3.78546
0.577124 13.7827
1.32835 11.0217
6.97882 3.35085
16.3941 0.179311
10.3355 1.58079
8.75023 2.2928
13.708 0.592808
3.26838 7.09834
2.67319 8.04999
0.0182065 18.8178
3.62556 6.59496
15.9405 0.230009
15.9225 0.232172
8.35907 2.49937
14.6884 0.409489
1.36939 10.9054
10.7738 1.41589
7.62497 2.92826
13.0772 0.732636
16.243 0.195616
9.49578 1.93381
0.330749 15.1908
4.93211 5.06836
2.00616 9.33789
6.8084 3.47035
10.5137 1.51222
0.83088 12.6782
3.56453 6.67813
3.51322 6.74896
0.376476 14.8885
0.974918 12.1446
13.8192 0.569595
2.88577 7.6926
11.2647 1.24511
0.304116 15.3724
6.48803 3.7058
2.66161 8.07091
17.7741 0.065642
2.1493 9.03689
5.34159 4.66972
1.32687 11.0249
10.9101 1.36679
10.2897 1.59871
4.27052 5.78705
0.20546 16.1524
2.26081 8.81227
4.25173 5.80906
0.446813 14.4691
2.63061 8.12422
6.25185 3.88895
5.56719 4.46374
4.56551 5.45424
8.85874 2.23751
13.3283 0.674718
15.3181 0.311991
3.76439 6.41184
16.5736 0.160863
0.290647 15.4688
7.17688 3.21651
10.1721 1.64554
8.46558 2.44184
11.3983 1.20155
5.0909 4.91086
7.3983 3.07027
10.0406 1.69901
0.670424 13.3482
6.71465 3.53818
8.39794 2.47941
1.55511 10.4019
8.42906 2.46131
7.05275 3.29974
4.30397 5.74897
15.9006 0.234891
9.3913 1.9818
6.25006 3.88927
7.57169 2.96076
3.47205 6.80611
5.51103 4.51389
9.62757 1.87516
3.92154 6.20932
14.0582 0.522355
1.50165 10.5437
1.78085 9.84522
12.0918 0.990027
18.4378 0.0318005
2.21802 8.89844
0.27359 15.5974
13.7578 0.582246
2.02149 9.30483
5.81396 4.2476
1.9712 9.41355
0.335694 15.1535
1.98166 9.39152
2.24877 8.8375
0.945167 12.2519
2.16442 9.00571
3.67554 6.52787
1.20528 11.3861
15.0832 0.346289
2.71315 7.98047
0.0245928 18.6225
16.2153 0.198708
0.098034 17.2976
12.4345 0.894723
10.6 1.47957
0.00580876 19.3258
0.948311 12.2383
6.17455 3.94931
0.281672 15.5358
16.932 0.127799
13.5588 0.623959
16.2717 0.192152
7.746 2.85277
15.6883 0.26154
5.60248 4.43183
0.629802 13.5317
5.07598 4.92488
3.99324 6.11983
14.4155 0.4564
6.79997 3.47634
0.017656 18.84
4.28011 5.77669
0.671831 13.3407
17.5943 0.0770592
0.0160726 18.8832
9.6883 1.84841
3.77706 6.39486
19.888 0.000200683
6.8741 3.42478
0.179895 16.3863
5.20795 4.79629
0.370855 14.9241
3.0545 7.42329
0.520625 14.067
12.8075 0.798894
7.0855 3.27755
4.55832 5.46225
19.5696 0.00235804
17.5603 0.0795992
0.547704 13.9326
11.9274 1.03743
1.16884 11.4996
16.4699 0.17133
8.71369 2.31147
17.8097 0.0636731
11.9744 1.02372
6.41254 3.76299
12.3134 0.927596
1.64261 10.1793
0.0073949 19.2392
5.03514 4.96618
0.811857 12.7531
9.72288 1.8335
1.13822 11.5987
1.47759 10.6075
7.03961 3.30909
12.9716 0.757813
18.2364 0.0407096
9.70974 1.83978
1.82852 9.73384
13.4858 0.640317
7.71246 2.87306
3.05021 7.43055
1.45695 10.6609
3.26645 7.10215
10.4522 1.53561
0.626322 13.5485
0.740468 13.0439
12.4758 0.883922
17.2184 0.104148
5.12033 4.8814
7.70415 2.87812
0.0507388 18.036
10.4166 1.5492
7.66235 2.90393
10.8321 1.39473
2.5866 8.20161
0.390986 14.7982
5.32598 4.68562
0.412031 14.6707
0.325858 15.2207
9.44342 1.9585
11.7775 1.08273
11.6819 1.11179
0.0482923 18.0827
9.21499 2.0636
4.4856 5.5424
3.98716 6.12747
15.6889 0.261353
0.0163529 18.873
7.63442 2.92113
6.13896 3.9787
1.40447 10.806
0.027496 18.5459
0.486566 14.2476
2.4427 8.46359
9.32251 2.01432
4.1625 5.91568
2.26018 8.81412
1.40901 10.7925
0.50682 14.1399
1.55946 10.39
9.72586 1.83242
0.220942 16.0168
0.0125297 19.0134
2.75203 7.91418
3.76046 6.41581
1.8582 9.66671
5.98286 4.10528
0.0843443 17.4885
5.54884 4.48016
18.6284 0.0243831
14.4595 0.448807
0.877279 12.4998
0.240924 15.8514
10.5184 1.51067
0.0770274 17.5947
12.493 0.879158
12.4236 0.897639
9.32894 2.01087
0.883897 12.475
8.01614 2.69243
3.13861 7.2931
2.7731 7.87919
0.952096 12.2258
13.655 0.603749
7.56533 2.96408
3.84345 6.30971
15.8825 0.237079
12.3701 0.912669
5.41279 4.60358
15.8758 0.238239
6.45151 3.73394
1.87437 9.62898
0.0314267 18.4468
11.2515 1.24957
3.14553 7.28234
2.80136 7.83122
0.833703 12.6669
5.65206 4.3885
0.207904 16.1299
6.86588 3.42992
0.0229305 18.6689
1.78222 9.84255
7.43211 3.04848
0.00648385 19.2864
0.106667 17.1855
17.9206 0.0570752
0.110199 17.1435
2.10626 9.12572
9.98604 1.72179
1.39662 10.8267
6.7102 3.54093
10.3888 1.56046
1.69317 10.0571
4.29813 5.75503
9.76592 1.81471
8.90523 2.21425
1.24365 11.2698
6.77067 3.49731
11.6198 1.13097
4.79803 5.20869
5.17828 4.82558
6.3346 3.82309
3.13127 7.30535
1.35148 10.9536
2.22942 8.87486
18.9556 0.0140029
11.9677 1.02644
10.4632 1.53143
1.25617 11.2317
3.69327 6.50437
5.33286 4.67799
2.1947 8.9442
6.32259 3.83281
5.10393 4.89722
1.47191 10.6237
7.93253 2.7415
15.5638 0.277974
4.0919 5.99909
1.2341 11.301
4.81421 5.18935
2.29669 8.74187
3.30413 7.0459
0.0145005 18.9442
0.00221067 19.5817
2.27297 8.78827
5.47794 4.54401
9.25204 2.04646
6.90673 3.401
7.45501 3.03379
0.113802 17.1009
0.22038 16.0223
16.7726 0.141909
12.8804 0.780365
0.780522 12.8804
6.29362 3.85515
19.3845 0.0048307
1.96712 9.42246
1.48963 10.5739
3.37126 6.94892
17.1471 0.109753
1.85698 9.66902
6.94593 3.37333
8.95534 2.18923
9.2628 2.0416
7.77867 2.83342
4.23944 5.82469
3.30215 7.0505
13.5621 0.623325
6.7647 3.50177
8.36026 2.49908
15.7844 0.249177
18.3804 0.0343464
18.3611 0.0350242
0.796046 12.8161
1.51284 10.5133
18.8723 0.016376
0.115646 17.0741
12.9269 0.768821
2.91831 7.6388
2.56874 8.23395
0.248094 15.7934
0.158288 16.6029
0.770141 12.9214
12.2373 0.948712
3.40872 6.89531
0.21579 16.0611
0.00283009 19.5321
0.667923 13.362
1.70945 10.0152
0.017681 18.8292
8.59185 2.37538
0.40306 14.7286
3.17746 7.23405
1.17467 11.4809
2.76305 7.8967
0.133323 16.8699
14.4998 0.441286
0.811946 12.7525
0.212073 16.0954
2.42048 8.50636
1.03104 11.9498
7.95814 2.72622
13.2363 0.695718
11.1239 1.29255
12.3645 0.913952
4.13261 5.95086
6.74088 3.5188
0.152586 16.6597
11.0236 1.32712
2.3675 8.60556
0.180698 16.3792
8.629 2.35545
0.0552666 17.9531
0.406809 14.702
8.90092 2.21679
6.12683 3.98759
2.48319 8.3888
15.4316 0.295754
8.73722 2.29992
17.796 0.0643923
0.726591 13.1027
7.87422 2.77569
16.3492 0.184062
2.78713 7.85494
9.87531 1.76797
6.31942 3.83501
8.89216 2.22113
2.08117 9.17833
0.557347 13.881
12.1548 0.971828
1.29694 11.1109
1.27053 11.189
5.34223 4.66967
0.0195219 18.7703
4.1488 5.93211
0.0530153 17.9942
1.07534 11.8005
7.25063 3.16691
4.34945 5.69818
0.0392102 18.2681
1.84158 9.70388
0.0307868 18.4653
4.94815 5.05226
4.90952 5.09132
0.296534 15.4266
15.1004 0.343718
0.17076 16.4747
17.0931 0.114285
0.233362 15.9135
0.00112981 19.701
1.19143 11.4305
3.35879 6.96724
10.6694 1.45397
6.19121 3.93596
0.0451902 18.1497
0.308122 15.3435
5.47296 4.54947
0.0414848 18.2202
3.30053 7.05131
3.4074 6.89794
1.04956 11.8864
13.8473 0.564081
12.4554 0.889315
6.13769 3.97934
13.6177 0.611713
7.00294 3.33384
3.02367 7.47095
12.4418 0.892964
3.09455 7.36039
0.0596152 17.8758
4.69372 5.31834
1.07997 11.7855
2.56353 8.24288
3.80859 6.35402
0.401275 14.7359
7.98655 2.7098
18.972 0.0138251
1.95975 9.43973
2.99141 7.52181
3.95456 6.16828
13.5991 0.615785
17.0131 0.120767
13.381 0.663026
1.62169 10.2328
0.419303 14.6288
9.72005 1.83459
4.81371 5.19072
1.68446 10.0774
2.54145 8.28328
4.48175 5.54752
3.52304 6.73496
9.48445 1.93913
0.754177 12.9885
6.55166 3.65779
3.98007 6.13744
6.55778 3.6542
13.9828 0.536957
1.44887 10.6828
9.15199 2.09388
14.7548 0.398157
18.7694 0.0196499
8.87641 2.22847
4.86432 5.13756
19.4935 0.00324868
16.0625 0.215688
16.2841 0.190782
2.00436 9.34154
18.0989 0.0474715
15.6372 0.268207
0.028402 18.5258
0.173042 16.4532
1.67122 10.111
8.66128 2.33826
7.65243 2.9099
18.6659 0.0231863
1.07967 11.7888
0.318157 15.2748
0.569256 13.8229
0.21095 16.1029
6.406 3.76903
1.22913 11.3146
7.18346 3.21109
11.4253 1.19246
4.99175 5.00839
5.51687 4.5106
2.86565 7.72457
7.08461 3.27781
14.7231 0.403313
12.433 0.89508
8.00445 2.69985
10.9742 1.34421
3.84357 6.30843
8.43315 2.46041
13.1587 0.713595
0.358624 15.0033
6.13468 3.98137
0.305008 15.3653
6.33861 3.8214
5.8368 4.22815
1.52274 10.4907
14.0509 0.523751
6.14986 3.96939
2.93504 7.61179
13.4728 0.642714
8.85077 2.24182
13.3068 0.679528
8.25702 2.55563
11.5534 1.1517
6.9212 3.39049
5.73007 4.31984
8.07596 2.65792
0.836063 12.6584
9.29786 2.02465
3.74615 6.43472
0.629363 13.5338
0.241705 15.846
16.9739 0.124162
6.9855 3.34605
0.455901 14.4168
8.4912 2.42844
0.196131 16.2352
11.8063 1.07403
0.873563 12.5163
14.481 0.444597
0.642972 13.4719
7.671 2.89913
0.0870208 17.4493
1.22253 11.334
14.2183 0.491996
16.4101 0.178008
6.40495 3.76943
5.66057 4.38044
0.429706 14.567


PARETO OPTIMAL DECISION POINTS (x1 x2):
-0.455754 -0.912581 
0.498646 0.973994 
-0.404833 -0.769174 
-0.455797 -0.916128 
-0.868587 -1.72455 
0.268197 0.534681 
0.208896 0.441093 
0.0738534 0.124794 
-0.58059 -1.17888 
-0.33693 -0.681294 
0.424532 0.876365 
-0.92953 -1.82768 
-0.888188 -1.76441 
0.152645 0.301641 
-0.857414 -1.70418 
0.784939 1.62982 
0.930168 1.85807 
0.855618 1.74196 
-0.842329 -1.70063 
0.134636 0.276621 
0.655803 1.32488 
-0.647338 -1.30516 
-0.411211 -0.865009 
0.753326 1.47864 
0.31097 0.612351 
0.704698 1.41865 
-0.0704791 -0.127898 
-0.820169 -1.62398 
0.385195 0.818511 
0.523846 1.06895 
0.767893 1.55728 
-0.478332 -0.980349 
-0.225081 -0.464644 
-0.0932546 -0.213636 
0.578161 1.15325 
-0.312349 -0.611753 
-0.186467 -0.406333 
0.116662 0.18315 
0.351559 0.701701 
-0.00802199 0.0367571 
0.1935 0.377704 
-0.777454 -1.49744 
0.956378 1.928 
0.644962 1.245 
-0.371945 -0.730453 
-0.70135 -1.41174 
0.259897 0.472544 
0.462449 0.938913 
0.429069 0.815607 
-0.613816 -1.2546 
-0.244413 -0.466066 
0.417667 0.82902 
0.617284 1.28829 
0.551485 1.13163 
0.551485 1.03202 
0.476778 0.932415 
0.99146 1.97974 
0.398154 0.842217 
0.223323 0.416068 
0.148616 0.316458 
-0.0794519 -0.154026 
-0.154159 -0.353244 
-0.481664 -0.924441 
-0.406957 -0.824832 
-0.280933 -0.581767 
-0.706839 -1.43986 
-0.420817 -0.821205 
-0.165977 -0.281359 
-0.165977 -0.380969 
-0.240684 -0.480578 
0.0332148 0.0967458 
-0.72275 -1.44316 
0.0034566 0.0078869 
0.0781636 0.107496 
-0.212624 -0.355833 
0.769517 1.53579 
-0.640581 -1.26387 
0.78062 1.56446 
0.855327 1.66407 
-0.348611 -0.699192 
-0.423318 -0.798801 
-0.219406 -0.425817 
-0.432266 -0.900134 
-0.0138838 -0.0785865 
0.0608233 0.120632 
-0.344957 -0.6644 
-0.0951483 -0.267426 
-0.244562 -0.466645 
0.27468 0.513208 
0.692076 1.38762 
0.617369 1.1884 
0.551731 1.13062 
0.381097 0.742422 
0.30639 0.642813 
0.308637 0.642265 
0.383344 0.741875 
-0.0589278 -0.120433 
-0.0600089 -0.179851 
-0.0600089 -0.0802415 
0.0146982 0.0193679 
0.209808 0.41117 
0.426302 0.824969 
0.351595 0.72536 
0.484761 0.980567 
0.842415 1.68195 
0.767708 1.58234 
0.323896 0.641816 
0.398603 0.841035 
0.208896 0.341483 
-0.0917115 -0.14901 
-0.0953501 -0.13576 
-0.0206431 -0.036151 
-0.241066 -0.446021 
0.148722 0.217127 
0.148722 0.316736 
0.223429 0.416346 
-0.602923 -1.21076 
-0.380865 -0.812543 
-0.53028 -1.01176 
0.475578 0.923158 
-0.556247 -1.12364 
-0.792936 -1.58034 
-0.364375 -0.78161 
-0.364375 -0.682 
-0.289668 -0.582391 
0.167725 0.382118 
0.260836 0.482035 
0.335543 0.681254 
-0.0213507 0.00608423 
-0.0213507 -0.0935251 
-0.0960577 -0.193135 
0.983803 1.96345 
-0.569554 -1.12049 
-0.495763 -1.02025 
-0.57047 -1.11986 
-0.240253 -0.480577 
-0.165546 -0.380967 
0.196222 0.387265 
0.121515 0.287656 
-0.437024 -0.886281 
0.18349 0.392616 
0.179592 0.431277 
0.030178 0.0328394 
-0.729507 -1.46263 
-0.255991 -0.48373 
-0.256424 -0.486111 
-0.328448 -0.669796 
-0.722361 -1.44299 
0.164527 0.306638 
0.0488171 0.107207 
-0.02589 0.00759781 
0.0538328 0.107819 
0.654593 1.27469 
0.7293 1.47391 
-0.810027 -1.64578 
-0.361249 -0.755694 
-0.286542 -0.556475 
-0.151945 -0.355251 
0.397761 0.738411 
0.248347 0.539192 
0.771885 1.56536 
0.697178 1.36614 
0.76974 1.537 
0.552456 1.05194 
0.403042 0.852716 
-0.779136 -1.51451 
0.784939 1.53021 
0.784232 1.55466 
0.561129 1.15907 
0.92851 1.86802 
0.780645 1.56646 
-0.144317 -0.341305 
-0.259249 -0.49991 
-0.184542 -0.4003 
-0.254003 -0.506158 
-0.179296 -0.406549 
-0.403607 -0.799296 
-0.404462 -0.799377 
-0.311043 -0.624689 
-0.367864 -0.724891 
-0.654654 -1.31373 
-0.731611 -1.46044 
-0.808852 -1.6185 
-0.143409 -0.264199 
-0.581056 -1.19914 
-0.506349 -0.999921 
-0.0888049 -0.179821 
-0.446855 -0.879606 
-0.450955 -0.876895 
0.338025 0.674039 
-0.417808 -0.888164 
-0.343101 -0.688945 
-0.336148 -0.653546 
-0.569848 -1.1291 
-0.644555 -1.32832 
-0.824348 -1.66264 
0.58299 1.17845 
0.160782 0.346682 
0.0860745 0.147464 
-0.0709085 -0.122021 
0.509681 1.05028 
0.584388 1.14989 
0.0332927 0.077065 
-0.0414144 -0.122154 
0.717687 1.39995 
0.0678256 0.11693 
0.089309 0.163555 
0.101031 0.249787 
0.858156 1.68928 
0.474489 0.920393 
0.399782 0.820783 
-0.0163016 0.0233075 
-0.646379 -1.30176 
-0.0568069 -0.0691712 
-0.0568069 -0.168781 
-0.131514 -0.26839 
-0.234309 -0.46056 
0.237653 0.446541 
0.819484 1.59177 
0.744777 1.49216 
0.118189 0.207245 
0.0434816 0.00802669 
0.0694565 0.156022 
0.899426 1.8108 
-0.0824388 -0.158797 
0.551256 1.1086 
0.625963 1.20821 
-0.0162758 0.0201098 
9.2605e-05 -0.00417066 
0.629067 1.26806 
0.641197 1.28073 
0.56649 1.08151 
0.224592 0.445993 
-0.302916 -0.603916 
0.223254 0.415718 
0.297961 0.614937 
-0.189882 -0.389547 
-0.437796 -0.902296 
-0.385879 -0.753333 
-0.874931 -1.75498 
-0.810108 -1.64705 
0.135784 0.2752 
0.0610767 0.0759808 
0.436414 0.827355 
-0.660657 -1.28286 
0.14255 0.317486 
-0.646416 -1.27575 
0.0864437 0.14216 
-0.071512 -0.0771666 
0.0779021 0.122052 
0.186202 0.31245 
0.260909 0.511669 
0.598555 1.15873 
0.628172 1.29647 
0.702879 1.39608 
0.873029 1.74383 
0.165957 0.339956 
0.0954741 0.248813 
-0.590801 -1.19145 
-0.15841 -0.353469 
-0.555144 -1.12985 
-0.480437 -0.930633 
0.502607 0.999305 
0.4279 0.899696 
-0.178672 -0.381153 
-0.103965 -0.181934 
-0.762718 -1.51403 
0.367027 0.6959 
0.441734 0.895119 
-0.0299036 -0.0627216 
0.676538 1.32857 
-0.534019 -1.03678 
-0.329488 -0.620144 
0.58307 1.13145 
0.657777 1.33067 
0.601571 1.21213 
0.526864 1.01291 
-0.835492 -1.68782 
0.0262108 0.0730827 
0.100918 0.172692 
-0.186467 -0.306724 
-0.69118 -1.39074 
-0.186329 -0.371544 
0.8261 1.63289 
-0.249095 -0.486057 
-0.323802 -0.685276 
-0.767784 -1.51486 
0.601072 1.1932 
0.0707975 0.19603 
0.145504 0.295639 
0.444228 0.897485 
0.356821 0.680288 
0.282114 0.580679 
-0.751465 -1.47325 
-0.676758 -1.37364 
0.10962 0.18045 
0.18358 0.31857 
0.108873 0.218961 
0.436792 0.832014 
-0.844137 -1.69841 
-0.918844 -1.79802 
0.602054 1.22625 
0.809708 1.6056 
-0.877252 -1.76164 
-0.00802199 -0.0628523 
-0.483485 -0.944792 
-0.777454 -1.59705 
-0.692692 -1.38243 
-0.617985 -1.18321 
-0.582988 -1.17405 
-0.274438 -0.518641 
-0.378355 -0.753502 
-0.303648 -0.653892 
-0.198549 -0.370559 
-0.273256 -0.569778 
0.807921 1.63303 
0.882628 1.73264 
-0.0846488 -0.165704 
0.427595 0.865369 
-0.109549 -0.191168 
0.071907 0.163645 
-0.415437 -0.857282 
-0.764209 -1.57268 
-0.535267 -1.05369 
0.558709 1.09793 
0.707811 1.39053 
0.900338 1.79417 
0.259897 0.572153 
0.245409 0.47708 
0.170702 0.377471 
-0.107231 -0.210071 
-0.181938 -0.409289 
-0.77095 -1.52597 
0.463251 0.958267 
0.463251 0.858657 
0.388544 0.759048 
-0.673894 -1.35053 
-0.599186 -1.25092 
0.305335 0.567338 
0.230628 0.467729 
0.0583029 0.0986266 
-0.214722 -0.415584 
-0.460901 -0.963478 
-0.129893 -0.277955 
0.962359 1.90737 
0.871461 1.73601 
0.796754 1.53679 
0.89663 1.80966 
0.372142 0.705993 
0.154376 0.257802 
0.141756 0.310307 
-0.759362 -1.46665 
-0.612051 -1.23628 
-0.686758 -1.33589 
-0.188782 -0.342737 
0.0188146 0.0235439 
0.0290942 0.035746 
-0.0456128 -0.0638634 
-0.0737078 -0.110777 
-0.563689 -1.15756 
0.658562 1.35116 
0.302509 0.580209 
0.425127 0.887711 
0.344459 0.678951 
0.0222998 0.049824 
0.0970068 0.249043 
0.186752 0.404235 
0.298126 0.637184 
-0.440819 -0.916663 
-0.550396 -1.04466 
0.209426 0.36386 
0.209426 0.463469 
0.284133 0.563079 
-0.802165 -1.59164 
-0.0547336 -0.113013 
0.100079 0.173398 
-0.271825 -0.466381 
0.353089 0.730641 
-0.675368 -1.31211 
-0.323227 -0.713093 
-0.550617 -1.09048 
-0.447137 -0.921595 
-0.214144 -0.381946 
-0.120294 -0.240825 
-0.120579 -0.236472 
-0.774885 -1.56387 
-0.439268 -0.869138 
0.477818 0.903725 
-0.964359 -1.92298 
-0.970141 -1.92458 
-0.968911 -1.92451 
0.76396 1.53379 
0.804628 1.58528 
0.458387 0.938831 
0.393344 0.809109 
0.35223 0.742405 
0.631765 1.24068 
0.356413 0.640518 
0.205425 0.444318 
0.0922333 0.200897 
0.000280938 0.0251576 
-0.747302 -1.50938 
0.625482 1.22117 
-0.557033 -1.10151 
-0.937966 -1.8852 
-0.168847 -0.324199 
0.816912 1.66014 
0.22431 0.385791 
0.234988 0.481284 
-0.589431 -1.14418 
-0.512321 -1.04207 
0.123127 0.250639 
0.123688 0.249724 
-0.383786 -0.766175 
-0.263575 -0.544335 
-0.977647 -1.95902 
-0.980757 -1.95306 
-0.981749 -1.9639 
0.186752 0.345612 
0.078252 0.203766 
0.385622 0.787128 
-0.041775 -0.0905347 
-0.907219 -1.82757 
-0.729298 -1.50137 
-0.885467 -1.80297 
0.935885 1.90402 
0.855456 1.72841 
0.886638 1.7691 
0.879628 1.77609 
0.875764 1.75836 
0.872108 1.75816 
0.911873 1.84061 
0.482272 0.944878 
0.74443 1.52096 
-0.11692 -0.201737 
-0.115074 -0.20071 
-0.608056 -1.20653 
-0.495886 -0.99763 
-0.236235 -0.522399 
-0.320912 -0.625127 
-0.928175 -1.85578 
-0.886133 -1.79988 
-0.217414 -0.463721 
-0.742792 -1.49755 
-0.587858 -1.22529 
-0.43124 -0.841725 
-0.506531 -0.936521 
-0.147371 -0.293846 
0.847983 1.72157 
-0.513852 -1.05119 
-0.548009 -1.08739 
-0.634708 -1.25147 
0.510306 0.979217 
0.668558 1.29913 
0.496995 1.02689 
0.533376 1.04334 
0.424104 0.810636 
0.448928 0.873278 
0.0430254 0.119297 
-0.193617 -0.436206 
0.0401261 0.0537561 
0.326594 0.621637 
0.325073 0.643775 
0.68093 1.4081 
0.519755 1.02024 
-0.785494 -1.54334 
-0.501382 -1.0029 
-0.205458 -0.4119 
0.345309 0.672093 
0.00448938 -0.0305325 
0.677674 1.35961 
-0.349367 -0.721768 
-0.904463 -1.81905 
0.541059 1.08755 
0.542015 1.0808 
0.648776 1.30281 
0.371109 0.756686 
0.372061 0.759731 
-0.761407 -1.55 
-0.953685 -1.90104 
0.459655 0.915628 
0.246111 0.509742 
-0.311431 -0.652253 
-0.721029 -1.46852 
-0.693624 -1.37796 
-0.552716 -1.07847 
0.947055 1.87993 
-0.44059 -0.863554 
0.353615 0.700809 
0.0840206 0.185659 
-0.168183 -0.313526 
0.48257 0.955746 
0.637126 1.24532 
0.609182 1.23077 
0.771323 1.51191 
0.528348 1.1127 
0.530842 1.11157 
-0.600161 -1.16951 
-0.249364 -0.51328 
-0.721076 -1.41882 
-0.619081 -1.29055 
-0.628588 -1.20279 
-0.609995 -1.20329 
-0.016112 -0.00674776 
0.042251 0.0843061 
0.220638 0.494063 
0.0409731 0.0202023 
-0.993728 -1.99737 
-0.952239 -1.91647 
0.0906147 0.22604 
0.0532614 0.180779 
-0.66072 -1.33564 
-0.628748 -1.24351 
-0.856877 -1.69655 
-0.703147 -1.39809 
0.0216797 0.0795053 
-0.367308 -0.718039 
-0.407838 -0.752102 
0.956986 1.90481 
-0.0374879 -0.0424693 
-0.00789131 -0.0669857 
0.793725 1.60786 
0.745044 1.53356 
0.440135 0.847651 
0.243682 0.508371 
-0.286667 -0.606453 
-0.0411891 -0.0940708 
-0.182425 -0.350359 
0.312344 0.690651 
-0.325763 -0.631211 
-0.904868 -1.81006 
0.615145 1.25292 
0.36939 0.670828 
0.170673 0.335522 
0.170419 0.333693 
-0.829489 -1.65042 
0.340401 0.66693 
-0.0634605 -0.147558 
-0.0661152 -0.172087 
-0.139741 -0.314389 
-0.0600402 -0.100368 
0.567436 1.1273 
0.270872 0.544985 
0.75217 1.54978 
0.74752 1.51183 
0.10898 0.258238 
0.321854 0.665744 
0.307672 0.61741 
0.354575 0.716579 
-0.791364 -1.60941 
-0.537016 -1.06167 
-0.528009 -1.05472 
-0.418968 -0.857962 
-0.418295 -0.860031 
-0.490661 -0.959528 
0.551758 1.0792 
-0.366794 -0.785418 
-0.625001 -1.21842 
0.382442 0.783801 
0.224364 0.484304 
0.797748 1.57039 
0.300669 0.586427 
0.00761357 0.045065 
-0.281507 -0.538209 
-0.114703 -0.266955 
-0.0358992 -0.067152 
-0.16964 -0.325216 
0.0206159 0.0172194 
0.144448 0.339167 
0.201498 0.387657 
0.272651 0.597524 
0.112254 0.231352 
0.339055 0.630478 
0.0593453 0.132817 
0.859934 1.68707 
0.252568 0.489579 
0.929364 1.83499 
0.369699 0.728663 
0.501093 1.03174 
0.550895 1.05514 
0.419834 0.832675 
0.460654 0.893926 
0.884118 1.78054 
0.723584 1.48216 
0.51604 0.987006 
0.840117 1.70253 
0.419905 0.842623 
0.0161236 -0.000519954 
0.251102 0.443983 
-0.0131148 -0.0557447 
0.252243 0.550302 
0.522853 1.06389 
0.222006 0.387533 
0.329067 0.610837 
0.197745 0.426871 
0.19738 0.426491 
-0.809212 -1.61105 
-0.389737 -0.786933 
-0.390497 -0.78613 
-0.110424 -0.213774 
-0.511528 -1.02057 
-0.456055 -0.879883 
0.22053 0.426831 
-0.221462 -0.451056 
-0.229436 -0.409725 
-0.0992392 -0.155054 
-0.38218 -0.752249 
-0.544115 -1.1123 
-0.480501 -0.95596 
-0.758887 -1.49418 
-0.171232 -0.383585 
-0.500073 -0.980621 
-0.506215 -0.979539 
-0.425213 -0.879963 
0.647532 1.32324 
0.423992 0.903304 
0.647245 1.26743 
0.539838 1.07414 
0.450509 0.874088 
0.449514 0.874351 
-0.854148 -1.67512 
-0.687715 -1.43711 
-0.632693 -1.28863 
-0.881529 -1.73983 
-0.687948 -1.35757 
0.398636 0.798448 
0.0996657 0.197375 
-0.254941 -0.526688 
-0.570572 -1.09144 
-0.462892 -0.933679 
-0.495723 -0.994587 
0.179623 0.362176 
-0.124618 -0.216977 
-0.077823 -0.0866337 
-0.534026 -1.08023 
-0.626583 -1.28024 
-0.2894 -0.579414 
-0.878932 -1.78151 
-0.284711 -0.603404 
0.180487 0.396282 
0.14989 0.278858 
0.108155 0.195939 
0.0127182 0.0633517 
-0.105779 -0.272078 
-0.33135 -0.611411 
-0.479995 -0.95684 
-0.963551 -1.94617 
-0.894993 -1.78279 
-0.444706 -0.842825 
-0.862184 -1.74217 
-0.827679 -1.64132 
-0.795418 -1.5423 
-0.1436 -0.288739 
0.203843 0.407275 
0.238243 0.504207 
0.230356 0.441747 
0.128191 0.241773 
-0.362042 -0.681637 
0.0422931 0.04167 
-0.269304 -0.588716 
0.858993 1.70983 
0.678753 1.33802 
0.671773 1.34002 
-0.349202 -0.671818 
-0.906827 -1.84664 
-0.915489 -1.84714 
-0.938644 -1.86658 
-0.453053 -0.964833 
-0.675151 -1.32971 
-0.721345 -1.39914 
0.600582 1.16546 
-0.0833691 -0.226439 
-0.579051 -1.15744 
-0.57866 -1.15561 
-0.467327 -0.898236 
-0.144427 -0.326701 
-0.158011 -0.335625 
-0.395572 -0.724501 
-0.179754 -0.325524 
-0.173028 -0.326125 
0.0600525 0.173312 
-0.236189 -0.525125 
-0.724476 -1.49887 
-0.652296 -1.29914 
-0.73761 -1.47933 
-0.448916 -0.899635 
-0.0799222 -0.202607 
-0.673459 -1.39694 
-0.41079 -0.802679 
-0.758861 -1.53209 
-0.255385 -0.476543 
-0.01268 -0.0178245 
0.196963 0.358183 
0.130885 0.218028 
-0.824004 -1.61524 
-0.274177 -0.498021 
-0.589222 -1.2135 
-0.530527 -1.03536 
-0.0932028 -0.11852 
-0.851238 -1.7247 
-0.237239 -0.526898 
-0.168597 -0.344169 
-0.204003 -0.39381 
-0.356565 -0.73097 
-0.558962 -1.10845 
-0.395865 -0.731055 
-0.415334 -0.828627 
-0.712474 -1.46266 
-0.489294 -0.963781 
-0.132015 -0.251683 
-0.144488 -0.267606 
-0.150693 -0.273545 
0.165465 0.3281 
0.0546075 0.0634759 
-0.550064 -1.06154 
-0.322755 -0.66691 
-0.107086 -0.244125 
-0.0370247 -0.0694496 
-0.035688 -0.0696409 
-0.0516768 -0.134975 
-0.244486 -0.501642 
0.131987 0.298054 
0.5061 1.01495 
0.683572 1.31259 
0.339735 0.649399 
0.201602 0.414969 
0.201842 0.41415 
0.274623 0.565058 
0.272342 0.564251 
0.200122 0.406676 
0.417117 0.854382 
-0.171941 -0.296804 
0.691623 1.37707 
0.691842 1.3842 
0.319699 0.591538 
0.765855 1.50893 
0.742762 1.46578 
0.83567 1.68581 
0.831562 1.66624 
0.303812 0.592615 
0.740085 1.48649 
0.54094 1.08911 
0.542808 1.0896 
0.617504 1.2517 
0.809656 1.62987 
0.631014 1.21764 
0.644695 1.23524 
0.531053 1.03906 
0.380352 0.802889 
0.38328 0.722889 
0.379319 0.775451 
-0.423052 -0.815083 
-0.474903 -0.979783 
-0.21014 -0.380019 
0.0938625 0.218755 
0.0147325 -0.0112667 
-0.196025 -0.385906 
0.44447 0.914359 
0.210789 0.464704 
0.123559 0.267938 
0.302256 0.610853 
0.575804 1.12181 
0.500864 1.02301 
0.501019 1.01409 
0.395921 0.776627 
0.591122 1.12339 
0.289438 0.59425 
0.316563 0.626216 
0.335215 0.681963 
0.357087 0.682973 
0.72289 1.44557 
0.901424 1.77907 
0.56147 1.14215 
0.474828 0.888617 
0.285128 0.544545 
0.324478 0.666023 
0.43686 0.87949 
0.324619 0.689734 
-0.0892697 -0.136014 
0.0603523 0.14204 
0.134539 0.259148 
-0.297435 -0.544294 
-0.402552 -0.749084 
-0.15572 -0.308565 
-0.000713723 -0.0506868 
-0.0783441 -0.148968 
-0.0166087 -0.0497657 
-0.226163 -0.445509 
0.0580519 0.131453 
-0.0173116 -0.0144503 
-0.0178378 -0.0130525 
0.410775 0.813953 
-0.133486 -0.234746 
0.297778 0.560883 
-0.323958 -0.649548 
-0.204617 -0.433812 
-0.0944909 -0.196217 
-0.00378387 0.0632155 
-0.274763 -0.534953 
-0.11321 -0.235162 
-0.115468 -0.23415 
-0.110903 -0.235386 
-0.377416 -0.745904 
-0.267466 -0.485572 
-0.0327541 -0.0464013 
-0.303324 -0.644778 
-0.218138 -0.495055 
-0.788039 -1.5637 
-0.623952 -1.27075 
-0.520621 -1.07229 
-0.405365 -0.775601 
-0.404658 -0.775977 
-0.274371 -0.552663 
-0.45325 -0.873859 
-0.424439 -0.874032 
-0.502671 -0.974533 
-0.391548 -0.824617 
-0.332165 -0.697187 
-0.153174 -0.289659 
-0.150078 -0.283968 
0.560359 1.12374 
0.223258 0.447881 
0.0155058 0.0255087 
0.0157314 0.0265016 
0.0745646 0.168678 
0.516935 1.03685 
0.448497 0.864875 
0.0986961 0.155226 
-0.779094 -1.58053 
-0.692959 -1.40988 
-0.632719 -1.30956 
-0.469986 -0.914592 
-0.358604 -0.712972 
-0.360223 -0.711867 
-0.541499 -1.11013 
-0.401899 -0.843757 
-0.40042 -0.840801 
-0.398916 -0.842311 
-0.40014 -0.842962 
0.597902 1.24294 
0.325751 0.66384 
0.401357 0.74408 
0.668662 1.3209 
0.644964 1.32281 
0.667657 1.31882 
0.385298 0.723692 
0.400899 0.829509 
0.559069 1.12274 
0.589266 1.12124 
-0.557807 -1.13791 
-0.922557 -1.8141 
-0.349328 -0.64951 
-0.719834 -1.41604 
-0.434162 -0.823716 
-0.482207 -0.997866 
-0.484608 -0.983305 
-0.19447 -0.325438 
-0.257781 -0.576605 
-0.89839 -1.78027 
-0.573668 -1.18249 
-0.880059 -1.77989 
-0.950614 -1.88389 
-0.733046 -1.4821 
-0.788847 -1.52635 
-0.709443 -1.42422 
-0.580633 -1.13802 
-0.66377 -1.37733 
-0.21797 -0.400506 
-0.23253 -0.482986 
-0.28958 -0.603756 
-0.189191 -0.412654 
-0.261959 -0.509114 
-0.830477 -1.67679 
-0.409942 -0.780818 
-0.495076 -0.941318 
-0.263623 -0.525268 
-0.317707 -0.598518 
-0.508325 -1.06434 
-0.33629 -0.638489 
0.692453 1.4044 
0.566201 1.10902 
0.364262 0.744372 
0.275861 0.596818 
0.0973952 0.176752 
0.499438 0.9971 
0.485611 0.976501 
0.616094 1.27022 
0.0568997 0.0830906 
0.424468 0.845317 
0.162813 0.283723 
0.489282 1.01171 
0.0737828 0.141284 
0.611523 1.2025 
0.260973 0.556989 
0.473823 0.987375 
0.123193 0.228086 
0.0356756 0.106383 
0.210856 0.399538 
-0.0766307 -0.174628 
0.0521935 0.105679 
0.0184776 0.105336 
-0.464703 -0.892085 
-0.0294001 -0.00593082 
0.933432 1.88398 
0.943426 1.8623 
-0.422459 -0.857448 
-0.842345 -1.64697 
-0.717685 -1.40796 
-0.620974 -1.22029 
-0.623802 -1.22082 
-0.846909 -1.71731 
-0.380164 -0.779797 
-0.567929 -1.14446 
-0.240416 -0.499606 
-0.165555 -0.321519 
-0.41932 -0.843326 
-0.252101 -0.541321 
-0.791939 -1.59457 
-0.284026 -0.586237 
-0.620635 -1.18474 
-0.73435 -1.43065 
-0.469584 -0.944369 
-0.396666 -0.760612 
0.0482837 0.0870514 
0.270962 0.49513 
0.529643 1.08098 
0.234358 0.400877 
0.575435 1.19298 
0.247662 0.499609 
0.257908 0.457649 
0.335296 0.698071 
-0.601451 -1.23476 
-0.358828 -0.687036 
-0.399341 -0.81251 
0.0174296 0.100251 
0.0441218 0.100935 
-0.0451032 -0.0998976 
-0.748098 -1.48798 
-0.446953 -0.895871 
-0.131601 -0.298622 
-0.703694 -1.38212 
-0.343526 -0.708224 
0.310737 0.691316 
0.47349 0.963631 
0.222796 0.392362 
0.369617 0.79141 
0.546138 1.14349 
0.257704 0.531034 
0.272939 0.590899 
0.209018 0.426399 
0.208985 0.425277 
0.183689 0.36492 
0.537328 1.0583 
0.108692 0.19591 
0.313787 0.675211 
0.0154104 0.0332188 
-0.209316 -0.452093 
0.302834 0.6315 
-0.0550164 -0.162738 
0.210667 0.378831 
-0.0464177 -0.0777464 
0.0581369 0.1596 
-0.0484772 -0.0790663 
-0.0705365 -0.164344 
-0.889534 -1.76215 
-0.780335 -1.56182 
-0.77285 -1.56255 
-0.542345 -1.06301 
-0.773008 -1.54296 
-0.686243 -1.36318 
-0.655971 -1.36333 
-0.817062 -1.66198 
-0.850669 -1.66189 
-0.194321 -0.413942 
-0.201774 -0.416458 
-0.195074 -0.41581 
-0.628176 -1.26712 
-0.629022 -1.26677 
-0.673464 -1.36787 
-0.52018 -1.0689 
-0.121309 -0.2547 
-0.517787 -1.00828 
-0.588911 -1.16989 
0.173192 0.314734 
-0.392693 -0.782095 
-0.0998588 -0.169229 
-0.32285 -0.683427 
0.0424276 0.0683317 
-0.315869 -0.63691 
-0.296764 -0.58858 
-0.31688 -0.695568 
-0.284668 -0.516938 
-0.321706 -0.683252 
-0.181603 -0.430108 
0.14609 0.265638 
-0.665482 -1.31966 
-0.331166 -0.699775 
-0.364449 -0.740669 
-0.364142 -0.740438 
-0.216116 -0.438712 
-0.119955 -0.268431 
-0.627104 -1.24416 
-0.6072 -1.2675 
-0.51915 -1.03067 
-0.451693 -0.868773 
-0.365931 -0.769578 
-0.536751 -1.06435 
-0.963011 -1.94303 
-0.962912 -1.93547 
-0.80047 -1.56497 
-0.69822 -1.42591 
-0.901498 -1.79333 
-0.897123 -1.79914 
-0.500038 -1.0447 
-0.536653 -1.09552 
-0.842479 -1.67504 
-0.64781 -1.32961 
-0.431788 -0.844074 
-0.0386076 -0.0520029 
-0.102757 -0.223785 
0.187152 0.340568 
0.183677 0.342262 
0.00544718 0.0108525 
0.220534 0.466028 
0.0707037 0.183037 
0.291407 0.572974 
0.236695 0.502149 
0.243577 0.463206 
0.00291116 -0.0108085 
0.0785196 0.201141 
-0.0112841 0.00272293 
0.104217 0.202027 
0.077958 0.170117 
-0.0480196 -0.0400531 
0.516122 1.00366 
0.234446 0.499932 
0.248623 0.563554 
0.438991 0.864241 
-0.0314986 -0.0895725 
0.264325 0.507341 
0.030725 0.0086442 
0.161195 0.326804 
0.159905 0.325278 
0.0364774 0.107776 
0.45354 0.9069 
0.260558 0.50491 
-0.129621 -0.292694 
0.312301 0.601154 
0.297341 0.606501 
-0.0225492 -0.0511752 
-0.0208813 -0.016983 
-0.0210251 -0.0550987 
0.183088 0.379409 
-0.127816 -0.292072 
0.0305017 0.0603063 
0.0302131 0.0601784 
0.72913 1.50786 
0.826588 1.64953 
0.628223 1.27672 
-0.286162 -0.627443 
-0.715494 -1.45466 
-0.177491 -0.338527 
-0.212261 -0.478271 
-0.358944 -0.668792 
-0.00356731 -0.0411409 
-0.00285347 -0.0307424 
-0.0778409 -0.118693 
-0.0787489 -0.122513 
-0.103111 -0.25862 
0.104298 0.241369 
-0.187493 -0.354951 
-0.30178 -0.611248 
0.116036 0.243461 
-0.373278 -0.752325 
-0.374959 -0.74893 
-0.300233 -0.511327 
-0.925794 -1.84267 
0.756706 1.49752 
0.767674 1.55226 
0.640204 1.28697 
0.468765 0.946346 
0.598138 1.18752 
0.200815 0.389593 
0.618584 1.25521 
0.618082 1.24772 
0.587736 1.16481 
-0.242355 -0.442771 
0.516686 1.08429 
0.374773 0.753215 
0.0823686 0.153868 
0.0917393 0.271202 
0.0917348 0.257089 
0.361843 0.707844 
0.165989 0.381145 
0.472558 0.926318 
0.659751 1.30728 
0.460474 0.934063 
0.322902 0.611887 
0.757726 1.52124 
0.68217 1.39366 
0.877469 1.79796 
0.890484 1.76379 
0.599475 1.16799 
0.799277 1.62411 
0.714543 1.46482 
0.695023 1.4399 
0.573733 1.13924 
0.911719 1.79449 
0.620841 1.25626 
0.919541 1.82827 
0.71164 1.43622 
0.813469 1.6495 
0.40911 0.839966 
0.539517 1.10336 
0.477471 0.924331 
0.226402 0.453549 
0.327819 0.671931 
0.496134 0.951919 
-0.918902 -1.82774 
-0.962588 -1.90883 
-0.853873 -1.72515 
-0.846148 -1.71435 
-0.811412 -1.59764 
0.971084 1.94262 
0.784875 1.58769 
0.787562 1.54877 
0.70956 1.41472 
0.753984 1.46426 
0.75351 1.45491 
0.755075 1.457 
-0.0360879 -0.0388034 
0.336838 0.705126 
0.678395 1.37348 
0.386167 0.760449 
0.41586 0.861231 
0.614704 1.21701 
0.491845 0.960096 
0.678201 1.35644 
0.489883 0.960627 
0.635867 1.25815 
0.780183 1.54236 
0.56073 1.14207 
0.828832 1.66882 
0.851994 1.67096 
0.862484 1.75214 
0.889858 1.79409 
0.850989 1.70064 
0.631031 1.30554 
0.917762 1.86873 
0.838382 1.7165 
0.974489 1.95704 
0.966628 1.93355 
0.95145 1.89246 
0.794051 1.58249 
-0.440986 -0.839877 
0.134756 0.255388 
-0.379725 -0.738642 
-0.250704 -0.539794 
-0.117661 -0.241486 
0.304365 0.554587 
0.296675 0.558023 
-0.0615968 -0.133298 
-0.489997 -1.00982 
-0.48954 -1.03094 
-0.432252 -0.932608 
-0.128329 -0.300892 
-0.181931 -0.300636 
-0.0442059 -0.103125 
-0.143396 -0.300172 
-0.0990012 -0.20204 
-0.50408 -1.02933 
-0.574073 -1.16972 
-0.292728 -0.637503 
-0.392721 -0.805711 
-0.591921 -1.20622 
-0.161963 -0.297013 
-0.129641 -0.306857 
-0.88777 -1.79201 
-0.552789 -1.15933 
-0.478533 -0.96184 
-0.477704 -0.960716 
-0.302649 -0.630787 
-0.370111 -0.700163 
-0.431417 -0.898249 
-0.369988 -0.703797 
-0.561707 -1.09891 
-0.409142 -0.897155 
-0.328683 -0.667732 
-0.750599 -1.52239 
-0.616845 -1.19871 
-0.637334 -1.27599 
-0.330466 -0.668883 
-0.588935 -1.15681 
-0.45357 -0.931128 
-0.282834 -0.568218 
-0.384981 -0.79809 
-0.579834 -1.1937 
-0.68296 -1.38448 
-0.469096 -0.996641 
0.102058 0.228514 
-0.0194404 -0.0299216 
-0.00558526 -0.0273222 
-0.209494 -0.427793 
0.233341 0.412862 
-0.155838 -0.322753 
-0.0750963 -0.128616 
-0.0703171 -0.12929 
0.349314 0.654719 
0.0220646 0.0696402 
-0.610266 -1.22019 
-0.227909 -0.432525 
-0.411321 -0.817799 
-0.0288468 -0.0259293 
-0.283263 -0.623408 
-0.194511 -0.400101 
-0.179923 -0.362734 
0.199501 0.373701 
-0.186552 -0.326385 
-0.622656 -1.25614 
-0.641822 -1.289 
-0.471552 -0.927942 
-0.266846 -0.560839 
-0.367854 -0.69632 
-0.800955 -1.6042 
-0.741919 -1.4654 
-0.663393 -1.30354 
-0.712024 -1.39102 
-0.580139 -1.13435 
-0.599329 -1.19749 
-0.927765 -1.88707 
-0.850275 -1.65965 
-0.746991 -1.45932 
-0.302253 -0.562593 
-0.889225 -1.75916 
-0.777642 -1.56021 
-0.847835 -1.68646 
-0.796777 -1.61806 
-0.893761 -1.8129 
-0.715189 -1.43434 
-0.975258 -1.94067 
-0.916447 -1.8011 
-0.91743 -1.81405 
0.212517 0.451616 
0.0853926 0.129717 
-0.00866456 0.0323252 
-0.0188089 -0.069091 
-0.244227 -0.462604 
-0.203159 -0.362501 
-0.00163966 -0.00683456 
-0.392078 -0.770396 
-0.355003 -0.744378 
-0.467446 -0.960397 
-0.451538 -0.89717 
-0.318134 -0.601031 
-0.542666 -1.07598 
-0.403253 -0.788138 
-0.452027 -0.945369 
-0.596143 -1.18125 
-0.526129 -1.07031 
-0.655246 -1.26143 
-0.52525 -1.08859 
-0.522565 -1.04278 
-0.449512 -0.900734 
-0.724378 -1.43118 
-0.945277 -1.89535 
-0.425091 -0.83273 
-0.561859 -1.07578 
-0.628693 -1.23024 
-0.685023 -1.39944 
-0.433252 -0.857178 
0.347006 0.691164 
0.379733 0.737347 
0.523556 1.04889 
-0.178946 -0.317598 
0.208869 0.377724 
0.00652928 -0.023758 
0.283571 0.546755 
0.175203 0.347445 
0.0313505 0.0480511 
0.280702 0.576406 
0.0601883 0.0798196 
0.271045 0.576381 
0.269331 0.577689 
0.135777 0.257153 
0.135233 0.290758 
0.135168 0.255132 
0.210382 0.395375 
0.0346016 0.125939 
0.640278 1.31078 
0.603022 1.2251 
0.700808 1.35104 
0.525686 1.02538 
0.642518 1.32627 
0.815575 1.62449 
0.733049 1.46021 
0.718484 1.42437 
0.719067 1.42222 
0.655591 1.28883 
0.629541 1.22517 
0.623063 1.22693 
-0.894089 -1.77847 
-0.818811 -1.64047 
-0.782255 -1.54483 
-0.471017 -0.948284 
-0.871622 -1.73643 
-0.753627 -1.54553 
-0.65226 -1.28737 
-0.72482 -1.44668 
-0.54869 -1.04622 
-0.682682 -1.34759 
-0.499738 -1.00901 
-0.357688 -0.699549 
-0.669892 -1.33992 
-0.730618 -1.47537 
-0.729634 -1.47772 
-0.942876 -1.87869 
-0.121263 -0.281138 
-0.521274 -1.02709 
-0.660649 -1.27885 
-0.483233 -0.978863 
-0.779308 -1.53032 
-0.733499 -1.47522 
-0.349968 -0.67742 
-0.229732 -0.506704 
-0.229038 -0.436303 
-0.547591 -1.11586 
-0.601553 -1.14786 
-0.580469 -1.11674 
-0.454452 -0.898602 
-0.601375 -1.22121 
-0.695816 -1.35503 
-0.474172 -0.915769 
-0.464839 -0.917871 
-0.475202 -0.916735 
-0.110835 -0.217339 
-0.456645 -0.942226 
-0.617365 -1.21438 
-0.619017 -1.21383 
0.605665 1.25032 
0.390792 0.830193 
0.339184 0.709117 
0.55389 1.07306 
0.340717 0.707599 
0.500239 0.972753 
0.490899 0.989844 
0.378202 0.773883 
0.450453 0.887771 
0.45171 0.888674 
-0.664702 -1.3658 
-0.308191 -0.591372 
-0.261366 -0.566621 
-0.338123 -0.666776 
-0.0833491 -0.189569 
-0.280089 -0.526672 
-0.321432 -0.613539 
-0.375135 -0.767836 
-0.209433 -0.455708 
-0.531263 -1.04809 
-0.53786 -1.05215 
-0.545051 -1.10004 
-0.292225 -0.567489 
-0.277392 -0.558263 
-0.316599 -0.65348 
-0.0383801 -0.0544047 
-0.758257 -1.47982 
-0.326147 -0.652949 
-0.349737 -0.654631 
-0.137852 -0.275856 
-0.077413 -0.133275 
-0.161322 -0.367056 
-0.270448 -0.585793 
-0.493001 -0.973884 
-0.420246 -0.84232 
-0.495361 -0.963933 
-0.657394 -1.32492 
-0.620459 -1.23539 
-0.656226 -1.32853 
-0.4346 -0.829734 
-0.393723 -0.832559 
-0.410917 -0.831711 
-0.708877 -1.40761 
-0.544631 -1.13006 
-0.974295 -1.95579 
-0.791456 -1.62868 
0.731294 1.49025 
0.775286 1.52517 
0.508423 0.979915 
0.4617 0.980721 
0.465748 0.904437 
0.58227 1.16521 
0.266895 0.52113 
0.159982 0.288934 
0.00851705 0.0493085 
0.509258 1.04699 
0.722927 1.45162 
0.828814 1.65085 
0.924149 1.84714 
0.437796 0.90583 
0.91464 1.81653 
0.832472 1.70034 
0.801779 1.59895 
0.797313 1.59496 
0.669184 1.35015 
0.881848 1.74853 
0.84219 1.66882 
0.841528 1.66816 
0.840274 1.66731 
0.445792 0.852261 
0.786321 1.57749 
0.678912 1.35635 
0.68801 1.36506 
0.817444 1.63764 
0.937057 1.87782 
0.939356 1.87843 
0.628918 1.28277 
0.119377 0.278591 
-0.0523748 -0.121114 
-0.198171 -0.420543 
0.0489324 0.0506105 
-0.033448 -0.101009 
-0.237516 -0.517913 
-0.12623 -0.221412 
0.354238 0.67714 
-0.0714721 -0.162342 
-0.090029 -0.122128 
0.316829 0.651729 
0.276552 0.552146 
0.287371 0.550743 
0.432063 0.852284 
0.471337 0.95039 
0.52003 1.05057 
0.174502 0.414973 
0.224587 0.477061 
0.248742 0.475038 
0.0860787 0.173211 
-0.0857269 -0.0947666 
-0.0121403 -0.0374742 
0.0310154 0.0213541 
-0.0412226 -0.0496654 
0.295376 0.625598 
0.172217 0.375088 
0.179366 0.33046 
0.144411 0.277607 
0.59199 1.23273 
0.506677 0.999961 
0.587771 1.20265 
0.2062 0.352223 
0.589051 1.18774 
0.409754 0.827499 
0.330231 0.633405 
0.236086 0.487329 
0.40197 0.786936 
-0.107152 -0.160592 
0.0867241 0.217037 
0.0864793 0.214899 
-0.00620198 0.0119159 
-0.324337 -0.682245 
0.109199 0.216922 
0.108421 0.216843 
0.262323 0.544289 
0.234595 0.457191 
0.236849 0.462748 
0.371136 0.716982 
0.327579 0.65961 
0.217747 0.461607 
0.0255377 0.0904846 
0.164114 0.307893 
0.360184 0.759847 
0.0651393 0.106018 
-0.0925926 -0.162276 
0.00647887 0.0504662 
0.700606 1.38536 
0.700775 1.38068 
0.325337 0.687782 
0.802124 1.61322 
0.890645 1.78814 
0.891159 1.76568 
0.890523 1.76333 
0.983027 1.97554 
0.568696 1.15091 
0.638175 1.29077 
0.810714 1.59389 
0.548835 1.11926 
0.548214 1.04926 
0.815783 1.61693 
0.475072 0.907105 
0.652824 1.31984 
0.592417 1.17596 
0.451596 0.924097 
0.191685 0.42182 
-0.0679471 -0.0901682 
0.0566324 0.122951 
0.214988 0.422388 
-0.313525 -0.577081 
0.133231 0.28055 
0.476561 0.97586 
0.461394 0.92075 
0.389182 0.797274 
0.596303 1.20218 
0.631698 1.27231 
0.593314 1.15692 
0.432363 0.892459 
0.979614 1.95671 
0.345938 0.716692 
0.755143 1.53647 
0.84377 1.73194 
-0.75614 -1.50612 
-0.652434 -1.34016 
-0.571556 -1.10303 
-0.57142 -1.12583 
-0.637979 -1.29977 
-0.276617 -0.594881 
-0.724805 -1.48783 
-0.646496 -1.24322 
-0.645808 -1.25132 
-0.802828 -1.62637 
-0.578773 -1.12038 
-0.93682 -1.85436 
-0.630972 -1.2657 
0.00164984 0.0359326 
-0.0939316 -0.224456 
-0.131612 -0.246379 
-0.0369822 -0.0802814 
-0.355305 -0.668045 
-0.121835 -0.171526 
-0.0844475 -0.170062 
0.151537 0.326749 
0.361351 0.72308 
0.0733173 0.136189 
-0.552695 -1.05942 
-0.0843786 -0.24278 
-0.161373 -0.36117 
-0.173036 -0.35973 
0.0532766 0.171671 
0.290423 0.570989 
-0.110991 -0.253828 
-0.0288816 -0.0310189 
-0.0288031 -0.02945 
0.0937735 0.18862 
-0.143394 -0.206108 
0.394485 0.745335 
0.355561 0.745049 
0.23884 0.489756 
0.314371 0.639064 
0.337842 0.645255 
0.341987 0.643129 
0.187226 0.348123 
0.472115 0.893688 
0.638868 1.29244 
0.741406 1.50232 
0.848682 1.69051 
0.0431893 0.118044 
-0.0709499 -0.14158 
-0.0966007 -0.19081 
0.116175 0.262169 
0.139909 0.307109 
0.104003 0.187354 
-0.0276738 -0.0741003 
-0.0312844 -0.0440125 
-0.028247 -0.0737733 
0.452064 0.950178 
0.21852 0.438421 
0.110701 0.25542 
-0.237437 -0.539644 
0.156721 0.313732 
0.153316 0.355581 
0.0692236 0.114123 
0.867409 1.7111 
0.941298 1.89275 
0.551091 1.09279 
0.604446 1.17966 
0.686392 1.41398 
0.90519 1.81961 
-0.16786 -0.358249 
-0.0621011 -0.0601713 
0.116767 0.240324 
0.894876 1.80226 
0.510837 1.0266 
0.566993 1.10699 
0.468597 0.910118 
0.863189 1.69942 
0.907784 1.80752 
-0.209027 -0.379818 
0.0581075 0.119557 
-0.395482 -0.794479 
-0.283003 -0.637381 
-0.2355 -0.471962 
-0.0502541 -0.0552797 
0.24902 0.527597 
-0.0378747 -0.111926 
-0.82047 -1.68858 
0.864324 1.73182 
0.92364 1.86689 
0.737393 1.47559 
0.628701 1.24089 
0.629102 1.31068 
0.514819 1.07397 
0.756505 1.50879 
-0.58848 -1.10886 
-0.874854 -1.72851 
-0.875299 -1.72934 
-0.98953 -1.97448 
0.499014 0.985089 
0.402967 0.811167 
0.441004 0.88186 
0.503626 0.982665 
0.492075 1.01686 
0.152517 0.284317 
-0.63679 -1.20121 
-0.763966 -1.53574 
-0.150042 -0.351752 
0.0946479 0.147269 
-0.046024 -0.113318 
0.453559 0.855248 
0.0747774 0.14732 
0.217166 0.407631 
0.616249 1.24225 
0.274999 0.524099 
0.275869 0.524187 
0.192836 0.397269 
-0.277775 -0.503774 
-0.377781 -0.718916 
-0.377794 -0.782467 
-0.0880985 -0.202494 
-0.0873359 -0.204933 
-0.158162 -0.378749 
-0.175409 -0.30514 
-0.230975 -0.493714 
0.444537 0.829439 
0.388279 0.77138 
0.175809 0.38631 
0.285066 0.616602 
0.171879 0.417553 
-0.198709 -0.383148 
0.171821 0.316169 
0.701949 1.40633 
0.222957 0.430758 
0.297707 0.583421 
0.216518 0.475769 
0.251432 0.464048 
0.297806 0.545697 
0.27586 0.536448 
0.350385 0.7145 
0.136436 0.242953 
0.31057 0.590294 
0.311941 0.662372 
0.484293 0.932008 
0.534768 1.06331 
0.460114 0.898192 
0.570879 1.11794 
0.406293 0.752688 
0.593422 1.2183 
0.428878 0.835559 
0.310139 0.575801 
0.306983 0.618553 
0.385003 0.75668 
0.117172 0.222413 
-0.340198 -0.698431 
-0.096392 -0.178538 
-0.212649 -0.392457 
-0.084942 -0.190458 
-0.112627 -0.279146 
-0.586551 -1.18795 
-0.225966 -0.41949 
-0.133674 -0.323149 
-0.0994302 -0.243862 
-0.0297355 -0.0904794 
-0.0619258 -0.103834 
-0.409832 -0.792635 
-0.433877 -0.802584 
-0.247641 -0.475627 
-0.769608 -1.55286 
-0.617731 -1.26427 
-0.352078 -0.703908 
-0.463064 -0.903273 
-0.335852 -0.701754 
-0.509468 -1.00992 
-0.447961 -0.9037 
-0.508858 -1.00942 
-0.587099 -1.1503 
-0.370021 -0.758563 
-0.685374 -1.3744 
-0.386498 -0.797539 
-0.311371 -0.674254 
-0.913549 -1.85554 
-0.869445 -1.74826 
-0.827795 -1.62952 
-0.949329 -1.91426 
-0.948367 -1.86681 
-0.837297 -1.63743 
-0.801286 -1.58063 
-0.764745 -1.55655 
0.673242 1.31055 
0.132618 0.232735 
0.547084 1.06815 
0.418236 0.818175 
0.566666 1.16848 
0.412342 0.869282 
0.558803 1.08667 
0.823853 1.62208 
0.620905 1.26931 
0.618036 1.27114 
0.693056 1.39977 
0.574542 1.181 
0.86267 1.71999 
0.8715 1.75601 
0.804275 1.65705 
0.792045 1.61913 
0.775509 1.57507 
-0.510958 -1.07405 
-0.886518 -1.74705 
-0.724061 -1.45385 
-0.861763 -1.73048 
-0.782687 -1.54775 
-0.503416 -1.01865 
-0.809685 -1.59856 
-0.817595 -1.6065 
-0.410959 -0.842943 
-0.592379 -1.23782 
-0.682535 -1.34816 
-0.257433 -0.521443 
0.203516 0.433885 
0.153627 0.344998 
0.192087 0.36738 
0.0238252 -0.0239283 
-0.00362481 -0.0222433 
0.484856 0.969906 
0.280088 0.572816 
0.282527 0.573471 
0.0609738 0.143964 
-0.118196 -0.223495 
-0.0497272 -0.0904099 
0.775997 1.55341 
0.611198 1.22729 
0.166233 0.295426 
0.120824 0.230451 
0.232632 0.428213 
0.15834 0.335893 
0.28996 0.617264 
0.110715 0.194233 
0.184665 0.385851 
0.184014 0.38883 
0.393934 0.787506 
0.374805 0.773516 
0.359025 0.69339 
0.68273 1.34736 
0.407871 0.820235 
0.333036 0.701359 
0.0158798 0.0449947 
0.171623 0.365135 
0.407945 0.840913 
0.324617 0.673301 
-0.908676 -1.79698 
-0.48609 -0.9859 
-0.487753 -0.984014 
-0.523242 -0.98536 
-0.703417 -1.4494 
-0.745633 -1.48058 
-0.533691 -1.08324 
-0.659112 -1.29318 
0.725674 1.39756 
0.118975 0.197123 
0.172157 0.318036 
0.262017 0.493136 
0.633632 1.21374 
0.0982786 0.210487 
0.492086 1.00097 
0.00799389 -0.000531602 
-0.350042 -0.735148 
-0.712903 -1.37612 
-0.659266 -1.27526 
-0.658197 -1.27607 
-0.272749 -0.475827 
-0.763771 -1.47548 
-0.343648 -0.642232 
-0.78252 -1.57424 
-0.646274 -1.31657 
-0.151179 -0.331172 
0.00782788 0.0273363 
0.132556 0.308759 
0.266252 0.587746 
0.0345186 0.086896 
-0.100997 -0.256342 
-0.0634547 -0.159232 
-0.438183 -0.8548 
-0.234284 -0.455917 
0.0859336 0.103488 
0.0117713 0.0403389 
0.366466 0.740311 
-0.0613436 -0.156869 
0.0216182 0.0422452 
0.239147 0.521677 
0.162884 0.32052 
-0.173949 -0.371241 
0.0042938 0.0603011 
0.0863014 0.194654 
0.490752 0.911608 
0.262502 0.569669 
0.371438 0.804815 
0.0520302 0.112098 
0.865197 1.74188 
0.850839 1.71191 
0.704747 1.42964 
0.673114 1.34758 
0.686947 1.33632 
0.613008 1.15866 
0.64933 1.28236 
0.662998 1.33969 
0.673536 1.36683 
0.744317 1.45246 
0.714755 1.45196 
0.505645 0.963894 
0.787756 1.59793 
0.553494 1.10946 
0.74578 1.47777 
0.75679 1.49582 
0.541451 1.11486 
0.773667 1.49514 
0.303587 0.596913 
0.760674 1.54577 
0.764154 1.56769 
-0.328513 -0.655502 
-0.349852 -0.681316 
-0.404019 -0.810675 
-0.818219 -1.65061 
-0.454735 -0.880116 
-0.446679 -0.881428 
-0.447226 -0.881959 
-0.704154 -1.379 
0.723372 1.44424 
0.957683 1.91739 
-0.0631923 -0.113612 
0.11499 0.292786 
0.360905 0.737814 
0.240538 0.438779 
0.33436 0.655832 
-0.20992 -0.402597 
-0.102864 -0.234853 
0.148256 0.249559 
0.319014 0.683267 
0.289191 0.603598 
0.174963 0.348278 
0.171498 0.348562 
-0.272802 -0.546125 
0.0631673 0.149694 
0.0959058 0.165524 
0.214825 0.44829 
-0.171509 -0.406559 
0.0187226 0.0579706 
0.269007 0.554817 
0.066254 0.128665 
0.179697 0.308515 
0.230433 0.391223 
0.0957767 0.237388 
-0.306358 -0.665034 
-0.150431 -0.300735 
-0.417394 -0.806996 
-0.292581 -0.564657 
-0.25249 -0.439613 
-0.150289 -0.343775 
-0.669717 -1.36332 
-0.299303 -0.611071 
-0.299189 -0.60057 
-0.0480607 -0.0646507 
-0.267327 -0.535021 
-0.299807 -0.574477 
-0.26659 -0.500975 
-0.225313 -0.413875 
-0.251424 -0.495392 
-0.910282 -1.83754 
-0.793877 -1.57093 
-0.537592 -1.11855 
-0.666852 -1.29038 
-0.590812 -1.15343 
-0.590692 -1.14708 
-0.260061 -0.534759 
-0.247873 -0.552981 
-0.253864 -0.553421 
-0.382914 -0.819693 
-0.680176 -1.33875 
-0.638808 -1.24266 
-0.289153 -0.529254 
-0.300751 -0.621167 
-0.50525 -1.03126 
-0.678084 -1.3596 
-0.434575 -0.877414 
0.710113 1.40273 
0.651124 1.29783 
0.448641 0.898924 
0.576578 1.15818 
0.112307 0.200275 
0.69296 1.39882 
0.399121 0.800803 
0.594118 1.19823 
0.418916 0.800274 
0.282743 0.50015 
-0.323393 -0.702102 
-0.279102 -0.580588 
-0.148045 -0.312192 
0.0125677 0.0161749 
-0.1066 -0.200724 
-0.00886188 -0.00712536 
-0.23152 -0.481047 
-0.193533 -0.380347 
-0.137352 -0.259126 
-0.117854 -0.211505 
-0.607457 -1.24274 
-0.787767 -1.5871 
-0.695372 -1.39974 
-0.586452 -1.18537 
-0.384382 -0.776371 
-0.0204252 -0.118717 
-0.477268 -0.939988 
-0.327423 -0.566236 
-0.503086 -0.991342 
-0.541343 -1.04371 
-0.763238 -1.5245 
-0.698454 -1.38934 
-0.67439 -1.3146 
0.639436 1.26891 
0.160232 0.297022 
0.410649 0.794226 
0.481271 0.995013 
0.586155 1.14018 
0.666856 1.33111 
0.322637 0.695371 
0.507461 0.994479 
-0.253708 -0.460377 
-0.253083 -0.4629 
-0.136189 -0.287328 
0.0397646 0.0344869 
-6.23163e-07 0.0160557 
0.0672686 0.171531 
-0.19132 -0.334185 
0.344538 0.732427 
-0.127247 -0.261926 
-0.0297375 -0.112119 
0.899614 1.77942 
0.900675 1.77622 
0.736999 1.43479 
0.749386 1.5001 
0.560782 1.13062 
0.918446 1.85778 
0.717464 1.41101 
0.85553 1.72618 
0.248163 0.528732 
0.621271 1.229 
-0.607372 -1.25448 
-0.270558 -0.511265 
-0.329415 -0.641338 
-0.571883 -1.15833 
-0.460225 -0.939363 
-0.316953 -0.638764 
-0.316124 -0.637958 
-0.575746 -1.14467 
-0.465817 -0.969652 
-0.562384 -1.13549 
-0.459144 -0.976898 
-0.206983 -0.44253 
-0.474594 -0.937278 
-0.234061 -0.443257 
-0.330952 -0.686443 
0.0140872 0.0724998 
0.0549195 0.0958621 
0.0804575 0.138174 
0.0552727 0.0841121 
-0.285458 -0.547737 
-0.16508 -0.333641 
0.0237293 0.0304299 
-0.166074 -0.345255 
-0.167238 -0.342303 
-0.625944 -1.29375 
-0.728316 -1.40743 
-0.391937 -0.815803 
-0.242284 -0.421043 
-0.240397 -0.433186 
-0.544656 -1.13947 
-0.394153 -0.751165 
-0.185772 -0.381957 
-0.607482 -1.21862 
-0.403256 -0.773214 
-0.400731 -0.77032 
-0.707863 -1.41837 
-0.42997 -0.867195 
-0.473393 -0.969125 
-0.475301 -0.9189 
-0.461781 -0.918888 
0.93617 1.86618 
0.766364 1.52122 
0.839959 1.65248 
0.883249 1.75178 
0.796045 1.55227 
0.828303 1.65186 
0.793097 1.63139 
0.990161 1.9699 
0.70268 1.44003 
0.992939 1.99021 
0.853303 1.68129 
0.833721 1.67569 
0.530026 1.05635 
0.488128 0.946579 
0.202523 0.363767 
0.558167 1.06451 
0.82665 1.67757 
0.469409 0.933759 
0.657709 1.30681 
0.566132 1.1313 
0.603912 1.20264 
0.947385 1.90453 
0.877499 1.75237 
0.618831 1.20902 
0.44484 0.854775 
0.429614 0.855723 
0.554163 1.15176 
0.173678 0.353312 
0.503305 1.05574 
0.578817 1.19 
0.607699 1.21654 
0.559624 1.16791 
0.627918 1.25224 
0.514235 1.01322 
0.697805 1.42543 
0.431953 0.872281 
0.360267 0.651437 
0.460518 0.948488 
0.193004 0.409348 
0.891914 1.77859 
0.468021 0.913716 
-0.289707 -0.59287 
-0.10066 -0.213366 
-0.371541 -0.740988 
-0.267238 -0.516629 
-0.387198 -0.732623 
-0.296407 -0.61236 
-0.240368 -0.490014 
-0.235336 -0.414155 
-0.312468 -0.636438 
-0.849654 -1.68786 
-0.43915 -0.888639 
-0.881838 -1.76977 
-0.834585 -1.66377 
-0.485567 -0.988748 
-0.855227 -1.73757 
0.350387 0.664037 
0.421002 0.868224 
0.180938 0.352611 
0.281196 0.589544 
0.495039 0.970906 
0.143802 0.329505 
-0.05245 -0.104227 
0.0265375 0.0910278 
0.108905 0.272233 
0.137154 0.272518 
0.0465972 0.0729512 
-0.143226 -0.350273 
-0.157086 -0.281037 
0.166572 0.29266 
-0.0827212 -0.140277 
-0.082584 -0.140188 
-0.3151 -0.664855 
-0.564001 -1.1149 
0.21388 0.393154 
-0.607513 -1.19086 
-0.644084 -1.29076 
0.264727 0.522729 
0.238963 0.473462 
0.19032 0.372772 
0.19116 0.371913 
0.0637457 0.0921231 
0.0797874 0.182014 
0.203558 0.398104 
0.19132 0.35853 
-0.00452157 -0.0168141 
0.114669 0.173985 
-0.272212 -0.570106 
-0.3324 -0.671531 
-0.137656 -0.242545 
-0.31068 -0.602107 
-0.23391 -0.47099 
0.606825 1.24095 
0.758763 1.47103 
0.649971 1.33406 
0.936705 1.85632 
-0.155581 -0.265543 
-0.0841116 -0.21258 
0.0895208 0.1123 
-0.54139 -1.08498 
-0.342815 -0.675907 
-0.422363 -0.783526 
-0.520047 -1.01696 
-0.168278 -0.304343 
-0.293719 -0.555214 
-0.270782 -0.526487 
-0.740016 -1.45517 
-0.756064 -1.51615 
-0.714914 -1.44442 
-0.85768 -1.71428 
0.75279 1.48781 
0.526283 1.0074 
0.470802 0.894186 
0.375697 0.796009 
0.548561 1.09333 
0.34318 0.694579 
0.298753 0.572424 
0.219234 0.395714 
0.599035 1.22773 
0.565594 1.09442 
0.599617 1.14795 
0.409862 0.85074 
0.417831 0.80166 
0.290327 0.583506 
0.281564 0.602446 
-0.06976 -0.152476 
0.108969 0.202452 
0.738714 1.50024 
0.148843 0.304555 
0.276612 0.539002 
0.290485 0.663396 
0.313608 0.602031 
0.374483 0.784143 
-0.00420028 -0.00225717 
0.270506 0.497167 
0.909069 1.78173 
0.666594 1.35048 
0.773453 1.54426 
0.343655 0.698045 
0.518762 1.03648 
0.864213 1.69704 
0.389064 0.800532 
0.832377 1.69573 
0.269816 0.49996 
0.370213 0.742153 
0.142626 0.25561 
0.331688 0.688833 
0.789149 1.55893 
0.343671 0.680453 
0.12885 0.287254 
0.210048 0.382434 
0.0202064 0.00780819 
0.143618 0.282724 
0.247499 0.480765 
0.660724 1.29564 
0.255953 0.564185 
0.356951 0.656496 
-0.61905 -1.24771 
-0.821309 -1.6727 
-0.667344 -1.33068 
-0.931159 -1.86587 
-0.751192 -1.49775 
-0.731972 -1.47239 
0.133848 0.339375 
0.152391 0.377657 
0.506375 0.97683 
0.192293 0.379962 
-0.10228 -0.132935 
0.422887 0.859111 
-0.00706275 0.0199724 
0.125747 0.218696 
0.257766 0.504694 
0.378556 0.761839 
0.153196 0.266357 
0.068001 0.118811 
0.215823 0.417547 
0.039457 0.0934619 
0.212641 0.490535 
0.178636 0.333937 
0.535319 1.03194 
0.125087 0.295075 
0.138115 0.295149 
-0.828209 -1.68718 
-0.863192 -1.70802 
-0.739643 -1.48841 
-0.671643 -1.30171 
-0.493325 -0.998892 
-0.713679 -1.39878 
0.66152 1.32042 
0.949013 1.87011 
0.826135 1.64891 
0.578176 1.17223 
0.784113 1.60685 
0.750862 1.52516 
0.526004 1.03026 
0.509932 1.0372 
0.492027 0.980226 
-0.464141 -0.87843 
-0.563329 -1.12558 
-0.580401 -1.0887 
-0.943736 -1.87618 
-0.70466 -1.43127 
-0.595203 -1.18048 
-0.520564 -1.04655 
0.386258 0.806123 
0.905346 1.80379 
0.80617 1.62146 
0.341518 0.657911 
0.801698 1.63553 
0.978144 1.94663 
0.533431 1.07209 
0.677054 1.31982 
0.611376 1.20813 
0.640328 1.21014 
0.661271 1.30657 
-0.921289 -1.85295 
-0.943444 -1.86107 
-0.877632 -1.74764 
-0.379854 -0.790848 
-0.046408 -0.128236 
-0.0471262 -0.126721 
-0.218357 -0.460978 
-0.0541153 -0.0834662 
-0.137211 -0.305859 
-0.2021 -0.403539 
-0.201079 -0.401149 
0.21528 0.434671 
0.0464679 0.127434 
0.414301 0.773547 
-0.119023 -0.221895 
0.343303 0.682765 
0.438169 0.87619 
0.376656 0.72601 
0.0761351 0.190187 
0.18243 0.376455 
0.181247 0.376628 
-0.209343 -0.42162 
0.310296 0.63158 
-0.880807 -1.78303 
-0.880704 -1.78467 
-0.264567 -0.550571 
-0.490032 -0.948188 
-0.357471 -0.747716 
-0.456932 -0.889289 
-0.42661 -0.844911 
-0.342465 -0.654044 
-0.582767 -1.16522 
-0.502158 -0.964721 
-0.557873 -1.11262 
-0.561322 -1.14545 
-0.743421 -1.52431 
-0.927307 -1.8621 
-0.888073 -1.77354 
-0.794694 -1.55824 
-0.852019 -1.70171 
-0.513694 -1.00017 
-0.608143 -1.22919 
0.194073 0.349744 
0.394219 0.754525 
0.396028 0.820029 
0.298857 0.654738 
0.43866 0.917665 
0.467859 0.982811 
0.309437 0.619925 
0.30225 0.621183 
0.436684 0.916958 
0.47974 0.914717 
0.549286 1.11805 
0.616631 1.19683 
0.44838 0.878105 
0.447867 0.888588 
0.546346 1.10251 
0.503017 1.04162 
0.533309 1.01146 
0.523134 0.985126 
0.475791 0.941788 
0.479432 1.03019 
-0.813657 -1.62455 
-0.484175 -0.969552 
-0.55015 -1.10751 
-0.681644 -1.31401 
-0.671818 -1.38294 
-0.617237 -1.22752 
-0.534946 -1.12772 
-0.415176 -0.875051 
-0.730131 -1.45209 
-0.493486 -0.912073 
-0.508196 -1.00996 
-0.781985 -1.57209 
-0.690943 -1.3735 
-0.371488 -0.774052 
-0.657241 -1.30487 
-0.196589 -0.355316 
-0.219919 -0.480256 
-0.189491 -0.363696 
-0.200655 -0.42352 
-0.215183 -0.448526 
-0.573991 -1.11749 
-0.125938 -0.230812 
-0.125399 -0.235562 
-0.12497 -0.238667 
-0.199687 -0.373996 
-0.19976 -0.375296 
0.24086 0.454806 
-0.175087 -0.348956 
-0.402899 -0.754359 
-0.357721 -0.722033 
-0.42757 -0.82434 
-0.361755 -0.722709 
-0.508659 -0.972038 
-0.164246 -0.389983 
-0.224491 -0.454583 
-0.434844 -0.853628 
-0.0780314 -0.165305 
-0.0847839 -0.171445 
0.130819 0.269912 
-0.184396 -0.335216 
-0.303495 -0.584459 
-0.214286 -0.370307 
-0.18384 -0.417517 
-0.219561 -0.370207 
-0.220026 -0.370355 
-0.264292 -0.575747 
0.963952 1.93105 
0.874587 1.73252 
0.800803 1.63294 
0.733025 1.49484 
0.761168 1.58059 
0.847261 1.65672 
0.878904 1.76674 
0.882204 1.79015 
0.561925 1.15093 
0.441612 0.837944 
0.0358621 0.0417236 
-0.083699 -0.129136 
-0.358276 -0.766349 
-0.0480333 -0.0658362 
-0.044768 -0.0664863 
-0.0488997 -0.0673434 
0.0857754 0.204208 
-0.0149218 0.0117091 
-0.00955581 -0.050758 
-0.00875223 -0.0535502 
0.722112 1.43112 
0.773555 1.52897 
0.881696 1.76124 
0.825265 1.66534 
0.0180842 0.0913857 
0.646272 1.26475 
0.312561 0.666077 
0.543462 1.06379 
0.684515 1.38053 
0.577258 1.13902 
0.688942 1.36273 
0.652374 1.33812 
0.296636 0.595053 
0.824784 1.6038 
0.829325 1.66236 
0.825124 1.66314 
0.515702 1.05812 
0.636617 1.30368 
0.429964 0.905302 
0.575282 1.20272 
-0.315908 -0.619425 
0.0426183 0.109512 
-0.23842 -0.504133 
-0.157237 -0.309672 
0.322005 0.644245 
0.571037 1.10887 
0.717515 1.44413 
0.545764 1.14586 
-0.445858 -0.890254 
0.0399924 0.0698621 
-0.0348346 -0.130481 
-0.125246 -0.247956 
-0.127585 -0.290367 
-0.333561 -0.627112 
-0.0502566 -0.0917538 
-0.0846349 -0.191116 
-0.0850688 -0.191407 
-0.206503 -0.389744 
0.230108 0.491266 
0.0457985 0.0595254 
0.066299 0.137555 
0.0315331 0.0636751 
-0.0647263 -0.125332 
0.0826786 0.163538 
-0.0771982 -0.148365 
0.00890792 -0.0152171 
0.437589 0.857878 
0.0286204 0.0822689 
-0.144263 -0.279849 
0.127731 0.258333 
0.0755764 0.156363 
-0.0129946 -0.0267372 
-0.0119042 -0.0348651 
-0.78616 -1.5565 
-0.398018 -0.823743 
-0.351471 -0.658215 
-0.0229645 -0.0609456 
-0.817013 -1.616 
-0.285843 -0.558574 
-0.564475 -1.15655 
-0.545369 -1.05616 
-0.448848 -0.85699 
-0.933575 -1.87532 
-0.841188 -1.66602 
-0.693521 -1.41856 
-0.770474 -1.53415 
-0.519389 -1.05478 
-0.775915 -1.55223 
-0.634086 -1.25307 
-0.639983 -1.25264 
-0.664776 -1.35232 
-0.820051 -1.63212 
-0.752489 -1.53107 
-0.536397 -1.075 
-0.796506 -1.58846 
0.693622 1.39722 
0.180842 0.297941 
0.444937 0.90574 
0.459234 0.901616 
0.841199 1.69089 
0.243651 0.491153 
0.633566 1.27734 
0.709077 1.46011 
0.633628 1.33279 
-0.11178 -0.182692 
-0.0886968 -0.155988 
-0.131686 -0.216548 
-0.391837 -0.841078 
-0.326163 -0.693364 
-0.513519 -1.05945 
-0.444898 -0.901872 
-0.249273 -0.530526 
-0.367601 -0.749721 
-0.333116 -0.661632 
-0.371913 -0.712547 
-0.454588 -0.926773 
-0.454165 -0.92932 
0.924396 1.85917 
0.670635 1.35897 
0.951936 1.92204 
0.695134 1.35784 
0.680367 1.39523 
0.825775 1.68468 
0.823786 1.64916 
0.733482 1.46864 
0.652003 1.31129 
0.729779 1.45245 
0.878745 1.72588 
0.832693 1.69446 
0.802545 1.56198 
-0.661051 -1.31216 
-0.660884 -1.3119 
-0.689651 -1.34745 
-0.851241 -1.70926 
0.45949 0.964728 
0.0738691 0.173262 
0.108474 0.172819 
0.10992 0.211872 
0.185626 0.394359 
0.186873 0.388352 
0.185287 0.391086 
0.259717 0.532394 
0.692502 1.3731 
0.289942 0.52477 
0.319656 0.611178 
0.200473 0.377924 
-0.140691 -0.234746 
0.227835 0.422471 
0.258674 0.519611 
0.265304 0.476917 
0.0596133 0.110265 
0.0923231 0.17824 
0.309939 0.586772 
0.0903587 0.154578 
-0.0852004 -0.148601 
-0.573627 -1.13632 
-0.336743 -0.69038 
0.100416 0.220057 
-0.577987 -1.1072 
-0.182183 -0.352661 
-0.182169 -0.373993 
-0.13294 -0.311367 
-0.243134 -0.454233 
-0.950778 -1.92699 
-0.54669 -1.12692 
-0.841492 -1.69031 
-0.770052 -1.56546 
-0.770966 -1.56456 
0.892476 1.75687 
0.402761 0.777339 
0.245649 0.518316 
0.254847 0.48183 
0.245614 0.519995 
0.406921 0.858609 
0.382613 0.795129 
0.388288 0.747585 
0.384978 0.796544 
0.429687 0.881214 
0.0112432 0.00752954 
0.454517 0.834497 
-0.598101 -1.20602 
-0.621706 -1.2047 
-0.440925 -0.878557 
-0.836499 -1.67921 
-0.601594 -1.1519 
-0.494437 -0.986032 
-0.547421 -1.07038 
-0.673955 -1.31533 
-0.671529 -1.31204 
0.431756 0.84308 
0.347093 0.707218 
0.333777 0.667745 
0.271046 0.56772 
0.0951764 0.16734 
0.393044 0.766729 
0.620242 1.26561 
0.232681 0.524197 
0.0581921 0.0690791 
0.205668 0.367947 
0.29032 0.567079 
0.15355 0.293422 
0.174088 0.278748 
0.356408 0.694344 
0.282614 0.494381 
-0.159383 -0.272873 
-0.00225023 0.00182812 
-0.0280194 -0.0550326 
-0.412107 -0.814696 
0.0103332 -0.0156936 
-0.285296 -0.514972 
-0.160985 -0.327211 
-0.16072 -0.288252 
-0.308338 -0.617592 
-0.132362 -0.226226 
-0.0422889 -0.0354407 
-0.091808 -0.172219 
0.0669198 0.0741537 
-0.0656499 -0.116381 
0.327457 0.583314 
-0.175418 -0.415447 
-0.0915962 -0.242975 
-0.295323 -0.580858 
-0.350065 -0.712125 
-0.570566 -1.15626 
-0.430332 -0.909476 
-0.183882 -0.3906 
-0.19403 -0.446985 
-0.420305 -0.856471 
-0.161925 -0.366312 
-0.377581 -0.764959 
-0.390801 -0.757591 
-0.179992 -0.364627 
-0.534091 -1.06339 
-0.279182 -0.577479 
-0.171142 -0.33498 
-0.0568981 -0.127797 
0.0654646 0.162703 
-0.192054 -0.376521 
-0.0546447 -0.141591 
0.970915 1.90618 
0.811424 1.60914 
0.469601 0.936375 
0.87896 1.74079 
0.92352 1.81855 
0.645452 1.29317 
0.711575 1.43701 
0.360146 0.751347 
0.819409 1.63194 
0.817151 1.63605 
0.464843 0.927776 
0.534286 1.10363 
0.457188 0.956013 
0.536657 1.10205 
0.61549 1.23816 
0.349709 0.68256 
0.452678 0.915228 
0.313838 0.640166 
0.491653 0.93925 
0.575419 1.13352 
0.57389 1.13658 
0.462171 0.91974 
0.524728 1.03988 
0.537604 1.08247 
0.404195 0.794362 
0.414236 0.835273 
0.876735 1.70969 
0.973123 1.93405 
0.758018 1.48312 
-0.34864 -0.68264 
-0.300676 -0.64341 
-0.188627 -0.344636 
-0.384456 -0.744703 
-0.552035 -1.09786 
-0.125892 -0.270625 
-0.199479 -0.393687 
-0.121217 -0.290064 
-0.363274 -0.731522 
-0.25558 -0.513597 
-0.200287 -0.384451 
0.319851 0.600666 
0.279544 0.481222 
0.322674 0.654264 
0.216602 0.405261 
0.192456 0.336157 
0.49858 1.00551 
0.0493341 0.120389 
0.364794 0.705282 
0.567334 1.15974 
0.149199 0.307627 
0.567245 1.14083 
0.254259 0.507173 
0.173924 0.326731 
0.228852 0.466435 
0.227695 0.462825 
0.346075 0.724815 
0.0407328 0.126555 
0.202662 0.422608 
0.142896 0.357454 
-0.0657393 -0.0797493 
0.331259 0.642075 
-0.0264034 -0.0384089 
0.295582 0.556992 
0.219267 0.456762 
0.154479 0.347699 
-0.237828 -0.441911 
0.0780738 0.130601 
0.518961 1.02807 
0.290593 0.600846 
0.366635 0.767184 
-0.242203 -0.488377 
-0.0421707 -0.0878724 
-0.0491143 -0.0891822 
0.0730467 0.212583 
-0.84967 -1.66527 
-0.959404 -1.91645 
-0.685517 -1.38473 
-0.759207 -1.56658 
-0.35993 -0.775089 
-0.583386 -1.20839 
-0.660426 -1.26741 
-0.58366 -1.20867 
-0.588571 -1.19919 
-0.743362 -1.53504 
-0.619237 -1.23736 
0.347787 0.646375 
-0.182663 -0.343827 
0.109872 0.255503 
0.00964006 -0.0438021 
-0.017429 -0.0431058 
0.00651677 -0.0432014 
-0.363662 -0.703545 
-0.257606 -0.547466 
0.00142165 -0.0188542 
-0.0673552 -0.0985672 
-0.0299089 -0.0816925 
-0.102148 -0.194584 
-0.0286064 -0.0765039 
-0.114135 -0.263604 
-0.104446 -0.150843 
0.038527 0.0784247 
0.0516651 0.0354153 
0.307228 0.605275 
0.0200189 -0.0154244 
0.035955 0.135059 
0.0283974 0.0161292 
0.749108 1.46829 
0.388568 0.779472 
0.62762 1.26066 
0.666813 1.31153 
0.353985 0.73086 
0.552725 1.1011 
-0.512529 -1.03091 
-0.823716 -1.65295 
-0.754591 -1.48698 
-0.633917 -1.2543 
-0.637899 -1.25428 
0.0465603 0.0884017 
0.103087 0.189624 
0.150647 0.289933 
-0.252235 -0.59288 
-0.0173362 -0.0875847 
-0.037193 -0.111519 
-0.120454 -0.310428 
-0.453503 -0.857695 
-0.403946 -0.860146 
-0.712404 -1.4468 
-0.591059 -1.15772 
-0.591112 -1.16018 
-0.718978 -1.42661 
-0.596731 -1.21474 
-0.803088 -1.61383 
-0.788657 -1.57492 
-0.449649 -0.859721 
-0.461397 -0.911252 
0.700308 1.45035 
0.632073 1.29096 
0.650024 1.25144 
0.653243 1.25136 
0.630062 1.25194 
0.255072 0.551324 
0.761202 1.50325 
0.766258 1.5431 
0.712977 1.39476 
0.678599 1.38291 
0.808149 1.64976 
0.709571 1.42391 
0.711247 1.42532 
0.558858 1.10547 
0.586044 1.15103 
0.808265 1.60457 
0.16024 0.355226 
0.320297 0.619357 
0.329457 0.65015 
0.296554 0.580236 
0.289949 0.557546 
0.279327 0.559206 
0.645776 1.27629 
0.378336 0.810674 
0.434262 0.819835 
0.0526649 0.0767056 
0.0645608 0.185857 
0.731669 1.42969 
0.302486 0.629978 
0.718499 1.45828 
0.166146 0.370087 
0.154823 0.39407 
0.280125 0.588936 
0.255213 0.497012 
0.469388 0.957854 
0.184647 0.303999 
0.0994071 0.180075 
0.195664 0.397748 
0.337664 0.690254 
0.116444 0.251886 
0.420309 0.820594 
0.124395 0.280411 
0.555431 1.14447 
0.241639 0.482188 
0.405996 0.833337 
0.381215 0.75005 
-0.446862 -0.929222 
-0.112042 -0.226611 
-0.0510475 -0.149509 
0.234795 0.435879 
0.033327 0.0494537 
0.171282 0.303942 
-0.037035 -0.0560959 
-0.0525705 -0.0739997 
0.158678 0.304584 
0.268683 0.512861 
0.10472 0.205466 
0.373394 0.735075 
0.0916825 0.208158 
0.186977 0.332782 
0.172314 0.305136 
0.00624267 0.0189758 
-0.0438303 -0.0572517 
0.000875051 0.0438818 
0.140967 0.338714 
0.0812251 0.138797 
0.397647 0.852558 
0.363971 0.716038 
0.0689934 0.146224 
0.00044669 0.0558743 
0.328932 0.681319 
0.480236 0.983908 
0.11438 0.269836 
0.298174 0.570813 
-0.430471 -0.816784 
-0.498275 -0.956593 
-0.675266 -1.34322 
-0.341197 -0.633414 
-0.417216 -0.845272 
-0.534651 -1.11032 
-0.47603 -0.970606 
-0.596314 -1.19108 
-0.358023 -0.676282 
-0.635571 -1.31682 
-0.726021 -1.4239 
-0.57424 -1.19018 
-0.623738 -1.19558 
-0.550583 -1.1192 
0.583455 1.16325 
-0.196828 -0.434688 
0.436596 0.897646 
0.230249 0.47532 
0.137722 0.282992 
0.554733 1.18206 
0.622981 1.2989 
0.283863 0.577842 
0.0150563 -0.0275319 
0.355976 0.707925 
0.251645 0.563083 
0.0589221 0.16323 
0.433108 0.863581 
-0.774881 -1.57189 
-0.775545 -1.57228 
-0.775625 -1.5719 
-0.765952 -1.54354 
-0.916299 -1.83582 
-0.903482 -1.78744 
-0.889361 -1.79127 
-0.881326 -1.75467 
-0.88852 -1.7912 
-0.278529 -0.527005 
-0.0851875 -0.113899 
-0.245543 -0.510415 
-0.19308 -0.41107 
-0.195133 -0.410426 
-0.145989 -0.334324 
-0.0950741 -0.211673 
-0.100756 -0.212018 
0.110666 0.240105 
0.177046 0.374116 
0.144372 0.223978 
0.0221877 -0.00397508 
0.0368673 0.0608622 
-0.0349844 -0.125455 
0.13892 0.265798 
-0.0539465 -0.0414034 
0.0246989 0.0568474 
-0.475835 -0.908239 
-0.131019 -0.339901 
-0.0518374 -0.0348547 
-0.842748 -1.682 
-0.256292 -0.494401 
-0.244541 -0.517979 
-0.159446 -0.317025 
0.563604 1.11617 
0.941436 1.87151 
0.950566 1.91108 
0.966461 1.94677 
-0.628534 -1.25181 
-0.804419 -1.5987 
0.467099 0.964415 
0.758195 1.53014 
-0.398554 -0.784056 
-0.980783 -1.97336 
0.777591 1.53436 
-0.344792 -0.715336 
0.435995 0.88722 
-0.813379 -1.63935 
0.68472 1.35478 
0.515052 0.996693 
0.54506 1.07453 
0.643814 1.3159 
-0.679975 -1.39599 
0.619985 1.21908 
-0.900745 -1.81283 
0.751882 1.51771 
-0.0991105 -0.184059 
0.89777 1.81856 
0.752476 1.49379 
0.845819 1.67486 
-0.173013 -0.317067 
0.749283 1.53884 
0.911838 1.8016 
0.92073 1.83767 
-0.994799 -1.98912 
-0.796977 -1.59713 
-0.631374 -1.27722 
0.871334 1.7819 
-0.642535 -1.3081 
0.556468 1.13518 
-0.969771 -1.93337 
0.792736 1.58931 
-0.270087 -0.596777 
-0.0507422 -0.0480046 
-0.543345 -1.12033 
-0.250434 -0.521223 
-0.615051 -1.24359 
-0.373093 -0.787427 
-0.29801 -0.63545 
-0.946591 -1.88826 
-0.726511 -1.47112 
-0.0232913 -0.0233249 
0.840056 1.65999 
-0.0777063 -0.186803 
-0.948168 -1.90563 
0.514884 1.05058 
-0.0551881 -0.0973233 
-0.818181 -1.58618 
-0.119235 -0.248581 
0.104718 0.234559 
-0.64997 -1.31116 
-0.398404 -0.802922 
-0.682051 -1.36858 
-0.825259 -1.67921 
-0.818091 -1.5986 
-0.609063 -1.16943 
0.0989537 0.141857 
0.950614 1.88535 
0.365633 0.758315 
-0.446519 -0.935715 
0.726886 1.4615 
-0.472481 -0.955628 
-0.322613 -0.636211 
0.913471 1.82929 
0.62297 1.24239 
0.793733 1.59984 
0.721536 1.40725 
0.0886581 0.233233 
-0.971282 -1.96143 
-0.279918 -0.552476 
-0.176401 -0.399844 
-0.989085 -1.98606 
-0.71386 -1.42021 
0.753601 1.43988 
0.929814 1.84316 
0.25325 0.470535 
-0.0908217 -0.19064 
-0.789253 -1.54823 
0.362402 0.730252 
0.760108 1.55236 
0.82788 1.64109 
0.465763 0.893486 
-0.236031 -0.495806 
-0.854892 -1.68885 
-0.520042 -1.08536 
0.35904 0.701306 
0.344784 0.664026 
0.939562 1.88486 
0.640771 1.23923 
0.0439344 0.0483345 
0.324535 0.634663 
-0.675523 -1.38846 
-0.373653 -0.723682 
-0.934232 -1.84841 
-0.238747 -0.466037 
-0.295385 -0.64304 
0.83479 1.64762 
0.978332 1.97286 
-0.888619 -1.78348 
-0.0672707 -0.135644 
-0.446842 -0.87123 
-0.772911 -1.58716 
0.585019 1.19251 
-0.11579 -0.177758 
-0.702256 -1.41942 
-0.658884 -1.34275 
-0.739224 -1.53086 
-0.951073 -1.89257 
0.45554 0.944895 
0.533367 1.08615 
-0.38364 -0.75912 
0.319399 0.673231 
-0.582432 -1.22041 
0.381609 0.730277 
-0.738617 -1.47018 
0.547388 1.08515 
-0.0941496 -0.204787 
0.467664 0.921446 
0.865931 1.75764 
-0.221775 -0.433502 
-0.287406 -0.613148 
-0.836737 -1.6471 
-0.615759 -1.29862 
0.748185 1.4589 
-0.419181 -0.834324 
0.237856 0.417833 
0.477101 0.959327 
-0.154439 -0.316184 
0.443579 0.86866 
0.175819 0.340193 
0.683703 1.40154 
0.763733 1.5608 
0.673439 1.37708 
-0.353427 -0.717616 
0.105747 0.157028 
-0.263481 -0.480194 
0.109605 0.226019 
0.12254 0.239431 
0.659187 1.36058 
-0.756423 -1.52534 
-0.928333 -1.81188 
0.775147 1.58243 
0.209781 0.432809 
-0.363098 -0.663142 
-0.514912 -1.06962 
-0.811344 -1.605 
0.128966 0.250224 
-0.322717 -0.658338 
0.730616 1.44477 
-0.955653 -1.91075 
0.677243 1.40097 
-0.318787 -0.579265 
-0.518664 -0.998367 
0.710884 1.47324 
-0.91104 -1.82156 
-0.618827 -1.27346 
0.157352 0.27936 
0.682562 1.33056 
0.820651 1.65451 
0.931012 1.87717 
0.952311 1.89959 
0.849214 1.73112 
0.0963306 0.227276 
0.800042 1.60676 
0.866803 1.72549 
0.895173 1.7924 
0.498652 0.957232 
-0.0410867 -0.0744658 
-0.218931 -0.377555 
0.397685 0.834223 
-0.985576 -1.96897 
0.0891301 0.184664 
-0.406726 -0.836165 
0.254827 0.525443 
0.25261 0.535449 
0.910739 1.82175 
-0.295207 -0.605321 
-0.925443 -1.83446 
-0.0232075 -0.00647289 
-0.00826783 -0.0430727 
0.620006 1.20209 
0.1726 0.406486 
-0.922726 -1.82394 
0.370042 0.749788 
-0.21447 -0.431324 
0.646017 1.30889 
-0.673174 -1.35729 
0.762316 1.51607 
-0.482446 -0.917719 
-0.478498 -0.948737 
0.996637 1.99574 
0.78658 1.56904 
-0.940557 -1.89263 
0.185657 0.35696 
0.400262 0.75226 
-0.701674 -1.37228 
-0.306345 -0.637925 
-0.0971654 -0.16231 
-0.298737 -0.567872 
0.35276 0.688408 
0.543508 1.10823 
-0.525898 -1.03075 
-0.6641 -1.34055 
-0.336747 -0.646088 
0.169039 0.281742 
-0.282679 -0.594325 
-0.294432 -0.573501 
-0.788408 -1.53411 
0.963403 1.89811 
0.0534896 0.0553047 
-0.637365 -1.30684 
-0.667901 -1.37145 
-0.933779 -1.88974 
-0.242151 -0.473505 
-0.563272 -1.09181 
-0.848313 -1.6789 
-0.706813 -1.38927 
-0.652716 -1.27817 
0.37213 0.766678 
-0.137692 -0.267862 
0.788839 1.62514 
0.508989 1.00704 
0.761538 1.49125 
-0.746456 -1.47015 
-0.957954 -1.90508 
-0.385363 -0.789653 
-0.890377 -1.80378 
-0.88743 -1.73822 
-0.76087 -1.48707 
-0.546426 -1.03938 
-0.466864 -0.926137 
-0.959615 -1.92679 
-0.455758 -0.905577 
0.894332 1.77127 
0.792986 1.57455 
0.852744 1.71869 
-0.537899 -1.10503 
0.855822 1.69755 
0.579495 1.1964 
-0.330316 -0.677082 
0.480763 0.938029 
-0.630892 -1.29675 
0.818137 1.64519 
0.687649 1.39279 
0.681724 1.36499 
0.148565 0.34324 
0.0517922 0.0911151 
0.485439 1.01736 
-0.911622 -1.83116 
-0.877204 -1.77436 
-0.795805 -1.60445 
-0.921395 -1.87388 
0.802207 1.59194 
-0.719332 -1.44905 
-0.422485 -0.850199 
-0.1554 -0.296642 
-0.242533 -0.524945 
0.844007 1.69704 
-0.858677 -1.71998 
-0.0945073 -0.155101 
0.60698 1.18583 
-0.829752 -1.66252 
-0.723494 -1.4608 
0.723596 1.41761 
-0.464573 -0.948331 
-0.834302 -1.6714 
-0.211357 -0.409888 
0.383141 0.766371 
0.453414 0.932722 
0.241599 0.498219 
-0.467276 -0.936817 
-0.920273 -1.84572 
-0.311566 -0.643989 
0.798774 1.57794 
-0.531225 -1.07421 
0.266803 0.54864 
0.57909 1.14669 
-0.341793 -0.682504 
0.64128 1.26102 
-0.286674 -0.572363 
0.511485 1.00132 
0.337172 0.638513 
-0.312063 -0.659009 
-0.578725 -1.17285 
0.860009 1.73535 
-0.59822 -1.22847 
0.973806 1.94974 
-0.0204524 -0.0757414 
0.916488 1.83961 
0.837051 1.70648 
0.383838 0.777089 
0.751697 1.50651 
-0.280652 -0.545966 
-0.379996 -0.770427 
0.516697 1.04366 
-0.995215 -1.98028 
0.599122 1.21813 
0.366341 0.722999 
0.066454 0.178106 
-0.356657 -0.692875 
-0.438518 -0.847745 
-0.577043 -1.13059 
-0.0937139 -0.183322 
-0.636376 -1.2698 
-0.0635627 -0.0853244 
0.36541 0.751831 
-0.555396 -1.1466 
-0.64049 -1.28224 
-0.0250668 -0.0461526 
0.344223 0.637429 
-0.866822 -1.73077 
-0.105055 -0.217135 
0.812226 1.63943 
0.515 1.06696 
-0.957622 -1.89323 
0.58738 1.1804 
-0.911643 -1.81416 
0.119185 0.271553 
0.0256368 0.0239599 
-0.914616 -1.79316 
-0.125793 -0.187937 
-0.28684 -0.540751 
0.478446 0.968954 
-0.897583 -1.81712 
0.769274 1.57195 
-0.136758 -0.228624 
0.616101 1.26168 
-0.306401 -0.598192 
-0.212451 -0.471812 
-0.193126 -0.349795 
0.684407 1.37323 
0.834499 1.66159 
0.747877 1.48561 
0.632546 1.31995 
-0.427413 -0.80216 
-0.354694 -0.681118 
0.136075 0.302503 
-0.641992 -1.27151 
-0.689093 -1.37875 
0.476762 0.948972 
-0.176309 -0.331682 
-0.751548 -1.51562 
-0.390835 -0.793469 
0.656101 1.28036 
0.643471 1.30004 
-0.651729 -1.32171 
-0.847391 -1.67145 
-0.717574 -1.39121 
-0.697006 -1.43184 
-0.0359061 -0.0942192 
0.868782 1.74953 
-0.964306 -1.91555 
-0.965735 -1.92951 
-0.414484 -0.837303 
0.0354347 0.0677136 
-0.517465 -1.03944 
-0.351696 -0.75114 
0.529496 1.04793 
-0.846394 -1.72349 
-0.685854 -1.32715 
0.87353 1.77638 
0.447831 0.94581 
0.362301 0.685855 
0.816509 1.59799 
-0.219168 -0.418587 
0.333601 0.62512 
-0.415678 -0.80048 
-0.636505 -1.29295 
-0.770539 -1.50767 
-0.639998 -1.35056 
-0.435765 -0.894743 
-0.0545525 -0.055135 
0.822882 1.64151 
0.454915 0.881697 
-0.805946 -1.63904 
0.830926 1.68298 
0.292478 0.550492 
-0.70193 -1.36578 
0.228818 0.483962 
-0.601368 -1.17712 
0.55463 1.11605 
0.473923 0.913802 
-0.163511 -0.355196 
0.0897933 0.130534 
0.776269 1.56055 
0.470313 0.977445 
0.184288 0.436648 
0.584388 1.20864 
0.633311 1.2852 
-0.610792 -1.1832 
-0.153495 -0.338247 
-0.652175 -1.26936 
-0.354887 -0.653286 
-0.90241 -1.80251 
-0.221917 -0.441155 
0.00892708 0.0334832 
0.531174 1.01935 
0.768971 1.52909 
0.967324 1.92588 
-0.0741798 -0.204737 
0.121765 0.257661 
-0.83168 -1.65672 
-0.841719 -1.70948 
0.490169 1.04169 
-0.296304 -0.594925 
0.486169 0.940026 
-0.628118 -1.26064 
-0.514877 -1.01453 
0.0836681 0.0945217 
-0.331954 -0.650471 
-0.617166 -1.18919 
-0.13838 -0.252296 
0.693682 1.41069 
0.698405 1.39898 
-0.0386213 -0.101987 
-0.3616 -0.694651 
0.658362 1.31419 
-0.96954 -1.94089 
0.311841 0.65528 
0.810792 1.6172 
0.201209 0.351764 
0.504757 1.06304 
0.231937 0.4511 
-0.528146 -1.04255 
0.146773 0.358184 
0.615971 1.22326 
0.237986 0.431229 
-0.51622 -1.02141 
-0.357652 -0.738181 
-0.16379 -0.309434 
-0.236074 -0.449304 
0.145585 0.365734 
-0.00897388 0.00751019 
0.967697 1.90098 
-0.121606 -0.262755 
-0.799858 -1.57329 
0.840131 1.67558 
-0.594419 -1.17255 
0.576221 1.16479 
0.138442 0.248606 
-0.825343 -1.69607 
0.127292 0.184207 
-0.274796 -0.56303 
0.506759 1.02279 
0.282583 0.595728 
0.226039 0.439592 
0.316247 0.616219 
0.419475 0.888427 
0.552663 1.08627 
-0.863614 -1.75103 
-0.277019 -0.511238 
0.227957 0.432536 
0.153581 0.320317 
-0.474988 -0.891362 
0.44909 0.858001 
-0.490493 -0.939672 
-0.232122 -0.499837 
-0.102176 -0.206197 
-0.425846 -0.863879 
0.521308 1.00856 
-0.553313 -1.11295 
-0.731611 -1.49008 
0.272576 0.52999 
-0.852144 -1.69406 
0.213173 0.458533 
0.0467802 0.031961 
0.265997 0.495017 
-0.124424 -0.305162 
0.307951 0.599269 
0.104723 0.180261 
-0.690082 -1.40328 
-0.867589 -1.71128 
0.213521 0.470148 
0.316907 0.659434 
0.508635 0.987161 
0.0409102 0.026989 
0.59691 1.21137 
-0.895011 -1.79198 
0.448543 0.928516 
0.674329 1.29741 
0.597166 1.17985 
0.442123 0.88845 
-0.650145 -1.29332 
-0.365164 -0.709539 
-0.637028 -1.28673 
-0.568706 -1.11285 
-0.139283 -0.282245 
0.019051 -0.0345434 
0.393386 0.760529 
-0.74165 -1.5053 
0.593547 1.16716 
-0.784122 -1.59506 
0.425055 0.794756 
0.845397 1.66292 
-0.229159 -0.459534 
0.780648 1.58027 
0.0012821 -0.0443661 
-0.459979 -0.895609 
-0.44082 -0.894882 
-0.162202 -0.375635 
0.964208 1.93922 
-0.924239 -1.86727 
-0.714035 -1.4274 
-0.420946 -0.828112 
-0.00293794 0.0309194 
-0.0326735 -0.000839844 
0.945648 1.89781 
0.128505 0.227733 
-0.561814 -1.1714 
-0.107468 -0.284906 
-0.563835 -1.10865 
0.0501416 0.0984445 
-0.550206 -1.15259 
0.0806344 0.14699 
-0.567765 -1.13767 
-0.331976 -0.633476 
0.970271 1.9539 
0.648253 1.31667 
-0.488716 -1.00168 
-0.824477 -1.63638 
0.0390268 0.101649 
-0.508333 -1.04716 
-0.0770781 -0.105584 
0.860515 1.7266 
-0.490836 -0.993073 
-0.775028 -1.53551 
-0.389721 -0.776318 
-0.429983 -0.874595 
-0.933971 -1.85915 
-0.790669 -1.55543 
-0.603554 -1.19536 
-0.663912 -1.3266 
-0.90493 -1.83536 
0.0617474 0.127021 
0.131335 0.314447 
0.324297 0.681218 
-0.872925 -1.74348 
0.302717 0.648998 
-0.0666922 -0.106527 
-0.523671 -1.03674 
0.770034 1.5039 
-0.169401 -0.352931 
-0.689976 -1.30056 
-0.261483 -0.5162 
0.569152 1.17587 
-0.744108 -1.49178 
0.485063 0.961673 
-0.708919 -1.4337 
0.957941 1.93585 
-0.840158 -1.62931 
0.0950607 0.195704 
-0.575821 -1.09832 
0.5862 1.17395 
0.69754 1.3921 
-0.117765 -0.258847 
-0.783879 -1.5833 
-0.798568 -1.62403 
-0.595392 -1.22234 
0.0630083 0.157333 
-0.730329 -1.42671 
0.25942 0.487824 
-0.408032 -0.847754 
-0.995048 -1.9716 
0.316695 0.606916 
0.223934 0.460474 
-0.615149 -1.20741 
-0.194265 -0.392996 
0.497222 1.01834 
0.0174426 0.0388951 
0.262819 0.537079 
0.867853 1.71855 
0.425587 0.852354 
0.193502 0.430508 
-0.290235 -0.51918 
0.717442 1.43762 
-0.734396 -1.45512 
0.514182 1.03159 
0.302912 0.573872 
0.144246 0.289296 
-0.0983688 -0.229601 
-0.6034 -1.24625 
0.489848 0.971298 
-0.749138 -1.50341 
-0.214583 -0.404662 
0.0229355 0.0632532 
0.00672662 -0.0067939 
-0.465824 -0.912067 
0.732524 1.48375 
-0.976028 -1.948 
-0.222141 -0.397588 
-0.178004 -0.355679 
-0.683494 -1.39207 
-0.0717863 -0.179779 
-0.647664 -1.28354 
0.508331 1.05692 
-0.306173 -0.623737 
-0.415783 -0.850386 
0.220138 0.500405 
-0.305844 -0.527055 
0.347579 0.745699 
0.835111 1.65546 
0.606296 1.25696 
-0.450569 -0.886533 
0.0462041 0.133477 
0.113703 0.188648 
0.896524 1.76024 
0.285426 0.523796 
-0.338281 -0.659912 
-0.0740515 -0.169071 
0.139644 0.325654 
-0.509077 -0.991864 
-0.415197 -0.822763 
-0.736584 -1.46361 
-0.11214 -0.205826 
-0.806364 -1.58291 
0.685282 1.42166 
0.293383 0.620732 
-0.555491 -1.0924 
0.656724 1.3408 
-0.495413 -1.00574 
0.36432 0.773245 
-0.525382 -1.048 
-0.376831 -0.731671 
-0.435081 -0.865769 
-0.269986 -0.564892 
-0.814297 -1.59123 
0.458432 0.887528 
-0.670209 -1.3768 
0.461124 0.909536 
0.582402 1.1861 
0.34922 0.737109 
-0.374578 -0.736636 
0.928188 1.85152 
0.746691 1.54596 
-0.746607 -1.5166 
0.0664279 0.099251 
0.26075 0.563002 
-0.606427 -1.15774 
0.382137 0.832416 
0.140601 0.300603 
0.724103 1.43664 
-0.267723 -0.540817 
-0.209304 -0.435577 
-0.226596 -0.398118 
0.602559 1.18759 
-0.471188 -0.988345 
-0.139292 -0.321042 
-0.246003 -0.481428 
-0.215268 -0.486441 
0.553185 1.06478 
-0.899009 -1.78804 
0.453157 0.898927 
0.739598 1.49345 
-0.298508 -0.628199 
-0.142077 -0.248551 
0.506911 1.0317 
-0.621626 -1.29808 
0.466167 0.952956 
-0.197738 -0.405038 
0.713632 1.41798 
0.384566 0.824878 
-0.196737 -0.426543 
0.666759 1.27269 
-0.426853 -0.853392 
-0.78158 -1.60424 
0.169423 0.323423 
0.404428 0.769512 
-0.13281 -0.259641 
-0.545316 -1.09305 
0.164623 0.266738 
-0.117072 -0.278662 
-0.58742 -1.17844 
0.435829 0.868783 
-0.692185 -1.36713 
0.286229 0.587176 
0.662217 1.32762 
0.194701 0.414461 
-0.10747 -0.225098 
0.98665 1.98533 
0.907844 1.83607 
0.495963 0.990783 
0.562047 1.09156 
-0.242747 -0.427314 
0.328807 0.601723 
-0.279985 -0.607099 
0.524462 1.05582 
0.321883 0.585668 
0.425955 0.831707 
-0.429526 -0.832588 
-0.461779 -0.982025 
0.511893 1.01901 
0.84231 1.72034 
0.274103 0.55782 
0.847601 1.68368 
-0.462034 -0.885187 
0.140703 0.345 
-0.542858 -1.06903 
-0.817024 -1.66833 
0.66756 1.37085 
-0.844524 -1.64226 
-0.540807 -1.09748 
-0.33561 -0.708495 
-0.592877 -1.19776 
0.104755 0.254868 
-0.882097 -1.76158 
-0.0247808 -0.0683841 
-0.527347 -1.02497 
-0.877001 -1.73562 
-0.539178 -1.03776 
0.604729 1.23109 
-0.150046 -0.324477 
-0.617973 -1.25808 
-0.55971 -1.12972 
0.404593 0.825487 
0.728578 1.46747 
0.643221 1.35234 
-0.48448 -0.952072 
0.365902 0.733563 
0.355768 0.7225 
0.0271943 0.0485677 
-0.230592 -0.466498 
0.866767 1.7705 
0.102165 0.214695 
-0.271483 -0.558407 
-0.949755 -1.87421 
0.444854 0.921008 
-0.00571518 -0.0357204 
0.098262 0.189452 
-0.889108 -1.8125 
-0.43573 -0.839652 
0.921175 1.87291 
-0.501493 -1.03545 
-0.806346 -1.56788 
0.158184 0.361788 
0.398216 0.813992 
0.00799075 0.0665645 
-0.792573 -1.56387 
-0.477249 -0.925194 
0.0162407 0.0118962 
-0.942345 -1.88469 
-0.568191 -1.17039 
0.34093 0.71591 
0.434802 0.911531 
0.444329 0.861916 
0.633257 1.26512 
-0.679261 -1.32019 
-0.0367618 -0.0873322 
-0.0835065 -0.19696 
-0.249736 -0.4577 
-0.342735 -0.670199 
0.200812 0.440949 
-0.576398 -1.16222 
0.397093 0.770557 
0.706268 1.39998 
0.0552699 0.136446 
0.0448053 0.141313 
-0.784233 -1.56565 
-0.35272 -0.727907 
0.413193 0.822726 
-0.297955 -0.550059 
-0.31801 -0.607253 
0.263981 0.500723 
-0.405635 -0.817287 
0.756117 1.54229 
0.030958 0.0716668 
0.589865 1.19569 
-0.313839 -0.59425 
0.695963 1.3497 
0.563085 1.10288 
0.411828 0.807824 
-0.215235 -0.421592 
-0.127699 -0.211648 
0.740787 1.51368 
0.546671 1.13172 
-0.824622 -1.64678 
0.278289 0.517785 
0.141979 0.272225 
0.606183 1.20854 
0.57307 1.14807 
-0.464212 -0.942459 
-0.410401 -0.809124 
-0.36789 -0.733834 
0.206298 0.391727 
-0.0167672 -0.0612308 
-0.484284 -0.961882 
0.44556 0.882938 
-0.375096 -0.759685 
-0.754317 -1.49341 
0.579167 1.1275 
0.203488 0.338068 
-0.345306 -0.732876 
0.619103 1.17214 
0.656812 1.3006 
-0.701191 -1.40432 
0.171223 0.384815 
-0.12037 -0.195932 
-0.00126393 0.00934951 
-0.301245 -0.593947 
-0.230865 -0.450009 
-0.320688 -0.644762 
-0.130911 -0.284486 
-0.328181 -0.626111 
0.493548 1.00784 
-0.396912 -0.81767 
0.244697 0.46984 
0.536413 1.05296 
-0.355603 -0.706817 
-0.653839 -1.33411 
0.0307118 0.0418867 
-0.708239 -1.39773 
-0.306261 -0.608561 
0.434024 0.786615 
0.269644 0.473953 
-0.460631 -0.925051 
0.490957 1.05526 
0.899668 1.80348 
-0.05447 -0.0910871 
-0.0277781 -0.098461 
-0.581204 -1.12707 
-0.0832423 -0.177171 
0.405703 0.846885 
0.616567 1.22987 
-0.30694 -0.579222 
0.354633 0.737612 
0.444402 0.874753 
0.121606 0.212705 
-0.764985 -1.56483 
-0.623234 -1.26218 
0.724153 1.47623 
0.00903664 -0.0362251 
-0.289841 -0.551312 
-0.573436 -1.1497 
0.640915 1.27467 
0.390362 0.814258 
-0.591318 -1.18291 
-0.538394 -1.07975 
-0.158738 -0.302292 
0.0754466 0.18075 
-0.0750895 -0.155362 
0.779114 1.52891 
0.663875 1.35634 
-0.697283 -1.40835 
-0.173167 -0.341247 
-0.367195 -0.763407 
0.651246 1.26341 
-0.655988 -1.31953 
0.301965 0.602938 
0.85766 1.70418 
0.663641 1.34584 
0.209342 0.418348 
-0.226113 -0.492721 
-0.313789 -0.629734 
0.572838 1.12782 
0.00369719 -0.036403 
0.139669 0.289144 
-0.58155 -1.18598 
0.872062 1.76438 
-0.706809 -1.44632 
0.448855 0.910065 
-0.573047 -1.11226 
-0.636096 -1.26276 
0.672826 1.33316 
-0.530166 -1.06738 
-0.500829 -1.02426 
-0.286866 -0.619606 
-0.945618 -1.90104 
-0.577816 -1.22222 
0.676587 1.35075 
0.555391 1.12583 
-0.00927057 0.0257268 
-0.867679 -1.77668 
-0.704417 -1.42412 
-0.150903 -0.307832 
0.61101 1.24399 
0.371656 0.697126 
-0.584419 -1.14285 
-0.325478 -0.675162 
-0.606817 -1.23547 
0.858666 1.71596 
-0.803865 -1.63317 
0.924337 1.83108 
0.821067 1.67069 
0.488273 0.994219 
0.152486 0.333467 
-0.111186 -0.273924 
-0.115352 -0.253638 
-0.0404807 -0.129154 
-0.394953 -0.811422 
0.11811 0.189879 
-0.79852 -1.61222 
0.26895 0.50628 
-0.100034 -0.219283 
-0.269568 -0.495898 
-0.398113 -0.754328 
0.295318 0.600929 
-0.412886 -0.786878 
-0.47706 -0.996072 
0.426837 0.841114 
-0.307576 -0.646435 
0.277398 0.544656 
0.528167 1.06309 
0.320708 0.702841 
-0.495807 -1.0139 
-0.149991 -0.251599 
-0.045476 -0.0481514 
0.519775 1.06006 
-0.498693 -0.970537 
-0.999074 -1.99922 
0.275825 0.573086 
0.943604 1.88723 
0.735743 1.45499 
-0.742118 -1.47625 
0.908701 1.84445 
0.424388 0.818352 
0.0901752 0.169461 
-0.016183 -0.0738996 
-0.450556 -0.917301 
0.515829 0.981218 
0.416906 0.765943 
-0.856769 -1.73105 
-0.0083056 -0.0133313 
-0.0236981 -0.0883034 
1.00027 1.99994 
0.687731 1.40689 
-0.891874 -1.7973 
-0.668103 -1.35739 
-0.282557 -0.50436 
-0.224569 -0.424833 
0.435258 0.838171 
-0.666744 -1.31321 
-0.613005 -1.23025 
-0.185021 -0.364821 
-0.0608467 -0.165143 
0.802468 1.56869 
0.481658 1.00425 
0.309863 0.581195 
-0.245265 -0.494942 
-0.884584 -1.77962 
-0.40362 -0.763185 
0.979846 1.96615 
0.794756 1.61414 
0.909023 1.81475 
-0.249239 -0.505242 
-0.225833 -0.485679 
0.984449 1.95757 
-0.121154 -0.229012 
-0.807843 -1.62395 
0.204605 0.357972 
-0.165621 -0.292529 
0.265216 0.530009 
0.0103406 -0.0273907 
-0.930375 -1.88227 
-0.286568 -0.597531 
-0.49241 -0.97991 
-0.790812 -1.60062 
0.0378041 -0.00845406 
0.986727 1.97865 
-0.90788 -1.80358 
-0.377887 -0.798312 
0.191453 0.386632 
0.780128 1.60451 
-0.235524 -0.489284 
-0.383745 -0.784002 
0.764385 1.52768 
0.333476 0.607475 
0.66749 1.3385 
-0.914744 -1.84134 
-0.126818 -0.255046 
0.176526 0.379951 
-0.66925 -1.34904 
0.288767 0.622541 
-0.489466 -0.969908 
0.919539 1.81469 
-0.267222 -0.570338 
-0.307176 -0.630012 
-0.186696 -0.433593 
-0.252731 -0.547585 
0.60258 1.24567 
-0.41128 -0.825534 
0.799606 1.58529 
-0.934984 -1.86944 
-0.39675 -0.767205 
-0.218461 -0.391341 
0.727697 1.48585 
0.546295 1.11357 
0.651194 1.24609 
-0.602966 -1.22754 
-0.525203 -1.06033 
-0.0576764 -0.105611 
0.820805 1.61612 
0.15723 0.342299 
0.324848 0.628725 
0.932729 1.87165 
0.582749 1.15742 
-0.445962 -0.864578 
-0.955425 -1.92102 
0.281931 0.553774 
-0.613173 -1.21391 
-0.47238 -0.96128 
-0.0157922 -0.0211996 
-0.375998 -0.774367 
-0.0499128 -0.108722 
-0.191743 -0.369909 
0.636852 1.23925 
-0.382618 -0.735058 
0.637468 1.26365 
-0.464361 -0.958375 
-0.552118 -1.08446 
0.34373 0.652944 
0.29445 0.588534 
0.687263 1.39841 
0.962502 1.92372 
-0.429475 -0.880585 
-0.692051 -1.36073 
0.572572 1.15532 
0.535219 1.12732 
-0.547708 -1.07772 
0.769199 1.51882 
-0.451606 -0.910362 
0.207766 0.403732 
-0.505023 -0.985488 
-0.911211 -1.84826 
0.288839 0.532525 
0.15006 0.296464 
0.582284 1.11691 
-0.534719 -1.04423 
-0.660247 -1.32987 
0.572506 1.10345 
-0.600783 -1.18979 
-0.233454 -0.437378 
0.919875 1.80702 
0.650751 1.28868 
-0.409648 -0.772822 
0.715255 1.43189 
0.95202 1.87602 
0.0488539 0.0643514 
0.537307 1.09416 
0.214385 0.386693 
-0.690561 -1.35321 
0.0538872 0.144048 
-0.287358 -0.5638 
0.63323 1.29888 
-0.56078 -1.15308 
-0.939903 -1.87295 
0.420539 0.825696 
-0.248802 -0.443486 
-0.212334 -0.365087 
0.27147 0.539125 
0.146482 0.272053 
0.317343 0.643361 
0.781819 1.57295 
0.260214 0.549944 
-0.0636823 -0.0947054 
-0.345582 -0.694118 
-0.339544 -0.705491 
0.414578 0.780341 
-0.55319 -1.1356 
0.20795 0.449714 
0.146782 0.321907 
-0.250092 -0.480334 
0.086075 0.229103 
-0.41513 -0.793165 
-0.687414 -1.342 
0.153081 0.274763 
0.376386 0.746483 
0.3935 0.799184 
0.197908 0.366423 
-0.867244 -1.74271 
-0.0883569 -0.143087 
0.787861 1.59211 
0.622739 1.21238 
0.565539 1.14642 
0.142678 0.210624 
0.0873331 0.178832 
-0.211751 -0.443072 
-0.0336272 -0.0328413 
-0.207089 -0.398288 
-0.642959 -1.29777 
-0.684248 -1.3533 
0.363341 0.790267 
0.831031 1.65781 
-0.524247 -1.07562 
0.753672 1.51253 
-0.827573 -1.65529 
0.150557 0.261434 
-0.625262 -1.23546 
-0.602675 -1.20397 
-0.537279 -1.08763 
-0.637798 -1.3228 
-0.62768 -1.28647 
-0.143781 -0.273809 
0.876908 1.71751 
0.527781 1.11875 
0.307577 0.636677 
0.0980117 0.204212 
-0.633727 -1.30139 
0.0467869 0.0805164 
-0.0440113 -0.0416559 
-0.654066 -1.34611 
-0.761384 -1.54215 
0.5567 1.09288 
0.605925 1.19702 
-0.507678 -1.02473 
0.502538 1.00773 
0.749249 1.47399 
0.981743 1.95106 
-0.0905732 -0.220667 
-0.193602 -0.35954 
0.0183428 0.0633345 
-0.0836281 -0.184071 
0.108799 0.234959 
-0.294664 -0.631294 
0.526511 1.07467 
0.358942 0.712467 
0.70127 1.41291 
-0.0879748 -0.129184 
-0.507737 -1.01553 
0.624256 1.27373 
-0.847877 -1.69497 
-0.804169 -1.57592 
0.0629696 0.0842204 
-0.555745 -1.08315 
-0.675199 -1.33758 
0.681888 1.41821 
0.390103 0.790221 
-0.762327 -1.50757 
0.737481 1.47003 
0.178718 0.368919 
0.427876 0.892722 
-0.38882 -0.764391 
0.788172 1.58342 
-0.278617 -0.624225 
0.830246 1.63449 
-0.862201 -1.72431 
0.0402847 0.06389 
0.328358 0.698613 
0.705829 1.43556 
-0.44082 -0.907395 
0.923725 1.8247 
-0.886231 -1.75427 
-0.257921 -0.541604 
0.125588 0.234024 
0.0336647 0.0281247 
-0.937497 -1.87876 
0.0295184 0.0536853 
0.88809 1.81897 
0.380665 0.789877 
-0.915575 -1.82092 
-0.919944 -1.83938 
0.485738 0.95185 
0.132679 0.246245 
0.769363 1.54701 
-0.707567 -1.37552 
0.183307 0.400865 
-0.200504 -0.430126 
0.651206 1.32793 
-0.269011 -0.549885 
0.250313 0.5216 
-0.804149 -1.60818 
0.19952 0.401347 
0.465073 0.943835 
-0.64937 -1.33657 
-0.111639 -0.157518 
-0.0569836 -0.0753765 
0.0478549 0.113635 
0.846803 1.71615 
0.390106 0.820755 
-0.251051 -0.470549 
-0.720931 -1.43692 
0.168229 0.360247 
-0.0601419 -0.0655774 
0.599797 1.23333 
0.512468 1.04261 
0.221475 0.408672 
-0.18849 -0.396379 
-0.155575 -0.328852 
0.21977 0.420952 
0.805476 1.6278 
0.305298 0.587811 
0.559187 1.11092 
0.239777 0.466335 
0.776483 1.59079 
-0.103114 -0.163358 
0.416964 0.869355 
-0.215597 -0.455244 
-0.916702 -1.8073 
0.0242257 0.012514 
0.399494 0.806533 
-0.0486964 -0.0972242 
0.379085 0.754485 
-0.865399 -1.73758 
-0.0308669 -0.0688214 
0.315488 0.596678 
-0.205142 -0.448859 
-0.895773 -1.80452 
-0.646242 -1.26808 
-0.847176 -1.70377 
0.0215795 0.0871486 
0.931775 1.86468 
0.377172 0.732268 
-0.708503 -1.46756 
0.821255 1.59706 
-0.456467 -0.960603 
-0.917838 -1.8575 
0.67698 1.34365 
0.211063 0.446126 
-0.162866 -0.349285 
-0.125039 -0.276759 
-0.564947 -1.14807 
-0.0331286 -0.0526042 
0.0819512 0.125057 
0.681231 1.31794 
-0.174966 -0.312297 
-0.991411 -1.9689 
-0.814656 -1.63189 
0.689736 1.35688 
0.248489 0.486962 
0.131774 0.263592 
-0.113331 -0.241322 
0.264044 0.574862 
-0.180544 -0.331237 
-0.915455 -1.86158 
0.579578 1.08538 
0.914342 1.83468 
-0.404661 -0.805035 
0.119544 0.312208 
-0.162607 -0.33776 
-0.115993 -0.216503 
-0.232475 -0.429375 
0.624892 1.26587 
0.00161891 0.0508215 
-0.82227 -1.61011 
-0.401457 -0.793266 
-0.623436 -1.24812 
0.224427 0.469984 
-0.34865 -0.643936 
0.551121 1.12399 
0.175855 0.395284 
-0.757209 -1.51112 
0.591821 1.18392 
-0.325068 -0.617187 
-0.213913 -0.460286 
-0.928297 -1.8694 
0.348297 0.676861 
0.367956 0.710628 
-0.190602 -0.323953 
-0.504428 -1.04419 
0.277874 0.616962 
0.0218088 0.00179639 
0.868689 1.73142 
-0.204798 -0.342653 
0.651852 1.36162 
0.188592 0.378214 
-0.0669026 -0.156291 
0.0591837 0.153191 
0.04898 0.147313 
0.480838 0.928596 
-0.652822 -1.35585 
-0.362096 -0.747208 
0.722933 1.45923 
0.780117 1.55045 
0.37168 0.723177 
-0.607727 -1.24865 
0.509684 0.964955 
-0.101645 -0.188891 
0.222491 0.436983 
0.0902665 0.147282 
-0.515124 -1.09712 
0.860406 1.74626 
-0.738576 -1.44436 
0.180355 0.314528 
-0.327579 -0.661284 
-0.498809 -0.986922 
0.547942 1.06319 
0.836701 1.69211 
0.623372 1.24906 
0.958761 1.92392 
-0.0414082 -0.0823004 
0.636494 1.2514 
-0.146434 -0.247729 
-0.838345 -1.67376 
-0.0943288 -0.142407 
0.923167 1.85367 
0.355504 0.665174 
0.178979 0.345661 
0.108437 0.188795 
0.669455 1.36552 
0.393524 0.772431 
-0.874432 -1.76604 
-0.585442 -1.1947 
0.214011 0.411588 
0.21459 0.428193 
0.0766436 0.161948 
0.00870395 0.0144874 
0.791727 1.547 
0.455575 0.962449 
-0.77189 -1.51305 
0.398045 0.787292 
0.125541 0.300042 
0.761382 1.53939 
-0.0734749 -0.117683 
0.414322 0.811863 
0.690541 1.43552 
0.653318 1.30556 
-0.678593 -1.35355 
0.695975 1.38149 
-0.00943986 -0.0232443 
0.692882 1.36533 
0.733924 1.47867 
0.213709 0.484103 
-0.59272 -1.21812 
0.368515 0.772007 
-0.218309 -0.44499 
-0.668082 -1.32433 
0.667864 1.32611 
0.265298 0.581643 
0.0573928 0.0555227 
-0.0590194 -0.150021 
-0.986216 -1.97913 
-0.392073 -0.800484 
0.926329 1.8744 
-0.623602 -1.24153 
-0.713812 -1.38338 
0.886881 1.75593 
0.10123 0.238018 
-0.139842 -0.293574 
-0.675104 -1.37928 
-0.763399 -1.49615 
-0.59068 -1.12545 
-0.0130181 -0.0101185 
-0.443365 -0.850924 
-0.480428 -0.908158 
0.0695359 0.124936 
0.160961 0.313061 
0.544335 1.04476 
0.61329 1.19275 
0.0454006 0.0951217 
-0.896402 -1.77313 
0.646506 1.28786 
0.464195 0.914913 
0.0195471 0.0305259 
-0.319571 -0.649882 
0.0907842 0.195356 
0.500597 0.978982 
-0.799103 -1.55926 
0.0705848 0.0902176 
0.489927 0.954861 
-0.490648 -1.01666 
-0.711373 -1.43971 
0.293078 0.562614 
0.12888 0.19308 
0.541318 1.09699 
0.858815 1.68183 
-0.856528 -1.70953 
-0.443086 -0.884174 
-0.257825 -0.50547 
-0.0689981 -0.146661 
0.587552 1.15705 
0.775601 1.56887 
-0.5046 -1.00833 
0.873409 1.72671 
0.33343 0.648469 
-0.544759 -1.04694 
0.36297 0.692792 
-0.458977 -0.901846 
-0.183199 -0.357962 
0.853573 1.70803 
0.646503 1.25733 
-0.551986 -1.06831 
-0.587134 -1.16313 
0.895908 1.78589 
-0.343905 -0.647616 
0.636314 1.27349 
0.650119 1.27702 
-0.345916 -0.658672 
-0.778476 -1.54652 
0.81022 1.62412 
0.0729266 0.110368 
0.183195 0.327428 
-0.712422 -1.40499 
-0.830651 -1.63415 
0.278332 0.583894 
0.259907 0.526608 
0.886706 1.74875 
0.956521 1.91063 
0.441149 0.901223 
0.961757 1.91371 
-0.280899 -0.563233 
0.850384 1.74607 
0.0276676 0.0653156 
0.406428 0.81409 
0.745512 1.50472 
-0.149814 -0.266684 
-0.659907 -1.31952 
0.797834 1.61802 
0.139183 0.315676 
-0.247496 -0.469435 
-0.0788357 -0.138403 
-0.19586 -0.375351 
-0.427732 -0.894827 
0.393627 0.782046 
0.905624 1.77801 
-0.595357 -1.16725 
-0.566986 -1.10034 
0.455313 0.92039 
0.218248 0.451435 
-0.205156 -0.383308 
0.0857702 0.158472 
0.59258 1.19095 
-0.266153 -0.50944 
-0.0609435 -0.126203 
-0.0880853 -0.16233 
-0.222757 -0.459526 
-0.222073 -0.405527 
0.139301 0.25974 
0.113107 0.20706 
0.51938 1.01436 
-0.728547 -1.49572 
-0.726754 -1.45786 
-0.79733 -1.57947 
-0.0799358 -0.171054 
0.698004 1.44512 
-0.758922 -1.53764 
0.432332 0.830689 
-0.0385877 -0.0621631 
-0.17645 -0.286531 
0.95307 1.90662 
-0.983945 -1.95655 
-0.0483854 -0.118429 
0.161775 0.367944 
0.726225 1.45582 
0.902758 1.81413 
-0.13543 -0.246542 
-0.532189 -1.09772 
0.853545 1.68898 
-0.387186 -0.771487 
-0.139456 -0.299187 
0.954742 1.89481 
0.741268 1.47888 
0.0400002 0.113901 
0.932644 1.85205 
-0.450836 -0.924343 
-0.319733 -0.66281 
0.817954 1.61172 
-0.628807 -1.27286 
0.396085 0.793556 
0.582232 1.13713 
-0.303799 -0.616566 
-0.0902306 -0.167265 
-0.990501 -1.98074 
0.545407 1.0959 
-0.46779 -0.954358 
-0.669684 -1.3177 
0.0501914 0.125522 
0.760398 1.51061 
-0.047033 -0.135321 
-0.394994 -0.78719 
0.358443 0.629376 
-0.715518 -1.47395 
0.0338647 0.0363363 
-0.773296 -1.50372 
0.204699 0.378839 
0.375067 0.740637 
0.234799 0.47203 
0.173617 0.359723 
-0.668127 -1.30561 
0.418459 0.847604 
-0.204858 -0.423795 
-0.263587 -0.520343 
-0.853386 -1.66905 
0.626864 1.22884 
0.165801 0.345515 
-0.767456 -1.52055 
0.504068 0.988269 
-0.336716 -0.674336 
-0.459103 -0.94727 
0.217372 0.400242 
0.61297 1.18767 
0.140246 0.277969 
0.563073 1.17394 
0.510055 1.01238 
-0.0699482 -0.173153 
0.170546 0.341834 
-0.506129 -0.96384 
-0.106038 -0.230647 
0.641592 1.30514 
0.126102 0.264077 
-0.294907 -0.618028 
-0.709181 -1.45074 
0.687237 1.34457 
-0.00521164 -0.00968253 
0.35987 0.793492 
0.422872 0.782024 
-0.372959 -0.781034 
-0.0454989 -0.0839605 
0.251026 0.494548 
-0.388567 -0.748618 
0.850047 1.72596 
-0.106514 -0.252904 
0.57493 1.11268 
-0.514589 -0.983961 
-0.85448 -1.71846 
-0.814461 -1.64445 
0.926138 1.84243 
0.87816 1.77158 
0.437546 0.925834 
-0.376361 -0.707919 
-0.282017 -0.57338 
0.481235 0.964534 
0.897229 1.79724 
-0.0046111 -0.04761 
-0.721811 -1.40603 
0.073264 0.130481 
0.198397 0.420474 
-0.348495 -0.707342 
-0.0958376 -0.217766 
0.317284 0.665073 
-0.321368 -0.63069 
0.943622 1.87723 
-0.089698 -0.197254 
-0.469311 -0.92112 
0.330818 0.662828 
0.351352 0.707496 
-0.844702 -1.69249 
0.438659 0.852643 
-0.919988 -1.8179 
0.697515 1.40358 
-0.187073 -0.376669 
0.091729 0.213585 
0.0596791 0.0903816 
-0.820919 -1.6798 
0.285868 0.568791 
-0.357596 -0.662548 
-0.327742 -0.636675 
0.422712 0.837167 
-0.683067 -1.35935 
0.166504 0.301935 
-0.651563 -1.32829 
-0.299871 -0.652859 
0.768421 1.494 
-0.0816402 -0.146262 
-0.403795 -0.782883 
-0.45564 -0.936488 
0.360024 0.717572 
-0.604892 -1.18145 
0.954194 1.88749 
0.238368 0.495181 
0.0935482 0.13986 
-0.545648 -1.1049 
-0.0406916 -0.116356 
-0.481322 -0.936846 
-0.0572081 -0.134664 
-0.0833729 -0.15303 
0.705439 1.41064 
-0.49982 -0.994457 
-0.19335 -0.421595 
-0.0241005 -0.0324066 
-0.259113 -0.477001 
0.737753 1.46329 
0.826162 1.65636 
0.0949876 0.182867 
-0.209167 -0.386138 
-0.783238 -1.53285 
-0.561359 -1.11964 
-0.0592055 -0.111171 
-0.882112 -1.74607 
-0.231616 -0.405728 
-0.541016 -1.0569 
-0.103596 -0.168854 
0.475759 0.992747 
0.103767 0.195555 
-0.0309208 -0.0388461 
0.350477 0.696596 
0.814201 1.60515 
0.433319 0.902515 
0.193031 0.39149 
-0.591289 -1.17637 
-0.167751 -0.297698 
0.608391 1.2223 
-0.252435 -0.490727 
-0.192365 -0.340012 
0.31393 0.584583 
0.167906 0.287096 
-0.719199 -1.45793 
-0.768358 -1.56025 
-0.46977 -0.965881 
-0.00321119 0.0223831 
-0.62086 -1.26752 
-0.292485 -0.586535 
-0.190449 -0.402627 
-0.488201 -0.996648 
0.70727 1.40625 
0.426004 0.871298 
-0.0336875 -0.0764462 
-0.283232 -0.532074 
0.883841 1.77236 
-0.3665 -0.755443 
0.820218 1.66357 
0.804415 1.6057 
0.869001 1.77553 
0.936927 1.88844 
0.564033 1.16415 
-0.210712 -0.416489 
0.687596 1.38523 
-0.600512 -1.184 
-0.698362 -1.39543 
-0.433412 -0.88309 
-0.584379 -1.15733 
0.317996 0.635266 
0.094032 0.173136 
-0.198009 -0.448357 
0.803716 1.64228 
0.611566 1.23729 
-0.223932 -0.470232 
-0.885843 -1.76964 
-0.155496 -0.357801 
-0.0886924 -0.18547 
-0.277204 -0.572487 
0.808096 1.63973 
-0.26701 -0.555357 
-0.271047 -0.536943 
-0.884937 -1.78699 
0.890536 1.77367 
-0.375644 -0.792025 
0.976484 1.96222 
-0.278897 -0.618755 
-0.421812 -0.862777 
-0.228684 -0.477569 
0.71058 1.45541 
0.318518 0.576238 
0.131221 0.275793 
0.861222 1.74133 
0.407382 0.808554 
0.000303022 -0.0273443 
0.660134 1.34402 
-0.733301 -1.44325 
-0.6221 -1.18971 
-0.268546 -0.521885 
0.515752 1.02543 
0.253796 0.512632 
-0.026155 -0.00947213 
0.702031 1.42269 
-0.426716 -0.816466 
-0.267017 -0.528838 
-0.622191 -1.23009 
0.538735 1.06784 
0.0856057 0.167815 
0.396984 0.765191 
-0.920216 -1.83265 
0.719764 1.46501 
0.324285 0.649424 
0.462922 0.968173 
-0.654025 -1.30778 
0.597527 1.17321 
0.62491 1.25588 
-0.363901 -0.726522 
0.307255 0.551013 
-0.75674 -1.49988 
-0.510098 -1.00341 
0.553906 1.13908 
0.529287 1.08851 
0.266149 0.541468 
0.518009 1.07878 
0.207566 0.458082 
-0.786337 -1.56979 
-0.397898 -0.836692 
-0.76543 -1.55002 
-0.0481857 -0.0726805 
0.116068 0.232095 
0.744403 1.48333 
0.378258 0.767907 
0.688187 1.37107 
0.375598 0.720406 
-0.0121137 -0.0677568 
-0.614443 -1.22045 
-0.529115 -1.0618 
0.360731 0.769843 
0.00338784 6.89551e-05 
0.806457 1.61354 
-0.767402 -1.53801 
0.83196 1.68879 
-0.416124 -0.863496 
-0.76329 -1.49078 
0.038302 0.0468574 
-0.523771 -1.05336 
0.938508 1.86127 
0.589946 1.1695 
-0.227205 -0.499087 
0.56279 1.13636 
0.733826 1.43978 
-0.141015 -0.223696 
0.818772 1.62206 
0.155953 0.324733 
0.51156 0.991889 
-0.735725 -1.49001 
0.474639 0.95482 
-0.878676 -1.76685 
0.173704 0.369572 
0.584622 1.16909 
-0.954198 -1.86797 
-0.319091 -0.634629 
0.735391 1.48792 
-0.728857 -1.44673 
0.307426 0.627764 
0.252653 0.501459 
-0.61311 -1.28016 
-0.0530156 -0.126144 
0.837473 1.68088 
-0.508244 -1.03456 
-0.318597 -0.68768 
-0.0827419 -0.206692 
0.421571 0.853773 
0.348926 0.720543 
0.575278 1.18686 
0.757271 1.58251 
-0.322125 -0.672501 
-0.238392 -0.418378 
-0.720091 -1.43106 
-0.602366 -1.24045 
0.0960795 0.126671 
0.662843 1.29072 
0.757399 1.51532 
0.0180658 0.0743139 
-0.412057 -0.847595 
-0.228251 -0.511664 
0.533303 1.04955 
-0.477157 -0.894569 
-0.472667 -0.92929 
-0.504235 -1.02197 
-0.738574 -1.46528 
-0.156364 -0.355393 
0.920482 1.8456 
-0.130957 -0.297724 
-0.633938 -1.27493 
-0.333618 -0.695038 
-0.402253 -0.796544 
0.69826 1.4056 
0.567821 1.11713 
0.582499 1.1131 
0.699521 1.39815 
-0.806137 -1.6275 
0.25946 0.56857 
-0.651885 -1.29881 
0.210536 0.446841 
0.804674 1.62974 
0.0719495 0.10512 
-0.539364 -1.09901 
-0.112144 -0.223847 
0.308092 0.604168 
0.961748 1.89993 
-0.0449825 -0.101203 
0.868637 1.73912 
0.104403 0.212718 
-0.601014 -1.2198 
0.352217 0.65182 
-0.302711 -0.640734 
-0.373542 -0.740586 
-0.576514 -1.14107 
0.733342 1.46907 
-0.224056 -0.447585 
0.558024 1.05694 
0.194126 0.37834 
0.587919 1.18859 
-0.844903 -1.70395 
0.322692 0.652268 
-0.367993 -0.747259 
-0.129709 -0.255349 
-0.0563073 -0.0982021 
0.138761 0.268336 
0.582204 1.13806 
-0.231828 -0.453202 
-0.238388 -0.460782 
-0.484715 -0.978327 
-0.559422 -1.07794 
0.310755 0.621778 
0.489062 0.956754 
0.414355 0.757535 
-0.954032 -1.91534 
-0.0621792 -0.0809039 
0.0655041 0.106608 
0.685357 1.35016 
0.640391 1.31518 
-0.26264 -0.526522 
0.704014 1.39845 
0.484484 0.967956 
-0.352567 -0.739127 
0.28917 0.586054 
0.442978 0.911464 
0.589873 1.1891 
0.515166 0.989877 
-0.0396827 -0.0420132 
-0.0411062 -0.0524456 
0.108308 0.146773 
0.0703776 0.138223 
-0.602499 -1.25261 
-0.453085 -0.854176 
-0.154808 -0.263639 
-0.00539362 -0.0644204 
-0.0856979 -0.14716 
-0.0109909 -0.0475506 
-0.0934142 -0.241983 
-0.0934142 -0.142374 
-0.0187072 -0.0427647 
0.620967 1.24802 
0.776773 1.54517 
0.156333 0.344494 
0.16496 0.342326 
-0.204621 -0.354515 
-0.352479 -0.696528 
0.092341 0.194727 
0.017634 -0.00449223 
0.0931436 0.150385 
-0.846485 -1.7024 
-0.771778 -1.50318 
0.141269 0.276555 
-0.44461 -0.867797 
-0.745271 -1.52225 
-0.668983 -1.36037 
-0.0370427 -0.068676 
0.0999466 0.138345 
-0.0494675 -0.0608735 
-0.238533 -0.457899 
-0.31324 -0.657117 
-0.636271 -1.29714 
-0.352348 -0.668874 
-0.625575 -1.24291 
-0.550868 -1.1433 
-0.577232 -1.14232 
-0.502525 -1.04271 
0.229954 0.415153 
0.229954 0.514763 
0.304661 0.614372 
0.214406 0.417501 
0.311709 0.624103 
0.237002 0.424884 
0.385778 0.821281 
0.550578 1.09802 
0.638969 1.23479 
0.487788 0.956931 
0.415074 0.857984 
0.340367 0.658765 
0.573357 1.17364 
0.648064 1.27325 
0.784807 1.559 
0.7101 1.45939 
-0.671239 -1.32228 
-0.745946 -1.5215 
0.798965 1.59821 
-0.841471 -1.71475 
-0.804361 -1.62012 
-0.954347 -1.91504 
-0.281838 -0.57906 
0.0865159 0.154627 
0.0112645 0.0176801 
0.0126537 0.0157229 
0.27036 0.498795 
-0.0375918 -0.0945037 
-0.0399695 -0.0948086 
-0.503101 -0.997285 
0.32833 0.652828 
0.832919 1.65002 
0.722846 1.44758 
0.34578 0.719722 
0.420487 0.819332 
0.623856 1.21517 
0.616024 1.21593 
-0.230655 -0.432481 
-0.37066 -0.73184 
0.141006 0.281923 
-0.189271 -0.381719 
-0.798285 -1.61586 
-0.356623 -0.72642 
-0.43133 -0.826029 
-0.56057 -1.12448 
0.819983 1.65765 
0.810819 1.65696 
0.828992 1.66192 
-0.215639 -0.400687 
-0.215639 -0.500296 
-0.290346 -0.599906 
0.285225 0.643018 
0.285225 0.543409 
0.210518 0.443799 
0.224594 0.383066 
0.374008 0.781504 
0.371431 0.781884 
-0.188863 -0.426659 
0.458887 0.890708 
0.404751 0.837702 
0.149999 0.268659 
0.075292 0.169049 
0.924622 1.86219 
0.849915 1.76258 
0.629806 1.22993 
0.247493 0.467595 
0.880432 1.75825 
-0.427389 -0.837921 
-0.862638 -1.69863 
-0.79736 -1.59564 
-0.725102 -1.4893 
0.216784 0.420608 
-0.534405 -1.08417 
-0.904248 -1.81011 
0.0536349 0.0939813 
0.357664 0.753729 
0.282957 0.55451 
-0.247418 -0.472869 
-0.172711 -0.373259 
0.523743 1.0088 
0.449036 0.909191 
0.60158 1.20835 
-0.568498 -1.15832 
0.303367 0.588589 
0.378074 0.688198 
0.873272 1.75185 
0.194262 0.39951 
0.540199 1.08898 
0.207638 0.378441 
0.992453 1.99726 
0.404686 0.806552 
0.479393 0.906161 
0.483568 0.999182 
0.558275 1.09879 
0.054285 0.0652376 
-0.173273 -0.356861 
-0.0787727 -0.119206 
-0.809493 -1.59541 
0.101498 0.188731 
0.750714 1.45595 
0.673189 1.40386 
0.454595 0.919198 
-0.659063 -1.32115 
-0.756944 -1.48644 
-0.228412 -0.480566 
-0.153705 -0.281347 
-0.174958 -0.368885 
0.0524777 0.0874438 
0.677105 1.35251 
0.565945 1.17813 
-0.0905545 -0.175717 
-0.735425 -1.44893 
-0.408214 -0.791373 
-0.765102 -1.53606 
0.97009 1.92262 
-0.277037 -0.563318 
-0.20233 -0.463709 
-0.556668 -1.08457 
-0.631375 -1.28379 
-0.434694 -0.863584 
0.717439 1.44952 
-0.912065 -1.82237 
-0.462684 -0.911384 
-0.387977 -0.811775 
0.247767 0.471972 
0.17306 0.372363 
-0.757779 -1.51769 
0.645964 1.32421 
0.440664 0.895109 
-0.124204 -0.238382 
-0.049497 -0.138772 
-0.396183 -0.77915 
-0.321476 -0.679541 
-0.815843 -1.60693 
-0.143438 -0.310131 
0.571376 1.18192 
0.234279 0.50001 
-0.69042 -1.32543 
0.288405 0.567599 
0.363112 0.766818 
0.0956942 0.203084 
0.788256 1.58402 
0.713549 1.3848 
-0.741888 -1.44837 
0.255395 0.477608 
-0.00427764 0.0332904 
0.145136 0.232509 
-0.439437 -0.836678 
-0.36473 -0.737068 
0.00312843 0.0348596 
-0.0715786 -0.164359 
-0.977081 -1.92757 
-0.472161 -1.00433 
-0.621575 -1.20355 
-0.0632538 -0.0754811 
-0.0632538 -0.17509 
-0.137961 -0.2747 
0.529365 1.08963 
0.469208 0.896856 
0.726039 1.42886 
0.651332 1.32925 
-0.277576 -0.549881 
0.16091 0.350683 
-0.684993 -1.3421 
0.161199 0.341091 
-0.271221 -0.536329 
-0.332804 -0.70666 
-0.332804 -0.607051 
-0.258097 -0.507441 
-0.435698 -0.880901 
0.0926346 0.23751 
0.0317733 0.0885222 
0.0430553 0.0857087 
0.315371 0.602074 
0.240664 0.502465 
0.627485 1.27775 
0.67376 1.33868 
-0.704479 -1.41718 
0.568307 1.11764 
0.7069 1.41667 
0.721547 1.45758 
-0.159745 -0.383126 
0.0109946 0.0580998 
0.0857017 0.157709 
-0.635947 -1.2431 
-0.0783762 -0.20121 
0.271086 0.574655 
0.352217 0.751429 
-0.444113 -0.920235 
-0.369709 -0.705115 
-0.605435 -1.17677 
-0.206009 -0.415014 
0.845757 1.69763 
-0.085871 -0.205007 
-0.770755 -1.57074 
0.514798 1.03975 
0.440091 0.840529 
-0.178251 -0.372457 
0.276439 0.536884 
0.234195 0.463177 
0.057707 0.0973449 
-0.0471115 -0.140175 
-0.0471115 -0.0405661 
0.0275956 0.0590433 
0.199363 0.367924 
-0.546605 -1.08912 
-0.471898 -0.989511 
-0.129773 -0.202767 
0.0196408 -0.00354847 
0.450481 0.910488 
0.375774 0.711269 
-0.159898 -0.311094 
0.3924 0.741998 
-0.674648 -1.38634 
-0.599941 -1.18712 
-0.0568843 -0.166656 
0.553252 1.14816 
-0.402899 -0.78684 
0.163412 0.366847 
0.238119 0.466457 
-0.825647 -1.66677 
-0.825323 -1.66265 
-0.313105 -0.578025 
-0.870936 -1.75365 
-0.578847 -1.12154 
0.664909 1.29852 
-0.789311 -1.56432 
0.157173 0.30942 
-0.183135 -0.324414 
0.116083 0.251055 
0.0642969 0.151969 
0.89866 1.82898 
0.353224 0.687661 
0.0203598 0.0503813 
-0.701944 -1.3833 
-0.376971 -0.793453 
0.513471 1.01517 
0.251603 0.517241 
0.744204 1.5195 
0.240612 0.522599 
0.0340879 0.0167561 
-0.380953 -0.775023 
-0.342117 -0.676975 
0.0465939 0.0536277 
0.394927 0.771375 
0.0395555 0.117155 
-0.10848 -0.193327 
-0.895846 -1.77371 
0.795231 1.6149 
0.819117 1.61767 
0.535817 1.05502 
0.120904 0.218854 
0.326376 0.689808 
0.32622 0.686371 
0.466565 0.940147 
0.179943 0.319567 
0.74532 1.51706 
-0.192548 -0.432487 
0.00191142 -0.0113308 
-0.430099 -0.873059 
0.675091 1.38703 
0.532961 1.05878 
-0.948497 -1.87889 
0.84975 1.66322 
0.405894 0.768095 
0.321505 0.66573 
0.221726 0.467383 
-0.831251 -1.69661 
-0.830933 -1.6597 
-0.830327 -1.65806 
-0.832301 -1.6599 
0.484891 0.952978 
0.283527 0.505726 
0.0651175 0.112057 
0.549282 1.08659 
0.450598 0.88712 
0.443433 0.853122 
0.934279 1.87753 
-0.243337 -0.498661 
0.120337 0.250018 
0.479324 1.00363 
0.953592 1.89111 
0.746224 1.49235 
-0.052245 -0.127518 
0.424893 0.880101 
0.694491 1.35628 
0.691991 1.3567 
0.823759 1.65171 
-0.197736 -0.379958 
0.545866 1.12412 
0.858344 1.729 
-0.470069 -0.954999 
-0.472309 -0.957091 
0.14095 0.336268 
-0.202365 -0.367383 
-0.863048 -1.7277 
-0.0115075 -0.0947489 
-0.708937 -1.4394 
-0.0230122 -0.0119548 
-0.431111 -0.911444 
-0.524487 -1.01799 
-0.583858 -1.17534 
-0.146297 -0.338524 
-0.0903689 -0.238218 
0.490356 0.989844 
-0.186522 -0.320243 
-0.845151 -1.67825 
0.390596 0.780109 
-0.546958 -1.11627 
-0.547116 -1.10932 
0.617892 1.24307 
0.394229 0.798339 
0.374541 0.745932 
0.181859 0.342009 
0.33004 0.640428 
-0.530697 -1.12376 
-0.454549 -0.906963 
-0.684988 -1.37736 
-0.510062 -1.07162 
-0.285648 -0.517641 
0.762618 1.52961 
0.255054 0.541464 
0.258149 0.541242 
-0.314098 -0.607514 
-0.257381 -0.542659 
-0.651579 -1.27233 
-0.333094 -0.652106 
-0.331929 -0.65184 
-0.333084 -0.64319 
-0.0301102 -0.0155363 
-0.165441 -0.333396 
0.442006 0.939548 
-0.104565 -0.24757 
0.725905 1.43582 
-0.536275 -1.04133 
0.589758 1.16598 
-0.110108 -0.250223 
-0.874518 -1.78522 
0.835257 1.64096 
0.251113 0.442747 
-0.653994 -1.38375 
-0.848765 -1.68259 
-0.011351 0.00942064 
0.329376 0.614927 
0.361957 0.729987 
0.278021 0.588979 
0.81043 1.5837 
-0.547492 -1.06151 
-0.599137 -1.15139 
-0.49796 -0.954 
-0.298099 -0.556851 
-0.379269 -0.72545 
-0.409609 -0.854658 
-0.379356 -0.727146 
-0.724748 -1.50555 
-0.961148 -1.90331 
-0.0685315 -0.141946 
0.118915 0.254936 
0.424546 0.851299 
0.305198 0.55402 
0.508752 1.06211 
0.508925 1.06247 
0.0386833 0.0407067 
-0.256996 -0.548534 
0.051241 0.141931 
-0.181782 -0.355193 
-0.203728 -0.407994 
-0.129558 -0.311623 
-0.45665 -0.897391 
0.157403 0.298928 
0.138236 0.306017 
0.942897 1.86905 
0.629592 1.26965 
0.684803 1.33585 
-0.411441 -0.851022 
-0.829005 -1.64925 
-0.232076 -0.524681 
-0.521552 -1.0501 
-0.528288 -1.04734 
-0.414717 -0.823315 
-0.366791 -0.751708 
0.166839 0.333518 
-0.565012 -1.10232 
-0.384853 -0.757029 
-0.120684 -0.262861 
-0.432818 -0.860708 
-0.311403 -0.604535 
-0.336158 -0.679835 
-0.722597 -1.47693 
-0.613538 -1.27657 
-0.531543 -1.07815 
-0.658975 -1.29362 
-0.377462 -0.795291 
0.0198259 0.022596 
0.492685 1.02031 
0.124394 0.224399 
0.212587 0.421892 
0.608518 1.18703 
0.540629 1.11801 
0.36018 0.70681 
0.499871 1.05644 
-0.01001 -0.0374274 
0.426144 0.812575 
-0.0932452 -0.181783 
-0.0917493 -0.184915 
0.340731 0.714292 
0.335687 0.713713 
0.175416 0.312703 
-0.0974267 -0.220168 
-0.135993 -0.277032 
-0.189183 -0.453872 
-0.0627544 -0.108198 
-0.00888129 0.00718993 
-0.217343 -0.466883 
-0.211642 -0.479263 
-0.158577 -0.285974 
-0.159459 -0.288017 
0.897905 1.8036 
0.610376 1.25037 
0.750044 1.54962 
0.790311 1.61386 
0.666203 1.3148 
0.7549 1.51445 
-0.397982 -0.754582 
-0.398303 -0.755216 
-0.665958 -1.34119 
-0.617803 -1.22269 
-0.472547 -0.894586 
-0.472491 -0.957086 
-0.210575 -0.42868 
-0.485318 -1.02191 
-0.928529 -1.83538 
-0.280717 -0.622428 
-0.504788 -0.948178 
-0.361867 -0.724853 
0.981022 1.95025 
0.226335 0.442011 
0.533473 1.03441 
0.646492 1.29791 
0.554405 1.10146 
0.076544 0.180389 
0.38456 0.767631 
0.388109 0.763197 
0.767814 1.56786 
0.572833 1.16742 
0.57412 1.09512 
0.440659 0.868084 
0.135716 0.21213 
0.701593 1.37323 
0.484425 0.941816 
0.483839 0.944929 
-0.455835 -0.936204 
-0.247103 -0.521536 
-0.27796 -0.502063 
-0.54805 -1.13741 
-0.502932 -0.97628 
-0.502381 -1.0285 
-0.503637 -1.04498 
-0.495219 -1.00302 
-0.748597 -1.50217 
-0.906676 -1.79549 
-0.599324 -1.1988 
-0.644443 -1.31685 
-0.775297 -1.55079 
-0.773264 -1.55571 
0.302948 0.578111 
0.595762 1.18621 
0.348077 0.685632 
0.681367 1.37314 
0.682658 1.38106 
0.254704 0.48779 
0.576841 1.21067 
0.418714 0.911318 
0.834488 1.68455 
0.503741 1.01116 
0.66486 1.3079 
0.925816 1.82686 
0.37961 0.791169 
0.566007 1.13768 
0.300596 0.635895 
0.346847 0.690078 
0.291353 0.592627 
-0.315006 -0.628334 
0.143264 0.357497 
0.109823 0.230797 
0.0348482 0.0590512 
0.110128 0.257291 
0.104372 0.25455 
0.192358 0.442731 
-0.0224842 -0.0516782 
-0.238509 -0.450749 
0.0329166 0.0474171 
0.0911597 0.175533 
0.196631 0.344599 
0.11443 0.199342 
0.129669 0.245033 
-0.182708 -0.350866 
-0.190155 -0.349435 
0.108882 0.244412 
0.268956 0.518205 
0.222393 0.48981 
-0.00308708 0.0385539 
0.0525267 0.122573 
0.250379 0.536087 
0.138431 0.242257 
-0.0823621 -0.117688 
-0.025572 -0.0559975 
-0.00666801 -0.0584457 
-0.0831691 -0.156732 
-0.417042 -0.870584 
-0.515162 -1.03194 
-0.116693 -0.206752 
-0.296252 -0.576163 
-0.302145 -0.581941 
-0.304866 -0.580794 
-0.42493 -0.894973 
0.0194604 0.0436938 
-0.821936 -1.63198 
-0.821779 -1.63074 
-0.531022 -1.05461 
-0.328998 -0.660089 
-0.494463 -1.06315 
-0.479221 -0.951307 
-0.229041 -0.422738 
0.133684 0.332643 
0.0724789 0.132719 
-0.0476559 -0.0793664 
-0.00772473 0.0345486 
-0.221216 -0.447233 
-0.0821533 -0.179258 
-0.0845273 -0.176281 
-0.186929 -0.346909 
-0.18543 -0.34696 
-0.0179775 -0.0124448 
-0.0172748 -0.0759753 
0.173524 0.356257 
0.955714 1.92946 
0.652621 1.34627 
0.816547 1.63705 
0.396824 0.788491 
0.858852 1.70299 
0.580501 1.14862 
0.976576 1.94266 
0.599376 1.14983 
0.851559 1.71642 
0.394359 0.845776 
0.399743 0.745231 
0.717916 1.47724 
-0.622874 -1.26157 
-0.517239 -1.00928 
-0.484975 -0.94545 
-0.409986 -0.844698 
-0.218482 -0.398224 
-0.220513 -0.465844 
0.337104 0.675892 
0.0226358 0.0748398 
0.498293 0.972863 
0.426678 0.843982 
0.0472739 0.14945 
0.542553 1.14159 
0.186279 0.361373 
0.147823 0.320943 
-0.158221 -0.35427 
-0.159046 -0.353871 
-0.314571 -0.650894 
-0.564371 -1.15068 
-0.502432 -0.990847 
-0.0980411 -0.197296 
-0.451873 -0.893457 
-0.452575 -0.896311 
-0.516578 -0.996688 
-0.0666171 -0.210972 
0.262748 0.587858 
0.409479 0.793 
0.0863886 0.13694 
0.241032 0.390033 
-0.195455 -0.398563 
0.115738 0.185005 
-0.244872 -0.448176 
0.270053 0.555984 
0.360384 0.750788 
-0.142565 -0.292462 
0.20698 0.401521 
0.206824 0.402051 
0.0619825 0.15049 
0.127299 0.274516 
-0.490543 -0.996573 
-0.174712 -0.397424 
-0.056222 -0.127001 
-0.0566379 -0.130195 
-0.242296 -0.497706 
-0.210027 -0.397512 
-0.894793 -1.82641 
-0.879563 -1.73456 
-0.692598 -1.36124 
-0.401912 -0.806938 
-1.00052 -1.999 
-0.981984 -1.97115 
-0.982261 -1.9722 
-0.84851 -1.70226 
-0.86354 -1.70041 
-0.713668 -1.40146 
-0.921681 -1.86914 
-0.0481681 -0.123987 
0.238265 0.475402 
0.400159 0.822034 
-0.0452683 -0.118089 
-0.050695 -0.122835 
0.0207247 0.0766637 
0.303342 0.575545 
0.344203 0.638321 
0.521569 1.06692 
0.312187 0.644088 
0.546339 1.06919 
0.662743 1.30998 
0.616257 1.26661 
0.680169 1.36978 
0.471959 0.957946 
0.437948 0.87175 
0.664653 1.35137 
0.498736 0.97054 
0.36449 0.696358 
0.916602 1.82242 
-0.255164 -0.490761 
-0.145227 -0.303037 
0.0786305 0.131257 
-0.655136 -1.32234 
-0.726445 -1.4269 
-0.72529 -1.42441 
-0.654305 -1.32317 
-0.655488 -1.32494 
-0.67498 -1.32314 
-0.818722 -1.65044 
-0.817422 -1.65731 
-0.744646 -1.48172 
-0.721809 -1.44971 
0.359969 0.728566 
0.186553 0.379486 
0.427555 0.929314 
0.16451 0.328345 
-0.00611186 0.0311141 
-0.0370342 -0.0910107 
0.184207 0.337505 
0.0435452 0.101233 
0.058091 0.138147 
0.0254237 0.0318827 
-0.470702 -0.973748 
-0.42747 -0.855771 
-0.188824 -0.358703 
-0.313484 -0.626877 
-0.259426 -0.565734 
-0.36848 -0.769195 
-0.9777 -1.946 
-0.803942 -1.57757 
-0.895054 -1.7786 
-0.89254 -1.7878 
-0.892278 -1.77666 
-0.697174 -1.4005 
-0.784714 -1.60136 
-0.652008 -1.27494 
-0.649127 -1.27688 
-0.883836 -1.75993 
-0.717648 -1.47485 
-0.680331 -1.37433 
-0.588303 -1.20765 
-0.352094 -0.695294 
-0.260826 -0.504147 
-0.632512 -1.22889 
-0.259087 -0.545255 
-0.0135427 0.004697 
-0.425487 -0.810965 
-0.406909 -0.871054 
-0.389796 -0.793132 
-0.334656 -0.652687 
-0.33391 -0.649299 
-0.588002 -1.15728 
-0.102825 -0.20554 
-0.376357 -0.79642 
-0.487297 -0.962238 
-0.355533 -0.753686 
-0.439467 -0.896858 
-0.644362 -1.29348 
-0.523279 -1.0893 
-0.351803 -0.696606 
-0.787457 -1.58064 
-0.518761 -0.995004 
-0.402116 -0.764959 
-0.402407 -0.769203 
-0.404059 -0.766198 
-0.924142 -1.85071 
-0.486613 -0.935094 
-0.274349 -0.5217 
-0.46343 -0.865797 
-0.972717 -1.94325 
-0.609427 -1.20823 
-0.905901 -1.84263 
-0.498331 -0.972157 
-0.496314 -0.975991 
-0.444679 -0.84293 
-0.576986 -1.11929 
0.292921 0.61025 
0.137702 0.216221 
0.256574 0.51421 
0.304473 0.577548 
0.301471 0.55049 
0.288936 0.564592 
0.101403 0.217693 
0.282559 0.518224 
0.745101 1.47401 
0.220778 0.4243 
0.460812 0.947259 
0.633775 1.2527 
0.205822 0.425422 
0.265581 0.525122 
0.465903 0.922186 
0.123983 0.225001 
0.293215 0.621543 
0.337434 0.621456 
0.32424 0.621544 
0.796955 1.57171 
0.465046 0.900461 
0.535985 1.0992 
0.699019 1.4384 
0.694579 1.39557 
0.701923 1.39661 
0.648773 1.29704 
0.717316 1.40338 
0.603426 1.228 
0.867017 1.71688 
0.738574 1.44839 
0.710626 1.45535 
0.650618 1.2551 
0.0619571 0.161142 
0.414498 0.79931 
0.55879 1.05661 
0.564048 1.12929 
0.534653 1.07488 
0.211057 0.458029 
-0.0696105 -0.135571 
0.516862 1.05616 
0.338415 0.695932 
0.570091 1.15769 
0.274603 0.559136 
0.502242 0.991262 
0.154426 0.283635 
0.385739 0.756969 
0.836819 1.71102 
0.882442 1.77532 
0.764098 1.54763 
0.421705 0.860429 
0.40915 0.861218 
0.933076 1.85592 
0.782894 1.57731 
0.780522 1.58214 
0.750581 1.53321 
-0.430865 -0.92349 
-0.297205 -0.623691 
-0.633236 -1.32195 
-0.680862 -1.35703 
0.90463 1.79275 
0.959092 1.91531 
0.494115 0.999127 
0.873822 1.69926 
0.938683 1.89536 
0.714719 1.43239 
0.981394 1.9685 
0.74932 1.49815 
0.909844 1.86611 
0.639069 1.2868 
0.558184 1.10723 
0.847315 1.66704 
0.697041 1.37534 
0.697652 1.37629 
-0.87762 -1.71991 
-0.965307 -1.92538 
-0.701312 -1.42237 
-0.712104 -1.41969 
-0.803938 -1.6445 
-0.685531 -1.39402 
-0.793415 -1.54609 
-0.786226 -1.62024 
-0.538597 -1.01907 
-0.993413 -1.98702 
-0.3555 -0.711446 
0.0526252 0.114438 
-0.281821 -0.622231 
-0.240709 -0.479235 
-0.0817139 -0.133842 
-0.193562 -0.428976 
-0.143199 -0.260794 
-0.533261 -1.07179 
-0.319122 -0.677639 
-0.318636 -0.644101 
-0.109112 -0.240019 
-0.221983 -0.44437 
0.00989689 0.0543287 
0.043237 0.0697129 
-0.00696353 -0.0212715 
0.220972 0.40491 
-0.177246 -0.423089 
-0.137897 -0.236847 
0.0814292 0.195535 
0.160804 0.236899 
0.189746 0.415091 
0.00702483 0.00260426 
0.115908 0.217623 
-0.0335051 -0.0845212 
0.0868876 0.215147 
0.13256 0.2909 
0.118204 0.215613 
0.0869483 0.113716 
-0.137193 -0.237819 
-0.110943 -0.179406 
0.235412 0.49719 
0.241289 0.493573 
0.0984791 0.16264 
-0.223286 -0.494441 
-0.235974 -0.49559 
0.184377 0.37789 
0.0755296 0.15161 
-0.0723424 -0.1938 
-0.0731922 -0.194784 
-0.171423 -0.3945 
-0.278835 -0.557369 
-0.711777 -1.39507 
-0.379094 -0.797984 
-0.585383 -1.19666 
-0.469689 -0.897423 
-0.454967 -0.921486 
-0.347959 -0.698698 
-0.366045 -0.798072 
-0.530104 -1.10565 
-0.424091 -0.897834 
-0.769391 -1.50819 
-0.866555 -1.7071 
-0.920178 -1.80723 
-0.814941 -1.60932 
-0.863993 -1.70735 
0.591466 1.12997 
0.13198 0.256171 
0.758599 1.55081 
0.6479 1.34936 
0.84544 1.68314 
0.733547 1.48506 
0.690604 1.42007 
0.489024 1.01593 
0.195991 0.434354 
0.278456 0.520159 
0.428832 0.829202 
0.494444 1.04789 
0.420228 0.874554 
0.178003 0.323086 
0.373715 0.761114 
0.346273 0.736992 
0.907488 1.81413 
0.76696 1.51265 
0.551555 1.1152 
0.549164 1.11436 
0.525891 1.04627 
0.665821 1.32934 
0.733043 1.51531 
0.411291 0.823013 
0.773188 1.53204 
0.50858 1.01857 
0.688928 1.41505 
0.600659 1.17325 
0.417977 0.835063 
0.493532 1.02231 
0.265346 0.464958 
-0.482685 -1.00687 
-0.173904 -0.342326 
-0.246447 -0.546272 
-0.0289569 -0.0353615 
-0.598161 -1.16744 
-0.301294 -0.59778 
-0.937118 -1.87059 
-0.471208 -0.93554 
-0.47056 -0.932941 
-0.216084 -0.414298 
-0.370305 -0.761211 
-0.370551 -0.75901 
-0.44566 -0.831505 
-0.323673 -0.614696 
-0.416459 -0.828988 
-0.567607 -1.13402 
-0.311336 -0.630339 
0.0661125 0.182144 
-0.198676 -0.318987 
-0.0226289 -0.0912742 
0.476637 0.979283 
0.199285 0.381802 
-0.570193 -1.17835 
-0.450992 -0.879083 
-0.287937 -0.582215 
-0.319709 -0.681146 
0.0240572 0.00896958 
-0.124819 -0.18455 
-0.263941 -0.555579 
-0.0494779 -0.0835022 
-0.151467 -0.319406 
-0.171714 -0.32154 
-0.412965 -0.818673 
-0.0734787 -0.146117 
-0.916622 -1.83525 
-0.833111 -1.68235 
-0.727538 -1.4628 
-0.723471 -1.46692 
-0.862002 -1.74336 
-0.306135 -0.616252 
-0.206673 -0.45235 
-0.393148 -0.826809 
-0.282324 -0.559987 
-0.179627 -0.327785 
-0.194519 -0.41491 
-0.322007 -0.694581 
-0.356987 -0.761508 
-0.733689 -1.4806 
-0.237867 -0.513223 
-0.558749 -1.10133 
-0.559125 -1.10282 
-0.0990612 -0.229911 
-0.0999869 -0.228401 
-0.526231 -1.03304 
-0.24261 -0.416904 
-0.34257 -0.728474 
-0.33657 -0.725534 
-0.514217 -1.02457 
0.725275 1.45797 
0.885967 1.75717 
0.892068 1.75728 
0.820072 1.62195 
0.860999 1.75521 
0.7862 1.5447 
0.772651 1.55689 
0.946524 1.88107 
0.736875 1.48557 
0.80586 1.61594 
0.806527 1.61341 
0.886196 1.75593 
0.604822 1.23 
0.669477 1.36456 
0.639976 1.2629 
0.828096 1.63401 
0.831605 1.69835 
0.712363 1.46256 
0.119173 0.237295 
0.261448 0.50284 
-0.0664437 -0.113824 
-0.143885 -0.276593 
-0.21734 -0.430861 
-0.365421 -0.692405 
0.135442 0.315508 
0.579997 1.19529 
0.506405 1.02204 
0.507871 1.01843 
0.688207 1.40988 
0.656975 1.3124 
0.638336 1.31079 
0.63665 1.3115 
0.740027 1.50738 
0.553055 1.13429 
0.226869 0.444943 
0.283517 0.573885 
0.285477 0.574003 
0.181049 0.344602 
0.185017 0.344085 
0.349458 0.704891 
0.315312 0.641345 
0.316248 0.641602 
0.169003 0.278674 
0.210555 0.401401 
0.239577 0.450624 
-0.0981021 -0.258885 
0.149858 0.327885 
0.0754706 0.182607 
0.187482 0.383528 
0.486566 0.927044 
0.315559 0.584647 
0.116294 0.271184 
0.583513 1.17958 
0.446592 0.883151 
0.373678 0.743219 
0.374073 0.741337 
0.203014 0.384118 
0.200731 0.384936 
0.371454 0.716394 
0.371552 0.743771 
0.370393 0.756355 
-0.065415 -0.154976 
-0.548991 -1.07496 
-0.343643 -0.642581 
-0.584618 -1.10916 
-0.118282 -0.226206 
-0.396467 -0.825536 
-0.0190628 -0.0280387 
-0.117103 -0.227982 
-0.11671 -0.248973 
0.282661 0.604509 
0.503124 0.989455 
0.425184 0.791183 
0.475885 0.935785 
0.588813 1.2034 
0.620228 1.23555 
0.518642 1.03617 
0.473636 0.937654 
0.47671 0.937179 
0.702862 1.43516 
0.269796 0.537962 
0.486669 0.936643 
0.589844 1.14704 
0.847733 1.72065 
0.57197 1.10316 
0.836783 1.67028 
0.509565 0.998504 
0.648266 1.29907 
0.79953 1.5966 
0.797739 1.59628 
0.56997 1.19853 
0.457517 0.931905 
0.721547 1.49372 
0.705225 1.3728 
0.952113 1.90519 
0.554216 1.14051 
-0.819175 -1.62824 
-0.759644 -1.50024 
-0.950148 -1.89733 
-0.617578 -1.22923 
-0.819311 -1.67807 
-0.548638 -1.15726 
-0.75077 -1.55601 
-0.676741 -1.4051 
-0.160977 -0.373661 
-0.584317 -1.15587 
-0.385172 -0.741083 
0.351647 0.766262 
0.103974 0.171128 
0.102872 0.174161 
0.107249 0.16873 
-0.135849 -0.229353 
0.149614 0.290521 
0.056272 0.0708437 
0.0559191 0.0715294 
-0.25702 -0.472059 
-0.0904792 -0.127081 
0.075269 0.118198 
0.0750364 0.0981754 
0.0629635 0.085721 
0.787113 1.59667 
0.724434 1.46298 
0.964164 1.93636 
0.472408 0.967357 
0.691305 1.36313 
0.912024 1.86229 
0.702502 1.42892 
0.555294 1.12022 
0.330852 0.648503 
-0.156343 -0.338412 
0.300465 0.569304 
0.258881 0.540699 
0.333905 0.667113 
0.6014 1.19563 
0.019314 0.0626309 
0.546203 1.0664 
0.224342 0.468763 
0.406616 0.794228 
0.224965 0.468321 
0.433986 0.855698 
0.2511 0.501552 
0.16646 0.307203 
0.184674 0.396564 
0.00207301 0.0615743 
0.504644 0.965827 
0.987751 1.98577 
0.561155 1.16401 
0.674286 1.32096 
0.742329 1.45868 
0.880697 1.73195 
0.0123488 0.0316362 
-0.398955 -0.804579 
-0.753726 -1.53668 
-0.548725 -1.11708 
-0.0951436 -0.157921 
-0.290618 -0.612346 
-0.371066 -0.782069 
-0.203584 -0.374932 
-0.204555 -0.372697 
-0.537962 -1.03327 
-0.352579 -0.738142 
-0.499535 -0.936168 
-0.340724 -0.664022 
-0.788558 -1.5988 
-0.948092 -1.8638 
-0.8029 -1.60231 
-0.937741 -1.89386 
-0.9467 -1.89519 
-0.881761 -1.77409 
-0.775747 -1.53399 
-0.461125 -0.885739 
-0.577335 -1.16504 
-0.799423 -1.57398 
-0.798915 -1.58781 
-0.83509 -1.63865 
-0.633651 -1.25663 
-0.713142 -1.48954 
-0.764065 -1.49744 
-0.504125 -1.00117 
-0.699401 -1.39816 
-0.376358 -0.694793 
-0.239388 -0.501364 
-0.439084 -0.900925 
-0.24849 -0.508638 
-0.847292 -1.69715 
-0.746365 -1.49708 
0.218781 0.451177 
0.28993 0.491006 
0.317002 0.617495 
0.31755 0.619397 
-0.163276 -0.299478 
0.354958 0.718134 
0.0223678 0.0890134 
0.142547 0.278439 
-0.594429 -1.18416 
-0.460433 -0.926053 
-0.221482 -0.384748 
-0.75919 -1.56907 
-0.608437 -1.23656 
-0.624301 -1.28373 
-0.78032 -1.57032 
-0.92152 -1.82061 
-0.864595 -1.71061 
-0.978779 -1.97759 
-0.978075 -1.97206 
-0.93848 -1.83985 
-0.754757 -1.54028 
-0.491986 -1.01111 
-0.719586 -1.43681 
-0.81296 -1.61441 
-0.897551 -1.73754 
-0.609851 -1.21287 
-0.374213 -0.713505 
-0.686999 -1.34105 
-0.688743 -1.37761 
-0.76267 -1.55068 
-0.7611 -1.47914 
-0.420573 -0.847098 
-0.614828 -1.24382 
-0.610941 -1.24468 
-0.737355 -1.51167 
0.0854524 0.19272 
-0.0205697 -0.0594734 
0.11948 0.155939 
0.0541311 0.117277 
0.128947 0.276011 
0.433099 0.893547 
0.000556017 -0.0270716 
-0.127599 -0.285818 
0.0328986 0.0732125 
-0.00838272 -0.00808298 
-0.118258 -0.202898 
-0.0048279 -0.00593776 
0.0625486 0.12617 
0.20041 0.411918 
0.0334348 0.0953479 
0.408674 0.849002 
0.153453 0.355629 
0.631124 1.24132 
0.506645 1.04865 
0.254687 0.455309 
-0.06638 -0.0963816 
0.199801 0.35486 
-0.0590474 -0.143237 
-0.39618 -0.772006 
-0.322303 -0.672354 
-0.0730789 -0.177875 
0.160144 0.323607 
-0.0733419 -0.17544 
-0.0278261 -0.0690653 
-0.290559 -0.571269 
-0.231994 -0.473219 
-0.230834 -0.473202 
0.808315 1.64257 
0.822532 1.64601 
0.693084 1.34406 
0.405137 0.810975 
0.448954 0.94435 
0.544435 1.10867 
0.108671 0.27904 
0.454874 0.855547 
0.637874 1.30544 
0.301981 0.642917 
0.452374 0.903715 
0.734569 1.43118 
0.892332 1.81727 
0.800096 1.58389 
0.729685 1.41793 
0.676495 1.35266 
0.848803 1.69511 
0.547055 1.07031 
0.894404 1.79085 
0.929536 1.8426 
-0.293979 -0.557869 
-0.882356 -1.75026 
-0.459785 -0.957605 
-0.463088 -0.958764 
-0.166987 -0.359445 
-0.476165 -0.959669 
-0.52666 -1.05904 
-0.157573 -0.309258 
0.22914 0.481279 
0.262965 0.488772 
0.908853 1.82919 
0.834646 1.65283 
0.838159 1.65219 
0.661246 1.35261 
0.871937 1.72713 
0.864869 1.69491 
0.862588 1.75184 
-0.214797 -0.458998 
0.355022 0.739513 
0.322418 0.608239 
0.152398 0.256954 
0.204173 0.337829 
0.58169 1.13569 
-0.180288 -0.385346 
-0.0716971 -0.0803732 
0.0448936 0.0747199 
0.205742 0.398929 
0.224866 0.397317 
0.194058 0.316456 
0.449001 0.8894 
0.814207 1.68757 
0.61571 1.18977 
0.581127 1.1617 
0.50464 0.931449 
0.512996 1.07308 
-0.102461 -0.18511 
-0.107109 -0.219733 
0.133028 0.213544 
-0.0893548 -0.225644 
0.402399 0.78035 
0.134031 0.292595 
-0.270562 -0.518916 
-0.266126 -0.518106 
-0.130408 -0.266725 
0.281976 0.575029 
0.207856 0.440376 
0.126978 0.278955 
0.917558 1.8347 
0.812616 1.62623 
0.846269 1.69823 
0.917658 1.8101 
0.605354 1.21749 
0.99689 1.98664 
0.703791 1.3854 
0.291559 0.633576 
0.462157 0.906591 
0.521028 1.09547 
0.642701 1.24742 
0.331602 0.629447 
0.726555 1.47908 
0.475653 0.947849 
0.393356 0.830496 
0.736912 1.49863 
0.71744 1.39761 
0.395319 0.802432 
0.433922 0.900632 
0.435008 0.900554 
0.245846 0.483203 
0.514349 0.99958 
-0.0719534 -0.12819 
0.154091 0.230659 
0.314218 0.656362 
-0.052437 -0.109496 
0.100051 0.243619 
0.123209 0.270719 
0.125329 0.267483 
-0.420902 -0.881315 
-0.443768 -0.886215 
-0.212599 -0.441539 
-0.280032 -0.537788 
0.246311 0.464877 
-0.0542446 -0.0706043 
-0.0386444 -0.133893 
0.223304 0.464757 
-0.00773901 -0.0340533 
-0.151264 -0.293199 
-0.379103 -0.751153 
-0.0846087 -0.158989 
-0.343609 -0.71733 
0.215659 0.435142 
0.0347986 0.0296844 
-0.238919 -0.537015 
-0.154842 -0.323938 
-0.153277 -0.324003 
-0.341779 -0.689708 
-0.202274 -0.434103 
-0.185808 -0.316615 
-0.150403 -0.319077 
-0.169914 -0.318785 
-0.093732 -0.216344 
-0.852728 -1.73414 
-0.78676 -1.59577 
-0.748279 -1.4959 
-0.537861 -1.11231 
-0.67288 -1.30948 
0.00470552 0.0456986 
0.217024 0.486396 
-0.186192 -0.369402 
0.273638 0.58793 
0.497371 0.95506 
0.300226 0.599612 
0.299685 0.600706 
0.229059 0.447783 
0.229161 0.451266 
0.101055 0.230835 
0.135549 0.292164 
0.137121 0.322981 
0.60637 1.24359 
0.28433 0.531038 
0.190149 0.347288 
0.183038 0.347303 
0.454495 0.957088 
0.602212 1.1748 
0.675779 1.30401 
0.824754 1.67544 
0.825253 1.67304 
0.77722 1.56763 
0.361804 0.755952 
0.942841 1.85674 
0.883647 1.75378 
0.625024 1.25693 
0.573556 1.1429 
0.211573 0.405418 
0.525138 1.06944 
0.637747 1.30359 
0.680363 1.31706 
0.228821 0.429809 
0.46595 0.920501 
0.105395 0.199347 
0.155707 0.287593 
0.30517 0.634344 
0.379875 0.719698 
-0.383142 -0.825498 
-0.274366 -0.58548 
-0.675644 -1.34477 
-0.734025 -1.44502 
-0.733822 -1.44456 
-0.637773 -1.30837 
-0.884155 -1.78685 
-0.579479 -1.18717 
-0.458378 -0.891507 
-0.608687 -1.18804 
-0.693017 -1.41781 
-0.561262 -1.08966 
-0.65594 -1.30925 
-0.755841 -1.51472 
-0.938242 -1.88499 
-0.752921 -1.47584 
-0.201279 -0.383096 
-0.202775 -0.381146 
-0.442257 -0.856138 
0.000879075 0.0155619 
-0.323008 -0.633975 
0.30312 0.629494 
-0.239207 -0.435657 
0.0935622 0.227005 
-0.0320027 -0.0472801 
-0.38861 -0.769994 
0.354424 0.675827 
-0.0578844 -0.0702572 
0.0542968 0.156208 
0.183341 0.407576 
0.196553 0.357607 
-0.0826651 -0.170402 
-0.078781 -0.169628 
0.562054 1.14756 
0.396841 0.758154 
0.662564 1.33143 
0.657594 1.33046 
0.828861 1.62923 
0.757705 1.53972 
0.879529 1.76153 
0.762104 1.53 
0.761493 1.53152 
0.382559 0.742556 
0.383035 0.74259 
0.199196 0.386 
0.16447 0.382008 
-0.345093 -0.710076 
0.489641 0.980931 
-0.0960018 -0.210503 
0.176242 0.384483 
-0.172802 -0.307463 
0.097996 0.185818 
0.0970861 0.187307 
0.322889 0.633975 
0.165403 0.354754 
0.602224 1.19845 
0.60226 1.20425 
0.612787 1.22615 
0.388045 0.790936 
0.905615 1.78004 
0.861348 1.75096 
0.639731 1.27464 
0.698709 1.41608 
0.875829 1.74997 
0.438088 0.885091 
0.595148 1.22145 
0.524728 1.02862 
0.0528209 0.123886 
0.0848829 0.122883 
-0.328472 -0.686372 
-0.165649 -0.3463 
-0.270008 -0.507183 
-0.905797 -1.83083 
-0.821715 -1.64839 
-0.812164 -1.63747 
-0.930548 -1.86284 
-0.394586 -0.844043 
-0.539825 -1.05206 
-0.512052 -1.05157 
-0.585751 -1.17335 
-0.585871 -1.22993 
-0.324411 -0.60226 
-0.385313 -0.791218 
-0.556903 -1.13468 
-0.417665 -0.858861 
-0.33406 -0.70947 
-0.418153 -0.789782 
-0.558156 -1.10233 
-0.556572 -1.09986 
-0.482951 -0.98099 
-0.482267 -0.97811 
-0.491952 -0.990278 
0.867256 1.70613 
0.47153 0.909922 
0.671451 1.3412 
0.671167 1.34011 
0.544827 1.0545 
0.369957 0.718643 
0.597306 1.17509 
0.597925 1.21061 
0.516948 1.02536 
0.252935 0.521267 
0.437916 0.918543 
-0.896275 -1.79894 
0.91053 1.80243 
0.848143 1.72436 
-0.351119 -0.736811 
-0.351671 -0.683044 
-0.469257 -0.879685 
-0.045551 -0.0637163 
-0.167291 -0.363799 
-0.225095 -0.463963 
0.181355 0.335347 
-0.09765 -0.263953 
-0.619632 -1.18419 
-0.608682 -1.22435 
-0.64107 -1.28297 
-0.583156 -1.13251 
-0.775653 -1.51668 
-0.783772 -1.54301 
-0.630526 -1.22646 
-0.693862 -1.38775 
-0.706032 -1.36535 
-0.434666 -0.848352 
-0.434871 -0.84661 
-0.434933 -0.848239 
0.972285 1.95219 
0.876833 1.74651 
0.709996 1.47294 
0.643435 1.28575 
0.717267 1.43815 
-0.965178 -1.94968 
-0.586802 -1.14466 
-0.829451 -1.62657 
-0.855446 -1.69216 
-0.704004 -1.42354 
-0.758542 -1.52415 
-0.746563 -1.52355 
-0.962972 -1.92159 
-0.837165 -1.69922 
-0.979295 -1.9591 
-0.892604 -1.76056 
-0.852849 -1.67032 
-0.762636 -1.564 
-0.227343 -0.400034 
0.348615 0.704167 
-0.0484431 -0.0949824 
0.0960983 0.206017 
-0.138876 -0.321201 
-0.00296456 0.00326075 
0.332152 0.604223 
0.131277 0.304691 
-0.24817 -0.484319 
-0.190133 -0.393745 
0.052342 0.105125 
0.18768 0.432674 
-0.0571616 -0.0936517 
-0.0539845 -0.0939224 
-0.611987 -1.17062 
-0.575515 -1.15282 
-0.870297 -1.73763 
-0.783708 -1.55459 
-0.858562 -1.7167 
-0.663791 -1.33033 
-0.782363 -1.59306 
-0.836323 -1.67069 
-0.797657 -1.55931 
0.0826568 0.172917 
0.0497478 0.115259 
0.0510243 0.118134 
0.32356 0.591835 
-0.359629 -0.701099 
-0.151113 -0.347543 
-0.0756016 -0.107288 
-0.0772054 -0.105992 
-0.123265 -0.30261 
0.021293 -0.00664307 
0.186944 0.32577 
-0.388793 -0.780962 
-0.365206 -0.714819 
0.273203 0.527493 
-0.203529 -0.40502 
0.0508481 0.0928811 
-0.0331962 -0.105517 
-0.0243448 -0.0805258 
-0.705354 -1.41044 
-0.42618 -0.812643 
-0.268643 -0.56595 
-0.315166 -0.612116 
-0.386188 -0.712222 
-0.355225 -0.713579 
-0.710367 -1.38478 
-0.580327 -1.20927 
-0.540799 -1.07706 
-0.765361 -1.51036 
-0.692201 -1.42395 
-0.617492 -1.24997 
-0.574186 -1.12578 
-0.617912 -1.23075 
0.837528 1.69731 
0.709952 1.40807 
-0.766308 -1.51253 
-0.685248 -1.36597 
0.345375 0.675183 
0.124153 0.290767 
0.274188 0.600055 
0.223573 0.47164 
0.311631 0.668903 
0.270985 0.571621 
0.276732 0.548514 
0.376114 0.771587 
0.275779 0.548026 
-0.371294 -0.719335 
-0.641262 -1.27231 
-0.837583 -1.6501 
-0.446631 -0.929863 
-0.719682 -1.40785 
-0.774718 -1.51763 
-0.812785 -1.61844 
0.656595 1.32478 
0.261885 0.525816 
0.648601 1.3099 
0.76895 1.52296 
0.467677 0.926291 
0.524533 1.08193 
0.370891 0.730226 
0.632243 1.21984 
0.429153 0.868953 
0.623634 1.29402 
0.578922 1.19296 
0.497224 0.98298 
0.424114 0.79995 
0.508213 1.03308 
-0.625062 -1.21631 
-0.130515 -0.242436 
-0.596129 -1.21128 
-0.461215 -0.938969 
-0.461227 -0.972821 
-0.507897 -1.01185 
-0.357544 -0.739749 
-0.284985 -0.54314 
-0.387356 -0.758626 
-0.462607 -0.925035 
-0.449862 -0.94319 
-0.44645 -0.909519 
-0.403042 -0.739907 
-0.256435 -0.519866 
0.234546 0.460667 
-0.10527 -0.158122 
-0.086486 -0.193786 
-0.257335 -0.536934 
-0.108867 -0.237595 
0.172671 0.34548 
0.340396 0.65176 
0.0430266 0.0549191 
0.0695579 0.155512 
0.00060254 -0.0436299 
0.327749 0.674605 
0.0873629 0.203198 
-0.440296 -0.878346 
-0.264414 -0.580921 
-0.403419 -0.815781 
-0.74126 -1.50842 
-0.740583 -1.48805 
-0.530185 -1.09356 
-0.821578 -1.61833 
-0.703227 -1.44951 
-0.557113 -1.11568 
-0.590998 -1.10578 
-0.277367 -0.510561 
-0.366066 -0.768507 
-0.387215 -0.806524 
-0.283407 -0.60867 
-0.218711 -0.414144 
0.556858 1.06657 
0.672109 1.37519 
0.791737 1.58004 
0.41898 0.848211 
0.689677 1.38639 
0.496663 1.02536 
0.496439 1.02303 
0.381429 0.780098 
0.344953 0.749918 
0.169008 0.319383 
0.654939 1.28073 
0.567043 1.08107 
0.352781 0.698689 
0.252214 0.500129 
0.214586 0.400701 
-0.121754 -0.196874 
0.111099 0.201641 
0.383431 0.760868 
0.244862 0.511183 
0.272532 0.501066 
0.294699 0.578316 
0.35135 0.728242 
-0.575834 -1.10041 
-0.612904 -1.25845 
-0.200393 -0.422071 
-0.691255 -1.35013 
-0.408515 -0.800783 
-0.464467 -0.899806 
-0.65119 -1.288 
-0.64561 -1.30554 
-0.688429 -1.32749 
-0.675204 -1.36548 
-0.970551 -1.93324 
-0.914376 -1.80741 
-0.496655 -1.02076 
-0.904274 -1.81983 
-0.284542 -0.592026 
-0.378116 -0.762219 
0.859901 1.73917 
0.842216 1.70975 
0.53593 1.10979 
0.757431 1.49149 
0.788658 1.5682 
0.587611 1.15725 
0.732191 1.46017 
0.767614 1.54358 
0.888243 1.78776 
0.842244 1.64584 
0.865471 1.69038 
0.49354 0.966163 
0.233512 0.438012 
0.0617158 0.06304 
-0.0795213 -0.131428 
0.290096 0.553025 
0.178481 0.363749 
0.362277 0.691248 
0.480216 0.964212 
-0.304185 -0.596734 
0.0153895 0.00521553 
0.338863 0.601111 
0.417595 0.785958 
0.556717 1.08903 
0.725771 1.38706 
0.478208 0.991433 
0.542498 1.07976 
0.833698 1.68335 
0.713266 1.46611 
0.856614 1.69246 
0.737189 1.48439 
0.737232 1.47875 
-0.590875 -1.1601 
-0.796791 -1.62515 
-0.136891 -0.22379 
-0.0378978 -0.0764722 
-0.0375811 -0.0841017 
-0.0387244 -0.0726149 
-0.345636 -0.654978 
0.193922 0.374886 
-0.0371024 -0.0307539 
-0.124591 -0.160665 
-0.135927 -0.287529 
-0.0325091 -0.0598996 
-0.187269 -0.423179 
-0.161412 -0.321883 
-0.11327 -0.19296 
-0.87601 -1.76229 
-0.922873 -1.84652 
-0.855933 -1.70436 
-0.822242 -1.64673 
-0.771389 -1.54771 
-0.423765 -0.825731 
-0.453298 -0.919202 
-0.345832 -0.757268 
-0.420562 -0.867103 
-0.420786 -0.865643 
-0.321229 -0.661694 
-0.264489 -0.469474 
-0.369849 -0.720838 
-0.515905 -1.04189 
-0.297357 -0.608291 
-0.494888 -0.974578 
0.126543 0.236712 
0.689052 1.37434 
0.15669 0.333147 
0.254897 0.495709 
0.447951 0.877036 
0.0341226 0.0777379 
0.274682 0.511116 
0.263102 0.577089 
0.33743 0.641946 
0.143543 0.221144 
0.184102 0.31346 
0.184485 0.313725 
0.255444 0.494648 
-0.194379 -0.369891 
-0.0786456 -0.136425 
-0.0784275 -0.157668 
0.419902 0.83076 
-0.0090837 0.019272 
-0.00921769 0.0210126 
0.00558643 0.0255161 
-0.063967 -0.127941 
-0.184852 -0.335631 
0.0131819 0.0326783 
-0.124536 -0.248492 
0.0277634 0.0348071 
0.0127029 0.033859 
0.21541 0.431568 
0.145258 0.332116 
0.0784174 0.140659 
-0.470136 -0.920214 
-0.54217 -1.12525 
-0.641913 -1.2496 
-0.514041 -0.993817 
-0.233468 -0.443058 
-0.269016 -0.537858 
-0.269105 -0.542679 
-0.024906 -0.0378657 
-0.1374 -0.303469 
0.121064 0.19435 
0.535996 1.03223 
-0.0213247 0.00502913 
0.0357231 0.134553 
-0.197797 -0.363015 
-0.0713894 -0.105213 
0.0524429 0.0350695 
-0.842539 -1.68838 
-0.874756 -1.70817 
-0.479757 -0.929909 
-0.901572 -1.7863 
-0.779198 -1.52567 
-0.726626 -1.43993 
-0.931089 -1.84539 
0.131609 0.280186 
0.338103 0.681635 
0.339692 0.683402 
0.539974 1.08555 
0.538715 1.0868 
0.297113 0.580255 
0.539512 1.04309 
0.753543 1.52447 
0.457542 0.879697 
0.843797 1.67753 
0.465227 0.921759 
-0.58895 -1.2199 
-0.412711 -0.805017 
-0.507507 -1.03556 
-0.54711 -1.06272 
-0.665718 -1.31595 
-0.428547 -0.884891 
-0.501002 -1.00521 
-0.573935 -1.1038 
-0.0801517 -0.188426 
0.235172 0.51238 
0.111108 0.207748 
0.384849 0.800342 
0.385316 0.803982 
0.0901357 0.164984 
0.0857878 0.204667 
0.207385 0.414861 
0.149834 0.310903 
0.265397 0.506227 
0.263276 0.504894 
0.890727 1.77088 
0.811859 1.65341 
0.887389 1.77601 
0.93156 1.86562 
0.0115172 -0.0182316 
-0.275414 -0.574472 
-0.332926 -0.673426 
0.747181 1.48876 
0.624217 1.28819 
0.263796 0.493485 
0.362516 0.719467 
0.364021 0.742408 
0.339119 0.631433 
0.423041 0.890235 
0.40716 0.790688 
0.407513 0.788726 
-0.271397 -0.555151 
-0.0158353 -0.00087666 
-0.137742 -0.253281 
-0.0483567 -0.0511274 
0.0285103 0.0208643 
0.543363 1.09721 
0.552402 1.07833 
0.859975 1.71938 
0.755439 1.50345 
0.885966 1.73897 
0.888116 1.7396 
0.8706 1.76129 
0.729725 1.4433 
0.79718 1.62532 
0.794322 1.62536 
0.0425853 0.142146 
0.396504 0.83484 
0.469221 0.95332 
0.339661 0.697065 
0.96304 1.92373 
0.613135 1.22993 
0.651503 1.28291 
0.656308 1.29592 
0.971858 1.93493 
0.710562 1.39383 
0.656763 1.30118 
0.68267 1.35953 
0.919684 1.85479 
0.660807 1.34176 
0.711944 1.42696 
0.712279 1.42804 
0.156959 0.312334 
0.154625 0.312118 
0.17657 0.335699 
0.10748 0.183034 
0.0790834 0.160464 
0.0441914 0.111737 
-0.124469 -0.208829 
0.487975 1.0124 
-0.314436 -0.666643 
-0.222556 -0.451243 
-0.459769 -0.949495 
-0.56211 -1.14682 
-0.295591 -0.588011 
-0.300696 -0.55025 
-0.0541578 -0.11473 
0.679901 1.34481 
0.109932 0.1923 
0.348371 0.649868 
0.100752 0.151287 
0.228534 0.49604 
0.218724 0.448342 
-0.624584 -1.24275 
-0.324764 -0.650026 
-0.610258 -1.19796 
-0.625292 -1.2331 
-0.609606 -1.25788 
-0.717809 -1.42677 
0.159731 0.253577 
0.54597 1.04133 
0.0696487 0.141775 
0.150989 0.301798 
0.0901146 0.141613 
0.235258 0.423011 
0.222544 0.414864 
0.0120945 0.0416103 
-0.293952 -0.537126 
-0.325496 -0.636125 
-0.339832 -0.702308 
-0.871745 -1.73196 
-0.5366 -1.06139 
-0.415387 -0.835135 
-0.548135 -1.0989 
-0.550124 -1.1204 
-0.232238 -0.464263 
0.0851712 0.181876 
-0.258093 -0.571929 
0.228626 0.39216 
-0.202681 -0.39303 
-0.252508 -0.464046 
-0.0964725 -0.169548 
-0.476861 -0.968877 
-0.237086 -0.425599 
-0.297283 -0.659829 
-0.338058 -0.587211 
-0.360986 -0.703795 
-0.717596 -1.46102 
-0.628722 -1.29277 
-0.626535 -1.25237 
-0.597458 -1.17888 
-0.435541 -0.916347 
0.107906 0.220885 
-0.149579 -0.269374 
0.406508 0.832141 
0.0315883 0.0384762 
0.440529 0.836454 
0.236161 0.485636 
0.167232 0.364224 
0.311868 0.611366 
-0.085798 -0.213624 
0.192328 0.390538 
0.192882 0.365245 
0.00941362 -0.00586075 
0.0270381 0.0679916 
-0.0430604 -0.111255 
-0.144099 -0.232425 
-0.0177124 0.0142991 
-0.267889 -0.504347 
-0.208875 -0.386639 
-0.0916413 -0.20083 
-0.0074944 -0.0114302 
0.246567 0.528217 
-0.220404 -0.410329 
0.0316412 0.0494662 
-0.040806 -0.110621 
-0.286682 -0.552966 
0.24838 0.491991 
-0.156421 -0.29996 
0.0506042 0.082053 
0.0508339 0.0846891 
0.220938 0.483119 
0.177792 0.285518 
0.0962762 0.185044 
0.322715 0.68424 
0.436054 0.828303 
0.793479 1.58932 
0.447823 0.92081 
0.852034 1.7352 
0.322677 0.667385 
0.752309 1.4648 
0.462635 0.957154 
0.534549 1.0999 
0.990748 1.96191 
0.189117 0.36672 
0.761293 1.51815 
0.6739 1.29476 
0.467706 0.888538 
0.455226 0.90107 
0.299656 0.603195 
0.298629 0.601694 
0.132655 0.265237 
0.192618 0.402748 
0.0940455 0.216748 
0.284405 0.599737 
0.58412 1.1779 
0.631772 1.28449 
0.802662 1.60554 
0.726214 1.47351 
0.574086 1.11192 
0.949161 1.87496 
0.936598 1.87499 
0.594216 1.19772 
0.502729 1.00111 
0.295141 0.560648 
0.524322 1.0576 
0.601488 1.16215 
0.43019 0.910006 
0.673916 1.3144 
0.673725 1.32235 
0.315596 0.631855 
0.639403 1.22586 
-0.567294 -1.1168 
-0.851874 -1.71423 
-0.778945 -1.5731 
-0.673309 -1.37486 
-0.630124 -1.26668 
-0.694875 -1.41679 
-0.351559 -0.705087 
-0.588594 -1.18893 
-0.280417 -0.570283 
-0.480214 -0.919171 
-0.744161 -1.47178 
-0.714084 -1.41609 
0.717658 1.41658 
0.504531 0.97876 
0.783813 1.60856 
0.495183 1.00965 
0.815092 1.61062 
0.560456 1.11698 
0.6324 1.24156 
0.316118 0.658425 
0.782466 1.5573 
0.21373 0.460762 
0.649091 1.31991 
0.793664 1.64006 
0.743088 1.45732 
0.572782 1.18524 
0.704993 1.35813 
-0.395684 -0.788248 
-0.0894654 -0.166355 
-0.499309 -1.01325 
-0.484411 -0.994183 
-0.603332 -1.22885 
-0.57693 -1.17752 
-0.603172 -1.159 
-0.25304 -0.500554 
-0.459296 -0.869666 
-0.309335 -0.648247 
-0.233394 -0.508838 
-0.222437 -0.475137 
-0.126237 -0.27502 
-0.22167 -0.475488 
-0.239398 -0.484115 
-0.309316 -0.634284 
0.279769 0.565192 
0.00618007 -0.0361859 
-0.2241 -0.433076 
-0.174319 -0.34034 
-0.17742 -0.340268 
-0.110672 -0.201752 
-0.101064 -0.239898 
-0.0611272 -0.139769 
-0.037191 -0.0212716 
0.0467342 0.0594896 
0.0491951 0.0585152 
-0.669771 -1.35177 
-0.82041 -1.64253 
-0.603882 -1.24485 
-0.649522 -1.33405 
-0.47342 -0.94612 
-0.444579 -0.843969 
-0.67608 -1.34336 
-0.486449 -0.981761 
-0.1819 -0.308279 
-0.0156862 -0.00140178 
-0.489645 -0.953664 
-0.302524 -0.629728 
-0.467557 -0.997391 
-0.301707 -0.566701 
0.411782 0.875586 
0.420356 0.87044 
0.344973 0.674537 
0.345513 0.673454 
-0.0593633 -0.125061 
0.449024 0.872203 
0.519167 1.04604 
0.196599 0.397323 
0.353941 0.67182 
0.372925 0.67422 
0.500431 0.992077 
0.780717 1.53833 
0.18724 0.351587 
0.445825 0.901705 
0.439691 0.851542 
0.352734 0.728708 
0.435508 0.928183 
0.243074 0.452359 
0.352213 0.714919 
-0.495176 -0.964793 
-0.488706 -0.972173 
-0.322048 -0.625912 
-0.394973 -0.817951 
-0.43478 -0.930717 
-0.570271 -1.14485 
-0.519522 -1.0195 
-0.519495 -1.03964 
-0.593806 -1.14994 
-0.518847 -1.07527 
-0.527895 -1.01968 
-0.729038 -1.50286 
-0.178328 -0.316518 
-0.182811 -0.393802 
-0.447345 -0.904579 
-0.294959 -0.645441 
-0.268988 -0.527744 
-0.176903 -0.410118 
-0.522434 -1.00714 
-0.0152846 -0.0243946 
-0.0985824 -0.171532 
-0.290529 -0.570453 
-0.163592 -0.272007 
-0.42173 -0.835321 
-0.662061 -1.34079 
-0.166445 -0.310011 
-0.381163 -0.815712 
-0.343914 -0.641031 
-0.295262 -0.640737 
-0.0134667 -0.0563556 
-0.271568 -0.595678 
-0.57446 -1.13912 
-0.377306 -0.751012 
0.0324148 0.00326142 
-0.394495 -0.798562 
-0.44018 -0.909714 
-0.377527 -0.725622 
-0.37781 -0.729576 
-0.172389 -0.330991 
-0.146996 -0.285408 
-0.269212 -0.487266 
-0.380116 -0.739622 
-0.0751764 -0.142055 
-0.358103 -0.664565 
-0.750337 -1.48655 
-0.476162 -0.982528 
-0.412735 -0.784154 
-0.353395 -0.741283 
-0.427603 -0.84665 
0.0260315 0.0437487 
-0.302725 -0.607391 
-0.299764 -0.609458 
-0.373262 -0.78166 
-0.374713 -0.782936 
-0.805608 -1.58817 
-0.75429 -1.51779 
-0.61818 -1.2129 
-0.495207 -0.977439 
-0.501852 -0.978783 
-0.497916 -0.980421 
-0.569169 -1.16786 
-0.530597 -1.07507 
-0.728944 -1.4532 
-0.432807 -0.892095 
0.800727 1.56421 
0.0964476 0.183959 
-0.0564115 -0.155634 
-0.149621 -0.31477 
0.00205592 -0.00247693 
-0.28602 -0.514596 
-0.206227 -0.46676 
-0.206267 -0.463041 
0.0603047 0.0842088 
0.0187648 0.0128603 
-0.348045 -0.674404 
0.0621946 0.080351 
-0.11649 -0.237663 
0.0504368 0.132747 
-0.22275 -0.48504 
-0.263003 -0.514591 
0.682516 1.40075 
0.845371 1.66589 
-0.592457 -1.20333 
-0.313483 -0.601846 
-0.311116 -0.601515 
-0.210941 -0.407248 
0.0684781 0.121096 
-0.358939 -0.770933 
-0.114139 -0.258459 
0.20949 0.388734 
0.253512 0.465111 
-0.329137 -0.70133 
-0.0875127 -0.155619 
-0.203076 -0.402057 
-0.185113 -0.404612 
-0.187025 -0.404404 
0.142619 0.289926 
-0.221611 -0.423043 
-0.011275 -0.0359465 
-0.171886 -0.304936 
-0.843132 -1.66062 
-0.845267 -1.66136 
-0.348765 -0.773456 
0.402056 0.840674 
0.587713 1.13913 
0.169422 0.298143 
0.932056 1.83698 
0.631776 1.23953 
0.670649 1.35543 
0.61038 1.23991 
0.355589 0.741182 
0.591394 1.17952 
0.545514 1.13775 
0.52621 1.03994 
0.526714 1.03942 
0.414217 0.814929 
-0.639906 -1.26963 
-0.0543787 -0.0722075 
-0.158525 -0.274873 
-0.191728 -0.372839 
0.200047 0.420717 
-0.183505 -0.377565 
-0.277597 -0.529666 
-0.379137 -0.771803 
-0.244466 -0.471006 
0.274243 0.526363 
-0.016786 -0.084541 
-0.524839 -1.06863 
-0.331382 -0.672717 
-0.236005 -0.472755 
-0.0991118 -0.172889 
-0.159118 -0.371392 
0.323039 0.643399 
0.464957 0.936659 
0.216687 0.437885 
0.231608 0.471992 
0.39146 0.7507 
0.579181 1.17028 
0.417433 0.836048 
0.172504 0.328656 
0.329197 0.66178 
0.224398 0.463465 
0.223602 0.463719 
0.333717 0.655352 
-0.0242657 -0.0222796 
0.624858 1.24155 
0.773201 1.53633 
0.880557 1.79866 
0.781257 1.59136 
0.739904 1.46817 
0.734147 1.43523 
0.740292 1.43637 
0.740102 1.46776 
0.568247 1.14896 
0.290916 0.53758 
0.215775 0.47068 
0.0307836 0.0959156 
0.0337643 0.0963461 
0.0662244 0.0970938 
0.290964 0.602036 
0.205787 0.441024 
0.207366 0.438039 
0.204164 0.441043 
-0.136963 -0.266452 
0.137422 0.250436 
-0.254385 -0.528214 
-0.137016 -0.339853 
0.0954114 0.158452 
-0.650343 -1.34789 
-0.734798 -1.46064 
-0.469092 -0.907735 
-0.46512 -0.962531 
-0.553045 -1.09213 
-0.712857 -1.45014 
-0.291146 -0.565172 
-0.291332 -0.629644 
-0.291392 -0.597136 
-0.29136 -0.61554 
-0.447702 -0.863171 
-0.636803 -1.28912 
0.431089 0.884606 
0.437034 0.908923 
0.18186 0.367568 
0.269692 0.567759 
0.13234 0.26797 
0.203329 0.467821 
0.027496 0.0819997 
0.0583859 0.109478 
-0.00997758 -0.0302185 
0.122122 0.268549 
0.484295 0.985851 
0.255808 0.530579 
0.26288 0.514736 
0.30234 0.563034 
-0.510329 -1.00365 
-0.675674 -1.33988 
-0.630943 -1.23758 
-0.576202 -1.15393 
-0.616043 -1.24093 
-0.580808 -1.14876 
-0.680665 -1.38367 
-0.650645 -1.29786 
-0.360715 -0.745172 
-0.592069 -1.17456 
-0.591853 -1.16927 
-0.637342 -1.24059 
-0.603053 -1.21116 
0.864113 1.72547 
0.865097 1.72889 
0.584503 1.2357 
0.658354 1.36704 
0.926182 1.85107 
0.765464 1.49081 
0.807159 1.59052 
-0.251816 -0.552303 
-0.550508 -1.08323 
-0.465054 -0.891945 
-0.497011 -1.00123 
-0.34026 -0.68906 
-0.343022 -0.665769 
-0.341846 -0.664115 
-0.349714 -0.749278 
-0.436667 -0.8298 
-0.340039 -0.700548 
-0.0799412 -0.148986 
-0.146833 -0.248953 
-0.0475122 -0.147543 
-0.165946 -0.34798 
-0.169122 -0.347646 
-0.298736 -0.59787 
-0.398034 -0.790316 
-0.539738 -1.08986 
-0.537454 -1.08925 
-0.467018 -0.94467 
-0.471264 -0.94525 
-0.471364 -0.946052 
-0.663325 -1.363 
-0.827162 -1.63797 
-0.699265 -1.40933 
-0.3505 -0.724876 
-0.398024 -0.778721 
-0.505607 -0.988965 
-0.492615 -0.989515 
-0.504754 -0.989899 
-0.796138 -1.60482 
-0.525375 -1.08117 
-0.532451 -1.03024 
-0.58371 -1.16404 
-0.791986 -1.5732 
-0.641813 -1.34893 
-0.411611 -0.86387 
-0.437421 -0.87119 
-0.545056 -1.06643 
-0.546063 -1.06187 
-0.27845 -0.541368 
0.144214 0.269449 
-0.263901 -0.534421 
0.308868 0.594252 
-0.139632 -0.301954 
-0.0551719 -0.11511 
-0.137417 -0.302552 
0.125699 0.257037 
0.0430699 0.0962961 
-0.073083 -0.115817 
-0.197506 -0.40724 
-0.0653817 -0.166571 
-0.387744 -0.802803 
0.0917498 0.185979 
-0.0356319 -0.103389 
0.243999 0.444149 
0.567611 1.11 
0.748685 1.50866 
0.391004 0.808779 
0.450877 0.859462 
0.298758 0.617071 
0.29739 0.61258 
0.375707 0.770906 
0.028166 0.0118536 
0.301906 0.652112 
0.0597754 0.187061 
0.510618 1.00987 
0.382755 0.711023 
0.37725 0.755171 
0.178432 0.375465 
0.300823 0.670184 
-0.317193 -0.61952 
-0.157255 -0.346764 
0.320879 0.600727 
0.142198 0.315717 
0.255005 0.486536 
-0.214176 -0.450221 
-0.234503 -0.483016 
-0.196278 -0.390066 
-0.102987 -0.211419 
-0.0751732 -0.156943 
0.425721 0.839502 
0.425009 0.836938 
0.363751 0.74108 
0.363756 0.74024 
0.203798 0.362185 
0.46042 0.91536 
0.317816 0.674585 
0.517577 1.00859 
0.458701 0.941478 
0.945323 1.90478 
0.62706 1.208 
0.627735 1.24909 
0.785486 1.62131 
0.663255 1.3614 
0.364996 0.756613 
0.499425 0.957847 
0.265054 0.559326 
0.63527 1.29435 
0.577027 1.15699 
0.483619 0.977327 
0.524895 1.05717 
0.60164 1.18312 
0.519752 0.967548 
0.618181 1.25601 
0.434381 0.859876 
0.486341 0.958309 
-0.862413 -1.75399 
-0.747669 -1.4574 
-0.805552 -1.6119 
-0.731306 -1.4702 
-0.67064 -1.33131 
0.163462 0.315142 
-0.131716 -0.266428 
-0.0807547 -0.166205 
0.0645781 0.135115 
-0.750623 -1.52958 
-0.917088 -1.8542 
-0.991933 -1.98072 
0.510752 1.05462 
0.67537 1.36203 
0.66084 1.28915 
0.53275 1.04294 
0.852827 1.70716 
0.926784 1.87636 
0.629595 1.31676 
0.839015 1.66016 
0.830233 1.61951 
0.453035 0.948222 
0.703684 1.40977 
0.700468 1.38697 
-0.18015 -0.364605 
-0.210897 -0.377474 
0.200192 0.408151 
-0.27886 -0.587118 
-0.328601 -0.687717 
0.0036011 0.0127662 
-0.403012 -0.81735 
0.17064 0.287309 
0.0354677 0.0787804 
0.343663 0.666956 
0.400443 0.796954 
0.531851 1.06711 
0.147088 0.260522 
0.223053 0.433253 
0.149121 0.276999 
0.163132 0.378159 
0.119453 0.27962 
0.150794 0.340442 
-0.0443198 -0.0886488 
0.264672 0.533427 
0.179768 0.354868 
0.310209 0.6667 
0.202405 0.43231 
0.116526 0.292595 
0.130986 0.222435 
0.312826 0.584627 
-0.203193 -0.430995 
0.0984301 0.196032 
-0.0842012 -0.140377 
0.297462 0.590993 
0.257502 0.55244 
0.147208 0.250204 
0.0376151 0.088299 
0.138013 0.259711 
0.0446366 0.0355749 
0.743684 1.48178 
0.48843 1.00391 
0.4747 0.978676 
0.472211 0.978459 
0.340109 0.700309 
-0.781575 -1.53341 
-0.912781 -1.8421 
0.557129 1.12835 
0.170414 0.338196 
-0.959288 -1.94823 
-0.674327 -1.35721 
0.902633 1.809 
0.976927 1.95717 
0.427514 0.85907 
-0.771436 -1.53911 
-0.966416 -1.91544 
0.560185 1.13671 
-0.108614 -0.211247 
0.607572 1.19669 
-0.855817 -1.67678 
-0.778768 -1.56034 
-0.383047 -0.783041 
-0.98454 -1.9479 
-0.440922 -0.926767 
-0.871251 -1.715 
0.653102 1.24753 
0.222082 0.456837 
-0.361559 -0.756421 
-0.648198 -1.2563 
0.851758 1.68716 
0.633191 1.2633 
-0.303235 -0.621998 
-0.781582 -1.58197 
-0.691383 -1.36906 
-0.923946 -1.82843 
0.986271 1.97694 
0.528944 1.09767 
-0.553851 -1.12877 
-0.0178997 -0.0683892 
0.175188 0.278489 
0.876972 1.77913 
-0.789526 -1.55677 
-0.960812 -1.93301 
0.900775 1.78459 
0.433977 0.877658 
-0.496995 -0.993835 
0.520596 1.07591 
-0.811943 -1.57683 
0.963652 1.94591 
-0.00244777 -0.0526659 
0.0444918 0.0443971 
-0.760385 -1.54138 
-0.691084 -1.39704 
0.297511 0.630188 
-0.93047 -1.85309 
0.969363 1.94347 
-0.910075 -1.83559 
-0.839086 -1.67827 
0.47821 0.955701 
-0.829775 -1.6733 
0.0187521 0.0309683 
0.983054 1.9584 
-0.902133 -1.80098 
-0.868214 -1.76196 
0.938087 1.86184 
0.286779 0.609758 
0.719424 1.46717 
0.942827 1.89019 
0.360068 0.683582 
0.345401 0.728718 
-0.0294038 -0.0775928 
-0.710598 -1.40789 
0.896538 1.76976 
-0.882255 -1.7287 
-0.553362 -1.0622 
0.0315136 0.0649749 
0.830933 1.66897 
0.681 1.38803 
0.592954 1.15354 
-0.990123 -1.97235 
-0.176864 -0.350015 
0.81862 1.65069 
0.790049 1.55054 
0.620301 1.19363 
0.105159 0.239262 
0.911659 1.85147 
-0.25746 -0.55665 
-0.790279 -1.60558 
0.282031 0.582904 
0.0973082 0.169963 
0.568276 1.12468 
-0.483955 -0.955541 
0.967218 1.90099 
0.0301992 0.0271008 
0.940664 1.88273 
0.511952 1.04734 
0.608984 1.21089 
-0.616898 -1.1764 
-0.768692 -1.56234 
0.617976 1.28861 
0.112331 0.237802 
0.283489 0.590894 
-0.385126 -0.723596 
-0.859017 -1.66777 
-0.802927 -1.5634 
-0.65106 -1.31477 
-0.748358 -1.51338 
-0.379621 -0.717493 
-0.303303 -0.589034 
-0.211243 -0.358721 
-0.795108 -1.58122 
-0.703244 -1.39114 
0.257446 0.559639 
-0.417543 -0.810886 
-0.517792 -1.05554 
0.533308 1.08284 
-0.834585 -1.63115 
-0.754448 -1.4943 
-0.403399 -0.746944 
0.671608 1.33142 
0.81004 1.6337 
-0.810269 -1.64845 
0.419034 0.883724 
0.889441 1.79933 
-0.615787 -1.2023 
-0.96533 -1.94237 
-0.283867 -0.599287 
-0.880349 -1.74253 
0.731523 1.49274 
0.923514 1.8375 
-0.854336 -1.68303 
0.316747 0.649261 
-0.857237 -1.72702 
0.453459 0.926511 
0.0802167 0.115534 
0.437573 0.817004 
0.276422 0.579699 
0.357318 0.761115 
-0.210406 -0.420933 
-0.166818 -0.373826 
0.947686 1.88763 
-0.698496 -1.36429 
0.155398 0.318912 
-0.753523 -1.46883 
-0.512939 -1.01631 
0.121772 0.243655 
-0.705193 -1.43091 
0.775208 1.57598 
0.782968 1.56736 
-0.387426 -0.830541 
-0.997311 -1.98317 
-0.73819 -1.475 
0.859993 1.71055 
0.172754 0.305542 
-0.773351 -1.52654 
-0.42639 -0.878197 
-0.941641 -1.86296 
0.195399 0.415422 
0.55117 1.06072 
-0.135769 -0.294435 
-0.739824 -1.53047 
-0.126441 -0.26192 
0.434031 0.847683 
0.697192 1.36797 
0.136195 0.299372 
0.578123 1.18299 
0.574262 1.12101 
0.95033 1.89782 
-0.811691 -1.62637 
-0.824676 -1.65435 
-0.996083 -1.99268 
-0.89024 -1.76686 
-0.758928 -1.50837 
0.565544 1.15468 
-0.623956 -1.22388 
-0.459432 -0.903561 
-0.0835982 -0.124731 
0.44081 0.878355 
-0.321224 -0.60777 
-0.955898 -1.90024 
0.806083 1.60089 
-0.730618 -1.43501 
0.196867 0.427426 
0.0382247 0.103586 
-0.163828 -0.292205 
-0.916722 -1.82509 
-0.113663 -0.265684 
0.901413 1.81702 
-0.0856985 -0.185927 
0.913764 1.8431 
-0.755481 -1.55015 
-0.47791 -0.943384 
-0.626081 -1.31112 
-0.754105 -1.50346 
0.71983 1.42929 
-0.960142 -1.91356 
0.45047 0.897695 
-0.540042 -1.13223 
0.82594 1.64012 
-0.406596 -0.82277 
-0.706302 -1.40226 
-0.910402 -1.81415 
-0.119686 -0.217007 
0.913753 1.81406 
-0.873559 -1.74538 
-0.457355 -0.878174 
-0.137667 -0.216786 
0.474074 0.997789 
-0.0679604 -0.122832 
-0.933683 -1.87863 
0.0882705 0.223579 
0.37491 0.72346 
0.991952 1.99023 
0.0381317 0.110498 
0.128184 0.297728 
-0.682483 -1.33448 
0.073123 0.125583 
0.345053 0.654541 
-0.243978 -0.513653 
-0.941114 -1.87618 
0.8749 1.73698 
-0.611024 -1.26602 
-0.197205 -0.435027 
-0.55292 -1.10755 
0.504394 1.0419 
-0.946541 -1.88621 
-0.573104 -1.1879 
0.491424 0.973401 
-0.809411 -1.60253 
0.966077 1.93011 
0.248893 0.458844 
0.0309308 0.117935 
0.0648091 0.14365 
0.727862 1.45148 
0.956998 1.90786 
-0.953003 -1.88953 
-0.373924 -0.767001 
0.62713 1.26389 
0.216156 0.479086 
-0.44654 -0.893696 
-0.174102 -0.38324 
0.750416 1.48344 
0.0867206 0.147428 
0.507083 0.958305 
-0.605099 -1.20068 
0.744042 1.50248 
-0.866929 -1.74589 
-0.156541 -0.317573 
0.081399 0.14977 
0.245186 0.498866 
0.685118 1.34342 
0.610029 1.22072 
0.584769 1.16974 
0.0535495 0.148959 
-0.105486 -0.230336 
0.540575 1.02717 
-0.170986 -0.281221 
0.484344 1.018 
0.899461 1.79676 
-0.986796 -1.98598 
0.116972 0.224506 
-0.450431 -0.837094 
-0.0697194 -0.183431 
-0.831671 -1.61792 
-0.656435 -1.3325 
0.0946778 0.269388 
0.34941 0.678744 
-0.709896 -1.42644 
-0.30881 -0.610404 
0.84698 1.71358 
0.508466 0.98824 
-0.740932 -1.49906 
-0.630713 -1.24652 
-0.565405 -1.14002 
-0.87724 -1.75438 
0.294584 0.569902 
0.661133 1.31976 
0.483973 0.920525 
0.965873 1.91639 
-0.789426 -1.5902 
-0.148988 -0.307886 
0.377741 0.78515 
0.665813 1.34204 
0.61365 1.2737 
0.736766 1.51935 
0.0584229 0.130895 
0.826051 1.62321 
0.0775686 0.199927 
-0.776866 -1.54213 
-0.874552 -1.72537 
-0.742286 -1.4599 
-0.0344035 -0.117465 
-0.0959079 -0.150019 
-0.985232 -1.96287 
0.334882 0.635682 
0.956659 1.92253 
0.528799 1.06223 
-0.426294 -0.867088 
0.0446537 0.119887 
-0.685851 -1.35918 
-0.562066 -1.10935 
-0.381285 -0.807274 
-0.038961 -0.0622928 
-0.810414 -1.58378 
-0.644286 -1.24231 
0.508896 0.976416 
0.935848 1.88884 
-0.714096 -1.43347 
0.931465 1.82332 
-0.43829 -0.807973 
0.819661 1.62997 
-0.543683 -1.1029 
0.912404 1.83646 
0.314797 0.594223 
-0.287916 -0.559863 
0.478464 0.971475 
0.203047 0.345877 
-0.284734 -0.533853 
0.332199 0.677496 
-0.448096 -0.915549 
0.651222 1.29016 
0.0622391 0.0712148 
-0.050606 -0.10142 
-0.347493 -0.688555 
-0.5656 -1.12746 
-0.565157 -1.09498 
0.695084 1.38334 
-0.394311 -0.836045 
0.281767 0.538091 
-0.842603 -1.67159 
0.466828 0.908584 
0.400012 0.804558 
0.40446 0.819094 
0.421477 0.807881 
0.0194036 0.0979475 
0.825008 1.6662 
0.330709 0.694999 
0.711495 1.40179 
0.76055 1.50701 
-0.684466 -1.35151 
-0.845792 -1.72113 
0.263723 0.542002 
0.948683 1.91066 
0.418433 0.793773 
-0.249134 -0.492873 
0.135823 0.276972 
0.473361 0.921988 
0.35695 0.694174 
-0.131229 -0.274299 
0.563713 1.17158 
-0.890882 -1.79504 
0.298706 0.658681 
-0.759537 -1.53426 
-0.846176 -1.71276 
0.853868 1.69957 
-0.462501 -0.918696 
-0.951552 -1.90507 
0.499209 1.01586 
-0.724896 -1.43345 
0.820637 1.60744 
0.961868 1.90931 
0.385898 0.774931 
0.638177 1.2436 
0.378564 0.803755 
0.547068 1.08007 
-0.361437 -0.731773 
-0.193681 -0.355616 
-0.135868 -0.245736 
0.907988 1.82145 
-0.113253 -0.232734 
-0.481102 -0.960896 
0.816235 1.58945 
-0.478035 -1.01108 
0.210406 0.483495 
0.349265 0.743411 
0.472489 0.929109 
-0.447518 -0.873919 
0.528799 1.07475 
-0.745785 -1.53829 
0.835712 1.63004 
0.771037 1.55047 
-0.64464 -1.29973 
-0.381843 -0.7658 
0.406997 0.776631 
0.217993 0.39537 
0.00549856 0.0903048 
0.120866 0.261001 
-0.142859 -0.316414 
-0.0131037 -0.0172127 
-0.619204 -1.2791 
-0.0794496 -0.210099 
-0.416921 -0.878321 
-0.925893 -1.86545 
-0.521513 -1.06258 
-0.766269 -1.54336 
0.2024 0.374748 
0.345187 0.698471 
-0.211998 -0.435315 
0.117138 0.205406 
0.884389 1.76716 
-0.921574 -1.83653 
-0.611423 -1.22964 
-0.239649 -0.443181 
-0.272944 -0.546881 
0.758338 1.52528 
-0.217266 -0.437923 
-0.37049 -0.790534 
-0.326009 -0.667444 
0.456272 0.910605 
-0.809619 -1.60925 
-0.94897 -1.91621 
0.907 1.83722 
-0.227568 -0.457665 
-0.658642 -1.34626 
-0.584068 -1.20356 
0.867726 1.7482 
0.410692 0.807668 
-0.33254 -0.665581 
0.211553 0.41259 
-0.251623 -0.451111 
-0.44415 -0.899271 
-0.972095 -1.951 
0.74639 1.46833 
0.10224 0.205262 
-0.329723 -0.600903 
0.0236201 0.017153 
0.550232 1.12859 
-0.110254 -0.162365 
0.378377 0.764776 
-0.635041 -1.31424 
-0.500985 -0.96361 
-0.311842 -0.617743 
0.386317 0.784117 
0.256965 0.506848 
-0.55653 -1.14401 
0.813486 1.64196 
0.215966 0.409573 
0.0106315 0.00869104 
-0.875243 -1.77787 
-0.715604 -1.44351 
-0.51799 -1.08602 
0.711483 1.42005 
0.365306 0.779754 
0.162924 0.287281 
-0.514962 -1.07168 
0.0400632 0.0601611 
0.387509 0.744539 
0.802157 1.58989 
-0.797388 -1.56752 
0.209956 0.427482 
-0.327756 -0.608662 
0.811174 1.61859 
0.390933 0.819845 
0.230931 0.489365 
0.0617797 0.101528 
-0.42292 -0.818859 
0.788965 1.53017 
0.594587 1.16872 
0.606509 1.15933 
-0.0471368 -0.107399 
-0.25288 -0.513451 
-0.562382 -1.13394 
-0.104655 -0.175687 
-0.137883 -0.312351 
-0.267485 -0.549834 
0.897027 1.8113 
-0.335455 -0.719098 
-0.226769 -0.440085 
0.879536 1.74045 
0.0378373 0.0689071 
-0.601978 -1.19325 
0.710712 1.44654 
0.192445 0.32633 
-0.122324 -0.256479 
-0.261222 -0.489408 
-0.216984 -0.390589 
-0.156239 -0.377576 
0.832107 1.67692 
0.983197 1.94103 
-0.339765 -0.70922 
-0.598318 -1.22982 
0.323026 0.659404 
0.761518 1.48598 
-0.974529 -1.96424 
-0.129276 -0.304093 
-0.338774 -0.669423 
0.999163 1.99932 
-0.415326 -0.845917 
-0.72839 -1.47854 
-0.0365298 -0.0545637 
-0.523955 -1.02427 
-0.545471 -1.08245 
0.561838 1.08209 
0.338685 0.706869 
-0.24303 -0.489915 
-0.908326 -1.80403 
0.706158 1.39186 
0.848066 1.67414 
0.45258 0.935126 
-0.88738 -1.77371 
-0.838423 -1.65732 
-0.669366 -1.30287 
0.599275 1.21728 
0.0409692 0.0303022 
-0.00318763 -0.0168822 
-0.667764 -1.30949 
0.794204 1.60132 
-0.0335485 -0.0367653 
0.0146185 0.0257611 
-0.245195 -0.462589 
-0.431966 -0.85409 
-0.212921 -0.470539 
0.229613 0.458495 
-0.732291 -1.48852 
0.247986 0.435899 
-0.336382 -0.659731 
0.702427 1.42109 
-0.664868 -1.34884 
0.640418 1.29718 
-0.367341 -0.776569 
0.839829 1.68553 
0.669062 1.3476 
-0.598938 -1.24722 
-0.812564 -1.65954 
0.0702434 0.114645 
0.364866 0.712489 
0.320757 0.627065 
0.0971649 0.21236 
0.0839019 0.130045 
0.988099 1.95452 
-0.47084 -0.964217 
-0.573068 -1.13281 
0.0713934 0.161861 
0.699 1.35279 
-0.74766 -1.44985 
-0.252624 -0.544973 
0.717467 1.3886 
-0.481047 -0.938068 
0.303778 0.596024 
0.400368 0.752117 
0.0711738 0.148375 
-0.137744 -0.260157 
-0.584858 -1.18234 
-0.100768 -0.162723 
0.154064 0.263251 
0.0377518 0.0493005 
0.542974 1.06039 
0.176498 0.348391 
-0.531809 -1.06154 
0.575782 1.15033 
0.34194 0.645617 
-0.761497 -1.46543 
-0.880568 -1.78104 
-0.0576812 -0.176437 
-0.323034 -0.685689 
0.483524 0.99239 
-0.454422 -0.872186 
-0.896343 -1.80735 
0.308443 0.581001 
0.356893 0.76869 
-0.236319 -0.488842 
0.162349 0.30121 
-0.955782 -1.90888 
-0.719621 -1.41982 
0.417975 0.864378 
0.114623 0.230875 
-0.350635 -0.716527 
0.411819 0.8441 
-0.763058 -1.52058 
-0.220192 -0.457917 
0.669345 1.31986 
-0.936431 -1.86091 
-0.120025 -0.189826 
-0.264278 -0.572848 
0.588981 1.19604 
-0.885127 -1.8037 
-0.917247 -1.84664 
-0.530682 -1.03762 
0.359381 0.714416 
-0.768427 -1.53004 
0.872235 1.74378 
-0.503196 -0.957853 
-0.099416 -0.179615 
-0.646285 -1.28413 
-0.888107 -1.7812 
0.511608 1.02872 
0.0269768 0.000298351 
-0.44866 -0.92263 
-0.0175229 -0.050238 
0.211716 0.375469 
-0.0443879 -0.0723195 
-0.000325729 -0.0334896 
-0.458125 -0.914242 
-0.983806 -1.97943 
-0.107414 -0.187002 
-0.410633 -0.82938 
0.354703 0.707403 
-0.786518 -1.57273 
0.521522 1.05132 
-0.263927 -0.543211 
-0.455799 -0.943907 
0.147309 0.283655 
0.0117873 0.00160892 
0.288585 0.579313 
-0.0898355 -0.209156 
-0.665883 -1.32435 
-0.419315 -0.840717 
-0.774608 -1.57637 
0.606801 1.2357 
-0.127949 -0.234425 
0.740141 1.4925 
0.2963 0.639466 
-0.539441 -1.06731 
0.155241 0.276711 
0.199002 0.44086 
-0.257634 -0.498519 
0.532029 1.05 
0.416432 0.824269 
0.0616438 0.117406 
-0.774894 -1.56665 
0.102154 0.260729 
0.334832 0.596092 
-0.164354 -0.379077 
-0.800562 -1.63256 
-0.216023 -0.422644 
0.451995 0.832429 
0.501968 1.02993 
0.729153 1.46606 
-0.102939 -0.19371 
0.793792 1.56561 
-0.0424572 -0.0350696 
-0.0641624 -0.147496 
-0.660667 -1.31403 
-0.709251 -1.43304 
0.875173 1.75803 
0.431428 0.838278 
0.396945 0.779665 
-0.0571526 -0.149372 
0.592689 1.20883 
-0.164744 -0.316411 
0.400596 0.829426 
0.00198729 0.00515031 
-0.186407 -0.387753 
-0.848248 -1.66732 
0.749337 1.52138 
0.300355 0.623572 
-0.525488 -0.972778 
0.819188 1.60071 
0.84183 1.69257 
0.142604 0.322911 
-0.365976 -0.786692 
-0.53533 -1.04786 
-0.783152 -1.5633 
0.243543 0.517213 
0.784524 1.55168 
0.582557 1.18801 
0.575189 1.13672 
0.444089 0.918228 
-0.302408 -0.572858 
-0.335353 -0.687213 
-0.0569065 -0.10708 
0.617707 1.22302 
0.903869 1.80075 
-0.653868 -1.25306 
0.762949 1.54023 
0.0387935 0.0160763 
-0.453435 -0.928239 
-0.42125 -0.795889 
-0.309075 -0.592655 
-0.605444 -1.2193 
0.870238 1.76728 
-0.532484 -1.11428 
-0.891587 -1.75421 
-0.199197 -0.415783 
-0.424213 -0.886241 
0.217205 0.45688 
-0.0607096 -0.115705 
0.652778 1.27448 
-0.433395 -0.792982 
0.241698 0.487058 
0.10748 0.176309 
0.279173 0.529946 
-0.523083 -1.0439 
0.978731 1.93648 
-0.289803 -0.606078 
-0.515154 -0.978529 
0.221446 0.439674 
-0.87113 -1.70287 
-0.51057 -1.04243 
-0.176176 -0.390606 
-0.252262 -0.473784 
0.234845 0.431036 
0.622946 1.28166 
0.868542 1.75579 
0.335661 0.647986 
-0.216 -0.374322 
0.418618 0.89256 
-0.629659 -1.27297 
-0.122956 -0.230596 
0.0833889 0.165309 
-0.56381 -1.08259 
-0.130689 -0.280757 
0.393997 0.764154 
-0.678575 -1.35103 
-0.160777 -0.304616 
-0.00919888 -0.00172777 
0.741096 1.51474 
0.687551 1.36642 
-0.163436 -0.327092 
0.0362497 0.0224968 
-0.0911365 -0.149919 
0.883466 1.78199 
0.480788 1.01413 
-0.715294 -1.46747 
-0.0549059 -0.0875267 
0.0562844 0.162002 
0.838282 1.67745 
0.367518 0.748971 
0.409876 0.800081 
0.638032 1.32078 
0.0808217 0.18597 
0.000331123 0.0292408 
-0.220327 -0.504601 
-0.839638 -1.66607 
0.242035 0.469634 
-0.316163 -0.636904 
0.540337 1.07372 
0.877055 1.71816 
0.708569 1.3818 
0.802912 1.64146 
-0.738624 -1.4812 
-0.171411 -0.29867 
-0.0278 -0.0439287 
-0.0702145 -0.158159 
0.235038 0.453254 
-0.687019 -1.38389 
0.335971 0.689343 
0.551776 1.03106 
-0.657827 -1.30113 
-0.332892 -0.632656 
0.466191 1.00403 
0.62738 1.22411 
-0.32562 -0.642524 
0.596151 1.22937 
-0.702345 -1.46956 
0.655679 1.31847 
0.891645 1.78255 
-0.957918 -1.92506 
0.367518 0.736459 
-0.736163 -1.43915 
-0.0190718 -0.0360484 
-0.43703 -0.85549 
-0.438836 -0.887607 
-0.392506 -0.76639 
-0.574058 -1.16985 
0.270849 0.543998 
0.68766 1.35927 
-0.547673 -1.12548 
0.19055 0.356683 
-0.705606 -1.37903 
0.23621 0.470963 
-0.445272 -0.939952 
-0.011299 -0.0754364 
-0.930952 -1.8711 
0.32264 0.614967 
-0.560171 -1.1397 
-0.645751 -1.31137 
-0.488305 -1.00626 
0.471592 0.985253 
0.464263 0.894462 
-0.908478 -1.78792 
-0.113315 -0.216531 
0.534596 1.09191 
-0.374319 -0.775161 
-0.147565 -0.239621 
-0.326291 -0.677241 
0.0673548 0.127471 
-0.885111 -1.76639 
-0.56988 -1.10829 
-0.3276 -0.694339 
0.98732 1.96724 
0.30888 0.630244 
-0.300047 -0.53492 
-0.210041 -0.497138 
-0.289339 -0.590591 
-0.149008 -0.275624 
-0.275262 -0.618809 
-0.654908 -1.26713 
-0.40522 -0.84139 
0.40001 0.814316 
0.645763 1.26809 
0.202046 0.392406 
0.381305 0.749988 
0.789942 1.56044 
-0.419908 -0.854333 
0.796469 1.5781 
0.771575 1.51623 
0.698231 1.43209 
-0.0327194 -0.0724581 
0.36618 0.725338 
-0.577888 -1.1322 
0.110548 0.216468 
-0.497653 -0.943954 
0.00699955 0.0392796 
-0.842051 -1.6963 
0.0998745 0.249401 
-0.274216 -0.568696 
0.305344 0.671942 
0.556961 1.08213 
-0.569378 -1.12254 
0.693574 1.40808 
0.12632 0.249784 
0.458625 0.922259 
-0.336947 -0.641788 
0.775705 1.591 
-0.157304 -0.330111 
0.449265 0.852674 
-0.0372963 -0.0475858 
0.165529 0.261904 
-0.025551 -0.0293781 
-0.371231 -0.692189 
-0.767915 -1.49023 
-0.721398 -1.48294 
-0.694887 -1.40566 
-0.474216 -0.940126 
0.296446 0.537262 
-0.649364 -1.34082 
-0.145574 -0.349207 
-0.320287 -0.653364 
0.0509546 0.0754979 
-0.00249654 0.0105978 
-0.485088 -0.987724 
-0.508357 -0.995386 
0.569312 1.13324 
-0.192993 -0.421231 
0.941357 1.87543 
0.0253633 0.0529608 
0.801323 1.61732 
-0.47888 -0.987664 
-0.0576982 -0.0635912 
-0.289584 -0.542542 
-0.190496 -0.386659 
-0.628822 -1.21982 
0.00700825 0.0655647 
-0.131074 -0.222339 
-0.162772 -0.34093 
-0.897201 -1.79071 
-0.199124 -0.42797 
-0.637904 -1.26009 
0.501056 1.02374 
0.872877 1.70665 
-0.875681 -1.73953 
-0.849716 -1.69184 
-0.154201 -0.287665 
-0.539414 -1.02599 
-0.57001 -1.09666 
0.170284 0.312288 
-0.043266 -0.0816884 
-0.895222 -1.76667 
0.959992 1.93243 
-0.803759 -1.59578 
0.319186 0.592933 
-0.4938 -0.958301 
-0.613961 -1.21496 
0.715807 1.45723 
-0.272492 -0.513138 
-0.698714 -1.38753 
0.63444 1.22428 
0.326545 0.680502 
0.779923 1.52547 
0.635215 1.26862 
-0.60379 -1.18359 
-0.0335428 -0.0785512 
-0.139641 -0.282608 
-0.450624 -0.934387 
-0.0618944 -0.0651083 
0.657834 1.27462 
0.578468 1.17659 
-0.62114 -1.23703 
-0.697265 -1.3808 
-0.306711 -0.627037 
0.382075 0.736006 
-0.0712261 -0.09062 
0.374963 0.793584 
0.832025 1.62529 
0.872405 1.71768 
-0.0221906 -0.0657484 
-0.0953252 -0.190467 
0.811977 1.59162 
-0.160191 -0.26448 
-0.769653 -1.51778 
-0.169442 -0.341211 
0.00950396 0.0473335 
-0.346307 -0.661322 
-0.432162 -0.831768 
0.510326 1.06821 
-0.525336 -1.03894 
0.284314 0.562204 
-0.129143 -0.210114 
0.73187 1.47658 
-0.595145 -1.21758 
0.206998 0.420467 
-0.296465 -0.567562 
0.419308 0.842211 
-0.166943 -0.303884 
0.536856 1.04791 
-0.411321 -0.838839 
-0.171703 -0.362531 
0.0594522 0.0909015 
0.935964 1.86769 
-0.972266 -1.92765 
0.535591 1.0246 
0.877803 1.77122 
-0.508969 -1.02679 
0.404772 0.825668 
-0.865656 -1.73383 
-0.900055 -1.81313 
-0.593354 -1.19499 
-0.482698 -0.968275 
0.831594 1.71219 
0.0980241 0.223494 
0.807218 1.62332 
0.789036 1.5903 
-0.217294 -0.444458 
-0.579642 -1.17203 
0.345569 0.712373 
0.341798 0.690768 
-0.327465 -0.62263 
0.561445 1.06417 
0.0579299 0.121385 
0.168814 0.272504 
0.108989 0.251668 
0.473332 0.915452 
0.445454 0.895593 
0.42919 0.852767 
-0.627678 -1.25869 
0.552425 1.1078 
-0.372436 -0.749721 
-0.252608 -0.50767 
0.375737 0.735063 
-0.00211437 0.0245002 
0.927381 1.83268 
-0.540579 -1.04519 
-0.465384 -0.935143 
0.776678 1.5532 
-0.10316 -0.222464 
0.243554 0.458666 
-0.0756109 -0.183921 
-0.668282 -1.28249 
0.84393 1.70372 
0.251449 0.509243 
-0.528369 -1.08657 
0.372098 0.767145 
-0.202829 -0.347657 
0.106474 0.227087 
0.350328 0.693192 
-0.150298 -0.299959 
-0.510848 -1.05923 
-0.0137543 0.0186619 
-0.177681 -0.357602 
0.642746 1.30781 
-0.499132 -1.03505 
0.151196 0.346669 
0.903726 1.83063 
-0.0336406 -0.129952 
-0.902054 -1.79239 
-0.340803 -0.682999 
-0.346856 -0.681149 
0.17962 0.396113 
0.560246 1.09273 
0.928931 1.85878 
-0.515128 -1.0776 
0.128173 0.228396 
0.316132 0.665152 
-0.164136 -0.368345 
0.32804 0.633725 
-0.223768 -0.417012 
-0.339568 -0.653713 
-0.926797 -1.85786 
-0.70206 -1.4042 
0.877913 1.79185 
-0.671267 -1.34334 
-0.00592234 -0.0424377 
0.307758 0.639613 
0.230056 0.465952 
0.0400738 0.0766884 
-0.438921 -0.919726 
0.737222 1.4585 
0.63276 1.27513 
0.602142 1.24647 
0.643044 1.29235 
-0.281824 -0.551162 
0.32207 0.674697 
0.308064 0.572607 
0.0050719 0.0575884 
-0.636367 -1.28105 
0.49507 0.989874 
-0.900565 -1.77236 
-0.837694 -1.68461 
0.640546 1.25502 
-0.145435 -0.297013 
0.419802 0.854476 
-0.816525 -1.62278 
-0.0100887 0.0278973 
0.245692 0.477609 
0.766927 1.53102 
0.44838 0.9281 
0.920652 1.82909 
0.358356 0.734894 
0.239181 0.459722 
0.975623 1.94833 
-0.143845 -0.322923 
-0.488078 -1.03181 
0.679086 1.33803 
0.124492 0.284711 
-0.0202877 -0.110108 
-0.641145 -1.30468 
0.470552 0.946157 
-0.263923 -0.562726 
0.390335 0.77294 
-0.131688 -0.231473 
-0.978726 -1.95324 
0.614088 1.21033 
-0.426676 -0.83094 
0.250512 0.477007 
-0.614679 -1.19617 
0.915061 1.8284 
0.569448 1.09233 
0.429082 0.87518 
-0.691602 -1.38255 
-1.0009 -1.99208 
0.276918 0.594719 
-0.786875 -1.54806 
-0.28288 -0.502437 
0.299143 0.542509 
0.0183874 0.0696362 
0.4798 0.942304 
-0.318018 -0.671075 
0.0518158 0.0518498 
-0.360451 -0.712752 
0.358042 0.70054 
0.274035 0.565759 
-0.830778 -1.66706 
-0.979667 -1.96596 
0.697561 1.42515 
0.821566 1.63842 
0.834681 1.6923 
-0.942193 -1.88829 
0.612188 1.18237 
0.647167 1.28103 
0.629788 1.25859 
0.629102 1.21435 
-0.744167 -1.53263 
-0.849832 -1.70822 
-0.975069 -1.95778 
-0.984262 -1.95612 
0.15498 0.324993 
-0.602111 -1.17187 
-0.535807 -1.09514 
0.787593 1.60435 
-0.95635 -1.93398 
-0.767743 -1.55112 
-0.584149 -1.18988 
-0.181818 -0.343294 
-0.330112 -0.638336 
0.77029 1.56272 
0.142247 0.310035 
-0.465017 -0.905739 
-0.410735 -0.811216 
0.731942 1.4241 
0.27811 0.542628 
0.274283 0.49544 
0.488911 0.964087 
0.306778 0.566294 
-0.152804 -0.27323 
-0.397621 -0.810134 
-0.192194 -0.403652 
-0.461569 -0.932261 
0.404307 0.86023 
-0.687181 -1.3718 
-0.229054 -0.447165 
0.101965 0.181458 
-0.467335 -0.927618 
0.282106 0.548446 
-0.709117 -1.41414 
-0.286002 -0.575183 
-0.766691 -1.56782 
-0.364629 -0.761798 
0.704941 1.38036 
0.77777 1.55957 
0.599212 1.16817 
-0.032464 -0.0664424 
-0.828166 -1.60635 
-0.613965 -1.20795 
0.915386 1.80421 
-0.326366 -0.655295 
0.0573367 0.145305 
0.337992 0.664122 
0.667967 1.33573 
0.403636 0.787976 
-0.00950749 -0.0528426 
0.874739 1.76435 
0.233872 0.443809 
0.945437 1.8981 
-0.343987 -0.649201 
-0.340496 -0.722225 
0.0073926 0.0321721 
-0.880016 -1.76822 
0.0172872 0.0369852 
0.15623 0.351291 
0.788306 1.5773 
-0.062439 -0.0919388 
0.168009 0.34676 
0.48988 0.995855 
-0.132837 -0.25091 
0.221924 0.477198 
-0.800271 -1.60899 
-0.188629 -0.411035 
-0.852837 -1.69927 
-0.0821603 -0.109504 
-0.517463 -1.0492 
-0.465418 -0.949942 
0.841046 1.672 
-0.830851 -1.64236 
-0.588499 -1.16552 
0.82643 1.65663 
-0.190903 -0.36405 
-0.00348421 -0.011178 
-0.724026 -1.45583 
0.52796 1.01884 
0.509782 1.04138 
0.651506 1.31522 
-0.601539 -1.17879 
0.441001 0.922843 
0.214868 0.444993 
0.601768 1.156 
0.13841 0.286611 
0.321583 0.585863 
-0.907374 -1.82483 
-0.641623 -1.26438 
0.154571 0.269773 
-0.816641 -1.63916 
0.112031 0.225485 
0.545987 1.10275 
-0.0682546 -0.189448 
0.792934 1.6198 
-0.40309 -0.758391 
-0.427229 -0.818739 
0.35055 0.721945 
0.652051 1.30452 
-0.252065 -0.521131 
0.58692 1.13289 
0.612739 1.24525 
-0.223027 -0.399991 
-0.680434 -1.39071 
0.519528 1.03028 
-0.42139 -0.875862 
0.416963 0.779014 
-0.272185 -0.502315 
0.861244 1.6868 
0.797906 1.59057 
0.0283642 0.0760344 
-0.87549 -1.77012 
0.811144 1.64683 
0.286124 0.549782 
0.382545 0.77227 
-0.917397 -1.86531 
-0.0534103 -0.134303 
0.246377 0.559387 
-0.141708 -0.266443 
-0.626417 -1.27843 
-0.744935 -1.49087 
-0.618995 -1.2446 
0.316129 0.609593 
0.62093 1.19978 
0.754433 1.49729 
0.191921 0.432653 
-0.0495309 -0.069795 
-0.74251 -1.46638 
0.773161 1.52235 
-0.943876 -1.84296 
-0.216403 -0.408767 
0.480358 0.950879 
-0.160626 -0.335994 
0.440442 0.861464 
0.802418 1.57915 
-0.79384 -1.58994 
-0.184971 -0.362768 
0.707379 1.42413 
0.406901 0.84335 
-0.942603 -1.85593 
0.545071 1.09105 
0.367948 0.762172 
-0.813445 -1.65368 
-0.52638 -1.07379 
0.640912 1.26916 
0.845869 1.68943 
-0.293033 -0.581337 
0.0478979 0.10467 
-0.258393 -0.530572 
0.273203 0.533381 
0.00822365 -0.0132786 
0.798965 1.60992 
-0.762745 -1.52651 
0.188047 0.388921 
-0.209677 -0.448219 
0.457109 0.860906 
0.188186 0.403577 
-0.440898 -0.850666 
0.973029 1.92768 
0.239081 0.443104 
-0.445672 -0.881301 
-0.64641 -1.26424 
-0.579731 -1.15961 
0.457094 0.951481 
0.666503 1.26667 
-0.73264 -1.47511 
-0.716836 -1.45477 
-0.451899 -0.911661 
-0.823261 -1.62488 
0.197575 0.39211 
0.57686 1.19998 
-0.574749 -1.15979 
-0.544423 -1.05461 
-0.342329 -0.695562 
-0.912344 -1.83039 
-0.102563 -0.253388 
0.840717 1.66566 
0.0190199 0.0562657 
-0.0768154 -0.126087 
-0.915436 -1.81877 
0.187062 0.372654 
-0.351053 -0.710446 
-0.634456 -1.26159 
0.906786 1.80697 
0.147845 0.296713 
-0.765409 -1.50445 
-0.07393 -0.169447 
0.506334 1.00534 
-0.304508 -0.646567 
0.223286 0.449053 
0.953204 1.91301 
-0.357754 -0.720017 
-0.233707 -0.503201 
0.260617 0.531584 
-0.622903 -1.29062 
-0.887799 -1.75787 
-0.205419 -0.425367 
-0.430146 -0.799936 
-0.0235819 -0.0969439 
0.518369 0.994313 
-0.510032 -0.989083 
-0.474005 -0.977949 
0.606466 1.20583 
-0.238991 -0.468038 
-0.432919 -0.886092 
0.73424 1.50326 
0.678373 1.3776 
-0.242366 -0.453704 
0.857597 1.7454 
0.644245 1.24152 
-0.38434 -0.750323 
0.0480338 0.0887921 
-0.269787 -0.571947 
0.409649 0.813113 
-0.606369 -1.19472 
-0.213009 -0.392801 
0.350768 0.657603 
-0.274246 -0.540448 
0.579737 1.14284 
0.293392 0.584455 
-0.208645 -0.457679 
-0.925925 -1.83996 
-0.223726 -0.516319 
0.207176 0.470699 
-0.491227 -0.983211 
0.329069 0.668806 
0.467492 0.932283 
0.504433 1.06497 
-0.150324 -0.341277 
0.722837 1.42309 
-0.015797 -0.0920253 
-0.0907896 -0.191107 
-0.758862 -1.49403 
0.563828 1.12265 
-0.0229732 -0.0460242 
0.914875 1.77966 
-0.974907 -1.93234 
0.8441 1.65259 
0.855529 1.72128 
-0.436794 -0.892286 
0.552913 1.07151 
-0.153043 -0.304505 
-0.727152 -1.47153 
-0.648646 -1.32207 
0.407739 0.87148 
0.922442 1.8239 
0.435065 0.866003 
-0.651135 -1.30534 
-0.438888 -0.842365 
-0.178888 -0.380352 
-0.802202 -1.58368 
0.587709 1.17423 
-0.464674 -0.877363 
0.624538 1.23348 
0.0119733 -0.0247283 
0.274282 0.520465 
0.900504 1.79132 
-0.561561 -1.11809 
-0.329266 -0.646484 
0.211194 0.434497 
0.161111 0.306707 
-0.890336 -1.8155 
-0.0494144 -0.115973 
0.638627 1.24957 
-0.131402 -0.291242 
0.390569 0.758413 
-0.6636 -1.295 
-0.403313 -0.777387 
-0.74931 -1.48006 
0.462206 0.927154 
-0.646439 -1.27078 
0.389835 0.802461 
0.208559 0.463097 
0.106647 0.206493 
-0.57254 -1.11825 
0.784149 1.58633 
-0.358638 -0.694641 
-0.809583 -1.64174 
-0.580435 -1.19386 
-0.625744 -1.26599 
-0.0559578 -0.120879 
-0.520105 -1.03162 
-0.473158 -0.998609 
0.0956575 0.177292 
-0.688728 -1.41741 
0.454704 0.894495 
-0.392863 -0.754241 
-0.272304 -0.561746 
0.316529 0.626016 
0.56282 1.10811 
-0.209316 -0.32698 
0.306254 0.622567 
-0.142438 -0.254424 
0.721931 1.44044 
0.759993 1.49844 
0.887657 1.75022 
-0.225885 -0.427925 
0.674879 1.37004 
-0.565594 -1.16924 
0.173538 0.363647 
0.828988 1.64722 
-0.402818 -0.827684 
-0.380637 -0.745804 
0.497447 1.00255 
0.409733 0.85499 
-0.0887305 -0.118191 
0.260626 0.520332 
-0.270752 -0.582939 
-0.12587 -0.268846 
0.428768 0.903389 
-0.0778135 -0.176903 
0.0591283 0.155387 
0.0227426 0.0660598 
0.286567 0.594777 
-0.856136 -1.73191 
0.250403 0.484154 
0.670114 1.38096 
0.688017 1.39717 
-0.248102 -0.502333 
-0.778903 -1.55422 
0.692549 1.37851 
0.0483585 0.127161 
0.391521 0.78766 
0.599726 1.22324 
0.0868829 0.172868 
-0.067503 -0.130875 
0.162979 0.335135 
0.549567 1.14243 
-0.576799 -1.09106 
-0.524859 -1.05422 
0.529355 1.05554 
0.0493362 0.0698471 
-0.106517 -0.180584 
0.560156 1.14269 
-0.22432 -0.479885 
-0.0142307 -0.0411323 
0.675107 1.34725 
0.0815468 0.203224 
0.994956 1.98127 
-0.557129 -1.09081 
-0.042132 -0.0467506 
-0.306459 -0.601505 
0.0021039 -0.0535398 
-0.808205 -1.63258 
0.288759 0.558719 
0.615015 1.23855 
0.0740106 0.143253 
0.627199 1.28373 
0.119953 0.229792 
-0.63497 -1.30415 
-0.678062 -1.36126 
-0.379179 -0.787864 
0.585694 1.14515 
-0.813804 -1.64428 
0.84907 1.7082 
0.038616 0.0937235 
-0.133621 -0.258965 
0.591912 1.17425 
0.329819 0.712112 
-0.969238 -1.93833 
0.526018 1.1027 
0.270817 0.506929 
-0.0279659 -0.0623659 
0.078809 0.12211 
-0.377144 -0.816074 
-0.324342 -0.700032 
0.608711 1.22738 
0.416233 0.868862 
-0.267332 -0.513142 
0.182595 0.327818 
-0.882069 -1.79258 
0.708567 1.4416 
-0.557312 -1.04645 
0.584464 1.12413 
-0.536309 -1.05586 
0.0154258 0.0446006 
-0.69032 -1.34421 
0.52726 1.00261 
0.932715 1.84962 
-0.589295 -1.18035 
-0.0197847 -0.0215085 
-0.343362 -0.636053 
-0.172775 -0.351109 
-0.317733 -0.593207 
-0.750968 -1.50877 
-0.632562 -1.2947 
0.151654 0.226014 
0.820615 1.67449 
-0.965569 -1.9361 
-0.0599791 -0.102699 
0.355562 0.681 
0.000834763 0.0427663 
1.00143 1.9816 
-0.412071 -0.869632 
-0.140495 -0.247942 
-0.0301757 -0.0538538 
0.0317374 0.00889629 
0.34399 0.70476 
0.0494931 0.0995364 
0.56538 1.16402 
-0.818272 -1.61405 
-0.161299 -0.2581 
-0.24655 -0.563818 
0.418793 0.812158 
0.989449 1.97241 
-0.715475 -1.40784 
0.752077 1.49264 
0.15088 0.334585 
-0.28676 -0.566945 
-0.570767 -1.15098 
-0.0060241 -0.049298 
0.706108 1.35227 
-0.431151 -0.836745 
-0.580985 -1.1789 
0.349544 0.672624 
0.395144 0.793349 
0.674828 1.3805 
-0.179017 -0.303407 
0.419712 0.801581 
0.0875813 0.186341 
-0.868105 -1.7566 
0.429129 0.809162 
-0.417695 -0.819799 
0.077576 0.173408 
-0.657673 -1.27695 
-0.461178 -0.879561 
-0.420918 -0.911918 
-0.491213 -0.948662 
-0.253063 -0.45658 
0.978277 1.96255 
-0.665506 -1.35625 
-0.452685 -0.947496 
0.862426 1.73355 
-0.853309 -1.72577 
-0.82146 -1.66359 
0.0657593 0.15763 
-0.168249 -0.327985 
0.762443 1.52395 
0.779751 1.54882 
-0.863943 -1.71983 
0.620642 1.21925 
-0.277267 -0.58131 
0.603072 1.18986 
0.440155 0.830891 
0.103322 0.222879 
-0.783072 -1.57698 
-0.859917 -1.69221 
0.81502 1.63076 
0.295965 0.597082 
0.354233 0.746214 
-0.785196 -1.5864 
-0.193161 -0.379861 
0.096895 0.234357 
0.189581 0.42777 
-0.614186 -1.2242 
0.959993 1.89489 
0.234016 0.479241 
0.692658 1.37136 
-0.141526 -0.351094 
-0.826568 -1.61848 
0.704827 1.40427 
0.114963 0.191181 
0.520757 1.06106 
-0.856926 -1.71069 
-0.513584 -0.984689 
0.515559 1.07829 
-0.18705 -0.34086 
-0.651799 -1.35406 
0.254338 0.471392 
-0.0690963 -0.148012 
-0.232829 -0.436742 
-0.627959 -1.20317 
-0.114559 -0.244323 
-0.741747 -1.45385 
0.921981 1.87648 
0.326677 0.646603 
0.869282 1.73252 
-0.857941 -1.69871 
-0.225694 -0.471023 
0.299145 0.557776 
0.17339 0.322706 
0.372404 0.775214 
-0.00856484 0.0126812 
0.377614 0.777263 
-0.726032 -1.48365 
0.632867 1.30276 
-0.0179413 -0.00661972 
-0.0984583 -0.204667 
0.77307 1.56955 
-0.103851 -0.199894 
-0.423611 -0.871364 
-0.392989 -0.812177 
-0.0165975 -0.0623094 
-0.809156 -1.62154 
0.200691 0.341227 
0.688509 1.35388 
0.442902 0.888241 
-0.621494 -1.21937 
0.562392 1.09767 
0.111737 0.183894 
0.204764 0.352879 
-0.47965 -0.973683 
0.744168 1.5479 
-0.175502 -0.325355 
0.225047 0.437332 
0.557948 1.0511 
0.474464 0.97266 
-0.14468 -0.270469 
-0.217778 -0.452708 
0.616585 1.23239 
-0.312607 -0.570473 
0.11331 0.245805 
0.659593 1.33521 
-0.391878 -0.775511 
-0.0141915 -0.0305819 
-0.42076 -0.829425 
0.31154 0.590159 
-0.79205 -1.59512 
-0.814924 -1.63216 
0.244768 0.504947 
-0.634525 -1.26892 
0.593643 1.2158 
-0.00664799 0.00286991 
0.39996 0.774726 
0.864243 1.74466 
0.148192 0.305574 
0.553008 1.09237 
0.563821 1.0741 
0.150576 0.316759 
-0.257423 -0.486292 
-0.124612 -0.28158 
-0.736198 -1.46922 
-0.5556 -1.12279 
0.658934 1.30727 
-0.540339 -1.03894 
0.0282586 0.101202 
-0.692267 -1.3562 
-0.345416 -0.625631 
0.863039 1.71491 
-0.0715065 -0.097662 
0.0815938 0.137206 
0.834433 1.65977 
-0.774541 -1.50924 
0.603368 1.2217 
-0.450565 -0.868512 
-0.599017 -1.20576 
0.866599 1.76182 
-0.0426178 -0.0577555 
-0.723564 -1.4431 
0.848164 1.65047 
-0.264952 -0.522733 
0.115168 0.257705 
-0.0263222 -0.0932259 
-0.516801 -1.00323 
-0.298878 -0.635332 
0.196802 0.350533 
-0.328794 -0.707565 
0.414095 0.84992 
-0.888687 -1.80056 
0.311286 0.661972 
0.754097 1.52998 
0.893733 1.79944 
0.118247 0.264343 
-0.543533 -1.07172 
0.594878 1.19229 
-0.0604382 -0.0974104 
-0.36782 -0.726506 
-0.0758984 -0.189468 
0.716849 1.42401 
0.68063 1.40592 
-0.231068 -0.513779 
0.142004 0.248226 
0.49726 0.963574 
-0.459363 -0.908745 
-0.80166 -1.62492 
0.499132 0.997511 
-0.65579 -1.28905 
0.641247 1.32405 
-0.119516 -0.243111 
-0.117259 -0.255079 
0.779256 1.5741 
-0.376005 -0.735335 
-0.755754 -1.48086 
-0.368349 -0.741058 
-0.331852 -0.681148 
0.68717 1.38029 
-0.156809 -0.292821 
-0.183232 -0.422811 
0.529665 1.08439 
0.681197 1.35319 
-0.0274439 -0.108882 
-0.133724 -0.306117 
0.871565 1.71182 
-0.0485986 -0.0458233 
0.401864 0.758145 
-0.624415 -1.25612 
0.801959 1.57192 
0.830347 1.65386 
-0.171428 -0.388778 
0.743749 1.46364 
0.639645 1.28063 
-0.189856 -0.376498 
-0.542822 -1.11404 
-0.28094 -0.526489 
-0.179231 -0.333655 
-0.100655 -0.276972 
0.228185 0.509845 
0.503425 0.9726 
0.733762 1.44072 
-0.536046 -1.07636 
-0.168111 -0.353621 
-0.295139 -0.61326 
0.267085 0.495874 
0.42222 0.815144 
-0.707514 -1.39298 
-0.207306 -0.381241 
-0.539719 -1.08411 
-0.503849 -1.01507 
0.0914651 0.156259 
-0.356941 -0.705426 
-0.221455 -0.428422 
0.831126 1.64114 
0.0937444 0.167588 
0.931883 1.82975 
0.339432 0.669591 
-0.920043 -1.82822 
-0.640266 -1.3133 
0.892138 1.80458 
-0.932404 -1.85831 
0.818802 1.64387 
0.670483 1.31026 
-0.387043 -0.763834 
0.0829133 0.208368 
0.555576 1.112 
-0.375776 -0.758125 
-0.383732 -0.802257 
-0.178308 -0.310943 
0.206818 0.392506 
0.0657878 0.164165 
0.0376697 0.035203 
-0.582261 -1.16869 
-0.164617 -0.396111 
0.271753 0.548922 
-0.604627 -1.22423 
0.326656 0.62606 
0.399569 0.784588 
-0.683532 -1.38735 
-0.651501 -1.28193 
-0.0592622 -0.161779 
0.132704 0.297321 
0.15354 0.294499 
-0.493028 -0.969528 
0.193829 0.384044 
-0.358285 -0.649737 
-0.186336 -0.352646 
-0.105484 -0.215069 
-0.712318 -1.44542 
-0.495838 -0.985651 
0.344121 0.680619 
0.854795 1.7403 
-0.0740214 -0.134756 
0.790166 1.5419 
0.13375 0.207044 
-0.661208 -1.33536 
-0.783672 -1.52654 
0.8541 1.68229 
-0.64029 -1.29906 
-0.424345 -0.852342 
0.715223 1.44487 
-0.503205 -0.984138 
0.782125 1.54348 
0.465254 0.946772 
-0.671458 -1.33778 
-0.373615 -0.728399 
-0.517751 -1.06726 
-0.839567 -1.64347 
-0.581527 -1.11263 
-0.835194 -1.64453 
-0.161084 -0.315439 
0.569118 1.17358 
0.507168 1.02796 
-0.0200584 0.0200048 
0.423967 0.831436 
-0.498019 -1.00814 
0.247374 0.519861 
-0.47596 -0.925884 
-0.448938 -0.899138 
-0.0492431 -0.089272 
-0.257626 -0.512525 
0.918031 1.81716 
0.945675 1.91411 
0.907317 1.79925 
-0.406141 -0.771005 
0.338806 0.719004 
0.54458 1.0843 
-0.919889 -1.84157 
0.005835 0.0200766 
0.51699 1.06999 
-0.969528 -1.94664 
0.049686 0.109242 
0.639109 1.2926 
-0.0637964 -0.120848 
-0.120137 -0.25075 
0.173252 0.398391 
-0.679705 -1.36794 
0.286115 0.536009 
0.0762135 0.11121 
0.536123 1.11974 
0.860481 1.72431 
-0.872019 -1.76083 
-0.0136987 -0.00855884 
-0.659734 -1.3276 
-0.377891 -0.778796 
-0.389574 -0.788181 
-0.0763363 -0.163638 
-0.62303 -1.24846 
0.201273 0.400878 
0.860658 1.69672 
-0.7454 -1.50636 
0.19767 0.362928 
0.407845 0.821287 
0.635093 1.28151 
0.101125 0.238161 
0.2145 0.465639 
0.495427 0.977725 
0.911674 1.82345 
-0.761666 -1.5144 
-0.293567 -0.604153 
-0.481623 -0.924138 
-0.348735 -0.65103 
-0.864162 -1.75834 
0.916195 1.85083 
0.581303 1.1562 
0.610591 1.15973 
-0.778836 -1.58993 
-0.252319 -0.486855 
-0.531465 -1.04292 
0.0105599 0.0236332 
0.572343 1.15309 
0.358704 0.721484 
-0.364062 -0.699158 
-0.957727 -1.91811 
-0.505216 -1.00771 
-0.300293 -0.577213 
0.258802 0.485694 
0.662287 1.34746 
-0.339063 -0.715262 
-0.467375 -0.913144 
0.0609862 0.142262 
-0.165975 -0.287383 
0.58556 1.16379 
0.811267 1.61167 
-0.243262 -0.485147 
-0.0323928 -0.031335 
0.352959 0.734157 
0.386061 0.73781 
0.892242 1.77665 
0.442762 0.873585 
0.613302 1.26208 
-0.182082 -0.400619 
-0.952281 -1.87779 
0.527656 1.05106 
0.389174 0.796783 
-0.791569 -1.57987 
0.104896 0.247253 
-0.433971 -0.906932 
-0.342492 -0.658441 
-0.736911 -1.45468 
-0.471558 -0.982966 
-0.674464 -1.33158 
-0.860402 -1.70321 
0.0194758 0.00793089 
-0.442682 -0.812192 
0.535772 1.04005 
-0.794262 -1.56434 
-0.867682 -1.72939 
0.886415 1.76272 
0.0754266 0.213012 
0.206558 0.431031 
-0.941938 -1.88228 
0.713905 1.45154 
-0.0834904 -0.197194 
-0.36941 -0.713109 
-0.0274719 0.0249737 
0.366799 0.689931 
0.000188702 -0.0284616 
-0.621566 -1.24196 
0.627559 1.26183 
-0.304025 -0.588224 
-0.205374 -0.432066 
0.271729 0.574699 
0.825492 1.62058 
-0.125213 -0.272663 
0.72334 1.45157 
-0.355613 -0.687082 
0.714868 1.43677 
0.437495 0.885673 
0.438523 0.83881 
0.438892 0.868752 
0.584109 1.15885 
-0.425117 -0.829642 
0.0937588 0.214224 
0.264233 0.479703 
0.0970397 0.203808 
0.484807 0.993195 
0.976577 1.9428 
-0.514727 -1.0334 
-0.0949786 -0.194119 
0.946688 1.87435 
-0.775153 -1.51562 
-0.246701 -0.532439 
0.334644 0.694749 
-0.396389 -0.761332 
-0.0583192 -0.146305 
-0.666479 -1.35598 
-0.447932 -0.887354 
0.535907 1.07422 
0.296161 0.62481 
0.177868 0.396582 
-0.804095 -1.62565 
0.998679 1.99106 
0.890381 1.75924 
-0.70779 -1.44457 
-0.171096 -0.339391 
-0.633391 -1.32156 
0.0488215 0.089844 
-0.56043 -1.11369 
0.553901 1.11831 
0.214622 0.427725 
0.0739106 0.139147 
-0.452104 -0.887355 
-0.377397 -0.787745 
0.0057974 0.0410398 
-0.287874 -0.543314 
-0.213167 -0.443704 
0.0279135 0.0330235 
0.52952 1.02491 
0.604227 1.22413 
-0.486079 -1.02703 
0.000188702 0.0711477 
-0.265204 -0.506992 
0.591885 1.15472 
0.517178 1.05511 
0.00310861 0.0546092 
-0.0715984 -0.14461 
0.394799 0.803489 
-0.222914 -0.530487 
-0.372328 -0.729706 
-0.713395 -1.40522 
0.587289 1.13677 
0.512582 1.03717 
0.509584 0.977096 
0.584291 1.17631 
0.326406 0.695762 
0.0984205 0.173983 
0.926529 1.85385 
0.325882 0.618776 
0.251175 0.519166 
0.330536 0.655829 
-0.201469 -0.359238 
0.177253 0.332263 
-0.0234538 -0.053263 
-0.0254075 -0.0401359 
-0.202168 -0.420803 
0.972132 1.93441 
0.707146 1.43196 
-0.0556503 -0.0871027 
-0.609669 -1.2536 
0.24709 0.503095 
0.406378 0.836915 
0.481085 0.936524 
0.456753 0.925391 
-0.633957 -1.22412 
-0.55925 -1.12451 
-0.148933 -0.296601 
-0.0738176 -0.127852 
0.0755965 0.0713671 
-0.761264 -1.51162 
-0.594907 -1.17428 
-0.5202 -1.07467 
-0.116569 -0.311047 
-0.116569 -0.211437 
-0.041862 -0.111828 
-0.189886 -0.406848 
-0.295361 -0.580067 
-0.370068 -0.679676 
-0.820285 -1.67028 
0.172141 0.334981 
-0.337155 -0.657692 
-0.191713 -0.377629 
-0.26642 -0.576848 
0.0287268 0.0334018 
0.349225 0.666759 
0.741424 1.449 
0.665126 1.35297 
0.590419 1.15375 
0.418379 0.846399 
0.569846 1.11898 
0.495139 1.01937 
-0.341701 -0.706488 
-0.416408 -0.806097 
0.132732 0.209844 
-0.0967066 -0.220678 
-0.0219996 -0.021459 
0.0595256 0.0974189 
0.148473 0.266729 
0.146815 0.266168 
-0.0716148 -0.14435 
0.00309226 -0.044741 
-0.495894 -0.97474 
-0.570601 -1.17396 
-0.499642 -0.976101 
-0.574349 -1.17532 
0.396818 0.805971 
0.467944 0.90274 
0.542651 1.10196 
0.863962 1.75405 
0.938669 1.85366 
-0.821087 -1.64123 
-0.514565 -1.01892 
-0.764035 -1.5336 
-0.804148 -1.62282 
-0.822372 -1.62369 
0.503422 1.00595 
0.293258 0.608397 
0.341566 0.710424 
0.468539 0.979442 
0.750453 1.46806 
-0.402672 -0.883997 
-0.552086 -1.08322 
-0.583292 -1.21761 
0.867798 1.71636 
0.512636 1.03421 
0.587343 1.13382 
0.583518 1.17684 
0.84055 1.69397 
0.328636 0.665264 
0.548567 1.09203 
0.327958 0.661921 
0.160632 0.296409 
-0.660924 -1.34042 
-0.872089 -1.69585 
0.42237 0.826894 
0.347663 0.627675 
-0.326118 -0.678127 
-0.760362 -1.47645 
-0.613637 -1.17069 
-0.613637 -1.2703 
-0.688344 -1.36991 
-0.685047 -1.37788 
-0.457575 -0.863196 
0.0507291 0.136876 
0.122236 0.234777 
0.75375 1.46019 
0.28138 0.49561 
0.28138 0.59522 
0.356087 0.694829 
0.267497 0.495085 
0.342204 0.694303 
0.251365 0.504579 
0.250929 0.519481 
-0.307401 -0.616344 
-0.227716 -0.414699 
-0.24182 -0.460495 
-0.235303 -0.471331 
0.767869 1.54259 
-0.461235 -0.909534 
-0.386528 -0.809924 
0.393887 0.759934 
0.31918 0.660325 
0.40473 0.804339 
0.479437 0.903948 
0.45325 0.913229 
-0.487218 -0.964059 
0.939738 1.87905 
0.186009 0.365306 
-0.383624 -0.780644 
0.68529 1.41968 
-0.384032 -0.715455 
-0.384032 -0.815064 
-0.458739 -0.914674 
-0.0722654 -0.145962 
-0.146972 -0.345181 
0.758618 1.55362 
0.683911 1.3544 
-0.143368 -0.288643 
0.0915532 0.190643 
-0.583417 -1.197 
-0.725862 -1.48846 
0.37909 0.717743 
0.417417 0.852559 
-0.503384 -1.02675 
0.697857 1.41074 
0.0698552 0.176332 
-0.00485186 -0.0228872 
0.185193 0.369741 
0.50204 1.01125 
-0.145735 -0.313065 
-0.0318604 -0.0325645 
-0.0109751 -0.036578 
0.240301 0.481401 
0.548749 1.09959 
-0.682586 -1.3909 
-0.0978381 -0.176894 
-0.247334 -0.522313 
-0.322041 -0.621922 
-0.600357 -1.1908 
-0.294708 -0.602196 
0.681451 1.32265 
0.756158 1.52187 
-0.00855526 -0.041152 
-0.413466 -0.89009 
-0.413466 -0.79048 
-0.338759 -0.690871 
-0.138159 -0.218498 
0.177192 0.315574 
0.102485 0.215964 
-0.209074 -0.44261 
-0.185142 -0.398247 
-0.110435 -0.199028 
0.379886 0.728013 
-0.853099 -1.73808 
0.10603 0.207607 
0.606145 1.23172 
-0.751627 -1.53623 
-0.934159 -1.87262 
0.228124 0.429682 
0.302831 0.628901 
-0.359398 -0.697935 
-0.704438 -1.38308 
-0.779145 -1.5823 
-0.260763 -0.578549 
-0.260763 -0.47894 
-0.186056 -0.37933 
-0.66086 -1.32698 
0.305749 0.577528 
-0.393922 -0.796474 
0.621375 1.23826 
0.880397 1.79139 
0.646336 1.30359 
-0.451123 -0.930381 
-0.52583 -1.02999 
0.793263 1.57982 
-0.436198 -0.869351 
-0.446616 -0.901667 
0.474726 0.97229 
-0.938539 -1.86129 
-0.0583192 -0.0466958 
0.530531 1.08913 
0.7797 1.57229 
0.854407 1.67189 
-0.386001 -0.78828 
0.712489 1.37805 
-0.310431 -0.547469 
-0.310431 -0.647078 
-0.385138 -0.746688 
-0.465181 -0.912644 
-0.539888 -1.11186 
-0.0356908 -0.0590796 
0.628869 1.26427 
0.136966 0.26361 
0.211673 0.36322 
-0.605185 -1.20404 
-0.530478 -1.00483 
-0.165631 -0.336218 
0.576252 1.10274 
0.650959 1.30196 
-0.665249 -1.3387 
-0.594139 -1.20629 
0.425951 0.854957 
0.0463983 0.0963774 
-0.528844 -1.08609 
0.120378 0.243998 
0.573897 1.1184 
0.302682 0.560104 
0.302682 0.659714 
0.377389 0.759323 
-0.218119 -0.462084 
-0.143412 -0.262865 
0.0456099 0.0707906 
0.184404 0.395514 
-0.965128 -1.90264 
-0.143019 -0.252493 
-0.217726 -0.451711 
0.554391 1.10599 
0.124403 0.236708 
0.0292815 0.0355408 
-0.157383 -0.284915 
-0.0449103 -0.0878758 
-0.821824 -1.60916 
-0.747117 -1.50955 
-0.0744436 -0.174965 
-0.149151 -0.274575 
0.611025 1.1763 
0.94519 1.91463 
0.870483 1.71542 
-0.345727 -0.716547 
-0.821861 -1.60867 
-0.896568 -1.80789 
0.221366 0.424596 
0.542648 1.06883 
0.467941 0.969218 
0.260584 0.54083 
0.185877 0.341611 
0.292348 0.597521 
-0.153795 -0.34683 
-0.0790881 -0.147612 
0.262834 0.466484 
-0.572317 -1.14004 
-0.647024 -1.23965 
0.769445 1.53284 
0.694738 1.43323 
0.455361 0.878907 
0.380654 0.779297 
-0.343572 -0.657547 
-0.268865 -0.557938 
0.680096 1.3477 
-0.265308 -0.555742 
-0.376404 -0.752248 
-0.138355 -0.313342 
0.712898 1.46154 
-0.121791 -0.236907 
-0.196498 -0.336517 
-0.326013 -0.631606 
-0.313112 -0.693881 
0.23651 0.433721 
0.725287 1.41156 
0.73849 1.48946 
-0.553806 -1.10622 
-0.479099 -0.906999 
0.740569 1.44801 
-0.0265294 -0.000333785 
-0.0352576 -0.111558 
-0.184672 -0.310777 
-0.0980261 -0.204958 
-0.250685 -0.485172 
0.0714682 0.169984 
-0.246082 -0.539577 
-0.564087 -1.13369 
-0.747986 -1.48227 
-0.424504 -0.827267 
0.0660966 0.12983 
0.378896 0.81236 
-0.89582 -1.80977 
-0.472088 -0.933976 
0.189218 0.346205 
-0.366717 -0.758706 
0.825276 1.62015 
-0.521179 -1.0067 
0.371942 0.778238 
0.446649 0.877847 
0.400582 0.766119 
-0.189691 -0.423868 
-0.264398 -0.523477 
-0.528558 -1.03194 
-0.603266 -1.23116 
-0.644812 -1.31011 
-0.685918 -1.39382 
0.817723 1.59471 
0.485723 0.964106 
0.411016 0.864497 
-0.341775 -0.708743 
0.936698 1.86167 
0.260781 0.551001 
-0.263884 -0.543398 
-0.338591 -0.742617 
0.0921896 0.232341 
0.0921896 0.132732 
0.0174826 0.0331227 
0.413507 0.835865 
0.425901 0.895486 
0.351193 0.696267 
0.438874 0.898648 
0.513581 0.998257 
0.607432 1.17457 
0.362901 0.694242 
0.175987 0.384272 
-0.67284 -1.33944 
0.651983 1.33001 
-0.779639 -1.54665 
0.367111 0.737777 
0.441818 0.936996 
-0.488574 -0.972243 
-0.671242 -1.33858 
-0.645847 -1.2698 
-0.154535 -0.388242 
-0.417592 -0.854198 
0.0330217 0.0425167 
0.130982 0.3011 
-0.858528 -1.72701 
0.211495 0.394388 
0.0959328 0.164565 
-0.0696543 -0.112528 
-0.862826 -1.70275 
-0.976445 -1.9543 
-0.535988 -1.04319 
0.0424395 0.103476 
-0.41789 -0.78749 
-0.244758 -0.490094 
0.285607 0.555991 
-0.973529 -1.95199 
-0.629256 -1.29221 
-0.166348 -0.324552 
-0.911428 -1.80809 
-0.113102 -0.275523 
0.029514 0.0881529 
-0.535052 -1.07161 
0.275573 0.525076 
0.070307 0.12425 
-0.187005 -0.372605 
-0.736434 -1.47942 
-0.369614 -0.726595 
-0.984724 -1.98077 
-0.0701292 -0.182196 
0.804152 1.62822 
0.790039 1.55113 
0.0210237 0.0641293 
0.202646 0.318448 
0.00339587 -0.000864449 
0.0754688 0.120566 
0.0742591 0.201968 
0.155181 0.354994 
0.00263046 0.00149421 
-0.842041 -1.70444 
-0.799339 -1.57333 
-0.795374 -1.56935 
-0.639493 -1.27129 
-0.897242 -1.77629 
-0.899527 -1.77955 
-0.844833 -1.67131 
-0.881958 -1.77125 
-0.664495 -1.28751 
0.0783596 0.112243 
-0.407534 -0.787003 
-0.58817 -1.14562 
0.218539 0.46455 
0.311409 0.602791 
0.688982 1.38112 
-0.725537 -1.45208 
0.827703 1.66417 
0.364235 0.739684 
0.544393 1.06728 
0.597738 1.19726 
0.538983 1.034 
0.641619 1.25838 
0.717119 1.48667 
0.566618 1.14751 
0.547861 1.12882 
-0.350761 -0.737729 
0.348419 0.726909 
0.431309 0.893493 
0.190848 0.406189 
0.189825 0.380268 
0.142721 0.276292 
-0.0981398 -0.15347 
0.101171 0.224335 
-0.278562 -0.592976 
-0.179186 -0.369329 
0.236235 0.460087 
0.0433248 0.104221 
0.559796 1.05027 
-0.352199 -0.681184 
0.748605 1.51829 
-0.876692 -1.73498 
-0.801057 -1.58918 
0.460602 0.952192 
0.169445 0.376687 
0.260109 0.540925 
-0.441291 -0.840568 
-0.398385 -0.833878 
0.445108 0.862683 
0.0639407 0.162032 
-0.0556986 -0.0973517 
-0.0563933 -0.0950306 
-0.226725 -0.422479 
0.878279 1.73781 
-0.624477 -1.1991 
-0.623813 -1.19959 
-0.942093 -1.91443 
-0.710472 -1.41568 
0.112362 0.196279 
0.79725 1.61916 
-0.962194 -1.93383 
0.847101 1.71363 
-0.503684 -1.04049 
-0.676786 -1.34523 
-0.776506 -1.57524 
0.398861 0.794619 
-0.504095 -0.998582 
-0.380715 -0.778654 
-0.29505 -0.577689 
-0.945238 -1.89252 
-0.926676 -1.81771 
0.896337 1.79591 
0.734164 1.49238 
-0.800339 -1.55949 
-0.561989 -1.15808 
-0.322349 -0.709093 
0.859044 1.69524 
-0.910226 -1.83293 
0.318193 0.648104 
-0.460902 -0.887861 
-0.288982 -0.547516 
-0.204389 -0.398219 
0.209061 0.418166 
-0.714577 -1.40401 
-0.532834 -1.10483 
0.437736 0.902567 
0.595341 1.20214 
-0.472372 -0.971808 
-0.829448 -1.68912 
-0.740406 -1.50535 
-0.741811 -1.50501 
-0.615352 -1.20608 
0.12128 0.219765 
0.150717 0.343459 
0.642581 1.28123 
0.195404 0.430123 
0.820402 1.63991 
0.819273 1.64522 
0.659988 1.32259 
0.22611 0.410273 
-0.790553 -1.60612 
-0.223493 -0.418414 
-0.11699 -0.176798 
0.990178 1.96973 
0.655084 1.29875 
0.65444 1.30081 
-0.273607 -0.51706 
0.0370898 0.0479825 
0.413966 0.76974 
-0.886381 -1.79143 
-0.722256 -1.4377 
0.710278 1.42325 
0.370339 0.670638 
-0.548085 -1.05986 
-0.00761511 -0.0616027 
-0.224828 -0.411852 
-0.165442 -0.302231 
-0.59472 -1.17022 
-0.592511 -1.1719 
-0.102799 -0.251689 
0.217414 0.433935 
0.613877 1.18139 
-0.648695 -1.30419 
-0.406294 -0.831778 
-0.183206 -0.351038 
-0.523203 -1.05015 
-0.782652 -1.54077 
0.175679 0.359895 
-0.12293 -0.242274 
-0.125263 -0.240732 
-0.294531 -0.537431 
0.8027 1.59819 
0.754299 1.50994 
0.304483 0.614806 
0.304093 0.625245 
-0.895537 -1.75025 
-0.398055 -0.762042 
-0.230985 -0.442849 
-0.853237 -1.72091 
-0.705388 -1.42142 
0.413763 0.779246 
-0.221671 -0.423971 
-0.263713 -0.500911 
-0.500754 -0.955143 
-0.43903 -0.91099 
-0.56985 -1.11502 
0.390848 0.740603 
0.0820309 0.156357 
-0.0745494 -0.102992 
-0.0702882 -0.108816 
0.0850582 0.189489 
0.959734 1.92103 
-0.695318 -1.4448 
-0.0571193 -0.13752 
0.0473066 0.131949 
0.351675 0.760712 
0.685789 1.37551 
0.232233 0.498436 
0.776501 1.51512 
0.608351 1.21245 
0.439032 0.825883 
0.289147 0.575699 
0.731292 1.39024 
-0.836562 -1.63763 
-0.289335 -0.549402 
-0.30059 -0.548955 
-0.320294 -0.649113 
-0.31164 -0.649779 
-0.744223 -1.46821 
-0.637519 -1.26634 
-0.263173 -0.589573 
-0.280213 -0.571479 
-0.420613 -0.873149 
-0.481942 -0.953857 
-0.478573 -0.956435 
0.322259 0.638606 
0.0993727 0.140393 
0.262221 0.538124 
0.153161 0.296563 
0.29666 0.543919 
-0.124293 -0.2439 
-0.244666 -0.544799 
-0.438159 -0.843624 
-0.213191 -0.376107 
-0.168526 -0.348052 
-0.308104 -0.642806 
0.513023 1.0306 
-0.0698891 -0.166915 
0.401899 0.828316 
0.161705 0.320853 
-0.122164 -0.26508 
-0.116883 -0.266964 
-0.0464714 -0.0317834 
-0.358741 -0.659933 
-0.870369 -1.75642 
-0.19139 -0.441991 
-0.381695 -0.757228 
0.634296 1.22915 
0.881027 1.77387 
0.933147 1.83588 
-0.635393 -1.26114 
-0.485544 -0.990994 
-0.0854495 -0.212606 
-0.316463 -0.600829 
0.14997 0.298037 
-0.000203915 0.00109818 
-0.0762048 -0.128305 
-0.0328005 -0.0780113 
-0.410221 -0.826426 
-0.0558594 -0.117606 
0.0561567 0.116053 
-0.43844 -0.821307 
0.565529 1.15583 
0.634935 1.25437 
0.610303 1.25273 
0.103816 0.25071 
0.0614488 0.152772 
-0.148792 -0.335409 
0.0195697 0.0547235 
0.34823 0.651935 
0.70194 1.39398 
0.236805 0.507482 
0.532651 1.05391 
0.424349 0.875614 
-0.0125811 -0.00795816 
0.0478111 0.0651687 
-0.0896645 -0.135101 
-0.0919376 -0.133034 
-0.296237 -0.629707 
-0.44751 -0.927198 
-0.760586 -1.50485 
-0.788303 -1.60569 
-0.697437 -1.40562 
-0.694044 -1.40959 
0.904286 1.76163 
0.728945 1.43564 
0.166485 0.34079 
0.387416 0.837636 
0.475589 0.940349 
0.476983 0.938664 
0.0743557 0.177694 
0.0693635 0.182474 
0.797222 1.57621 
0.495768 0.982528 
0.616134 1.27522 
0.284615 0.619878 
0.522777 1.0721 
0.781815 1.5927 
0.600414 1.19434 
0.453419 0.896405 
0.098631 0.278454 
0.173633 0.27347 
-0.580562 -1.16005 
-0.648409 -1.28164 
-0.232316 -0.481776 
-0.618978 -1.22478 
-0.611326 -1.22647 
0.859544 1.73298 
0.895779 1.77446 
0.786108 1.55461 
0.790073 1.55449 
0.841102 1.66524 
0.891232 1.75329 
0.137218 0.320701 
0.142427 0.321459 
0.251396 0.465034 
0.250961 0.466949 
0.196759 0.453127 
0.66122 1.31817 
0.3259 0.594631 
0.273751 0.547947 
0.224801 0.448925 
0.00507685 0.00581391 
0.321105 0.601346 
-0.112495 -0.196775 
0.0224356 0.0588745 
0.0256447 0.0637667 
0.776516 1.55916 
0.557594 1.13486 
0.55341 1.14001 
0.589286 1.21758 
0.235122 0.463482 
0.628135 1.28318 
0.835739 1.65955 
0.572578 1.1627 
-0.451716 -0.869568 
0.376504 0.75414 
0.255933 0.555567 
-0.0837424 -0.164257 
0.25622 0.511946 
0.256836 0.514806 
0.150693 0.337053 
-0.275163 -0.53572 
-0.400971 -0.813174 
-0.727422 -1.39666 
-0.130438 -0.277016 
-0.354756 -0.701191 
-0.494755 -1.0136 
-0.560607 -1.15398 
0.199477 0.391689 
0.365847 0.726783 
0.129563 0.282599 
0.228329 0.47869 
0.197261 0.353661 
0.379121 0.796121 
0.28448 0.536905 
0.392996 0.779946 
0.366254 0.774526 
0.370037 0.774271 
-0.0849381 -0.243329 
-0.098718 -0.177058 
-0.0979763 -0.181765 
0.0620618 0.147003 
-0.0574569 -0.153978 
-0.0588197 -0.152956 
0.172158 0.357883 
-0.148473 -0.239229 
-0.110258 -0.227048 
-0.100249 -0.170251 
-0.100139 -0.165698 
-0.25099 -0.505901 
0.0487037 0.0589343 
-0.0844654 -0.184218 
-0.35948 -0.716013 
0.0161948 -0.00328587 
-0.212607 -0.41033 
-0.433311 -0.819156 
-0.0535471 -0.0660449 
0.66712 1.3368 
0.908851 1.80469 
0.861675 1.73576 
0.920222 1.83683 
0.813913 1.61161 
0.60361 1.23238 
0.63617 1.23275 
0.854656 1.69689 
0.338094 0.678572 
0.166747 0.31138 
-0.443925 -0.854351 
-0.524623 -1.05432 
-0.52632 -1.05369 
-0.832607 -1.66129 
-0.7676 -1.55354 
0.065634 0.105495 
0.247097 0.521354 
0.467413 0.936856 
0.33197 0.640028 
0.331706 0.658354 
0.238046 0.439038 
0.35031 0.737217 
0.668668 1.3349 
0.750467 1.48882 
0.962572 1.9192 
0.826206 1.68615 
-0.808556 -1.60664 
-0.633923 -1.26368 
-0.234436 -0.424667 
-0.659448 -1.32394 
-0.174017 -0.39604 
-0.207715 -0.472924 
-0.00451591 0.0172348 
0.254609 0.490444 
-0.028045 -0.0970541 
-0.071369 -0.0976203 
-0.335487 -0.641338 
0.00172023 0.0241435 
0.0125581 0.0755016 
-0.0356616 -0.0285354 
-0.910668 -1.83422 
-0.614719 -1.20793 
-0.957432 -1.91646 
-0.957516 -1.91494 
-0.437872 -0.874322 
-0.779377 -1.56428 
-0.673531 -1.37168 
-0.362465 -0.743259 
-0.728386 -1.47251 
-0.851989 -1.69448 
-0.540829 -1.09424 
-0.634245 -1.24183 
-0.0218808 -0.102131 
-0.281224 -0.57981 
-0.357669 -0.681148 
-0.0568416 -0.118818 
-0.206581 -0.393153 
-0.283158 -0.600088 
-0.252726 -0.452985 
-0.116656 -0.244992 
0.0467372 0.0871743 
0.0373034 0.120487 
0.088865 0.187782 
-0.137744 -0.311614 
0.353978 0.725647 
-0.322549 -0.670456 
-0.125647 -0.21293 
-0.125015 -0.309872 
-0.0279094 -0.0072205 
-0.471911 -0.999189 
-0.6229 -1.27931 
0.215599 0.384261 
-0.404059 -0.80615 
-0.178664 -0.32803 
-0.171972 -0.307303 
-0.355899 -0.763646 
-0.328134 -0.605056 
-0.350339 -0.680189 
-0.345068 -0.680406 
-0.2204 -0.460822 
-0.344964 -0.679969 
-0.687553 -1.35507 
-0.546321 -1.12641 
0.0342863 0.0739452 
-0.410678 -0.771288 
-0.295181 -0.602045 
-0.86562 -1.74073 
-0.792584 -1.62908 
-0.870665 -1.72116 
-0.841215 -1.68828 
-0.901109 -1.82335 
-0.885499 -1.77038 
-0.546717 -1.15841 
-0.903609 -1.79455 
-0.888151 -1.73513 
-0.906423 -1.79203 
-0.673759 -1.30643 
-0.746128 -1.46108 
-0.658731 -1.27237 
-0.884125 -1.76945 
-0.457338 -0.942961 
-0.819905 -1.63048 
0.470214 0.922054 
0.205971 0.435043 
0.415972 0.807709 
0.018811 0.0364286 
0.0981395 0.193275 
0.111775 0.229721 
0.262408 0.532024 
0.151633 0.33425 
-0.481014 -1.01421 
-0.510514 -1.05829 
-0.262666 -0.550363 
-0.262668 -0.555465 
0.0371127 0.0231228 
-0.510998 -1.05687 
-0.428976 -0.85732 
-0.336852 -0.692401 
-0.262253 -0.528957 
-0.29039 -0.557749 
-0.336942 -0.619164 
0.0828564 0.222907 
-0.385571 -0.777031 
-0.296283 -0.575509 
-0.11704 -0.281034 
-0.223586 -0.477283 
-0.453819 -0.976416 
-0.348458 -0.676479 
-0.624987 -1.27365 
-0.156515 -0.312999 
-0.169667 -0.376951 
-0.172647 -0.376894 
-0.132309 -0.257777 
0.285516 0.512809 
0.353991 0.679908 
-0.112484 -0.265673 
-0.117815 -0.265429 
-0.195256 -0.341531 
-0.00853289 -0.0661286 
0.46911 0.964827 
0.473602 0.962316 
0.274459 0.577848 
0.595566 1.17636 
0.513884 1.0134 
0.356669 0.710384 
0.28539 0.512772 
0.280559 0.562691 
0.571964 1.18864 
0.246334 0.554758 
0.302743 0.591746 
0.085121 0.171103 
0.251235 0.455042 
0.137008 0.236291 
0.135528 0.294408 
0.135852 0.241571 
0.175727 0.354369 
0.0515113 0.156006 
0.54029 1.11804 
0.550237 1.05237 
0.979816 1.96107 
0.666594 1.35156 
0.711847 1.40093 
0.665515 1.34922 
0.523094 1.0429 
0.739154 1.47236 
0.890132 1.74983 
0.738789 1.45251 
0.739267 1.45132 
0.590559 1.19468 
0.615161 1.19602 
0.63293 1.2512 
0.634655 1.25308 
0.631282 1.25144 
-0.0421846 -0.0524669 
0.50123 1.03279 
0.87477 1.75902 
0.643041 1.317 
0.701097 1.37822 
-0.518848 -1.00305 
-0.686284 -1.33507 
-0.251024 -0.50718 
-0.201042 -0.388704 
0.207504 0.411421 
0.223646 0.407729 
0.0583776 0.114318 
0.153376 0.281993 
-0.278827 -0.550442 
0.126043 0.255795 
0.0240218 0.110137 
-0.374305 -0.723071 
-0.482412 -0.922319 
-0.0449992 -0.109588 
-0.0454425 -0.105572 
-0.176225 -0.323927 
-0.0553908 -0.121238 
-0.169974 -0.318946 
-0.202918 -0.37264 
-0.0972655 -0.164024 
-0.0210712 -0.05151 
-0.105547 -0.214473 
-0.162815 -0.333355 
-0.162474 -0.331288 
-0.31093 -0.6291 
0.316171 0.588719 
0.228142 0.496679 
-0.0390365 -0.101999 
-0.0404152 -0.102101 
0.187172 0.420334 
0.368658 0.665868 
-0.135907 -0.237965 
-0.123857 -0.231469 
-0.347152 -0.730236 
-0.142531 -0.330593 
0.0744586 0.166867 
0.316007 0.626106 
-0.332619 -0.71714 
-0.359226 -0.729523 
0.143906 0.220845 
0.00609978 0.0230796 
-0.136429 -0.274463 
-0.0707948 -0.134831 
-0.0708326 -0.140675 
-0.392577 -0.8222 
0.0862818 0.152811 
0.00284177 -0.0194163 
-0.480978 -0.942709 
0.357945 0.753905 
-0.419842 -0.841143 
-0.62449 -1.25609 
-0.788384 -1.59047 
-0.436926 -0.874411 
-0.397722 -0.774107 
-0.425927 -0.877115 
-0.641854 -1.29329 
-0.982259 -1.9672 
-0.574403 -1.14356 
-0.585162 -1.18278 
-0.397375 -0.77971 
-0.921528 -1.83667 
-0.752017 -1.49575 
0.570757 1.13279 
0.00569308 0.00670209 
0.528386 1.00481 
0.53028 1.00368 
0.267783 0.502855 
0.154904 0.302129 
0.641388 1.29931 
0.946162 1.89176 
0.485257 0.97868 
0.616971 1.2242 
0.492337 1.00291 
-0.922107 -1.87142 
0.718406 1.45611 
0.789358 1.59616 
0.926761 1.86877 
0.552187 1.07889 
0.914749 1.85662 
-0.929524 -1.85233 
-0.657703 -1.34241 
-0.822257 -1.65625 
-0.788962 -1.55551 
-0.741561 -1.52261 
-0.628658 -1.21811 
-0.881284 -1.75477 
-0.462161 -0.919619 
-0.643857 -1.32555 
-0.540419 -1.01884 
-0.944999 -1.87277 
-0.465065 -0.945515 
-0.715357 -1.42804 
-0.964216 -1.92888 
-0.207881 -0.428082 
-0.69608 -1.39117 
-0.218408 -0.424819 
-0.659324 -1.30001 
-0.658624 -1.29935 
-0.46868 -0.896295 
-0.752226 -1.52152 
-0.904377 -1.82216 
0.437642 0.906357 
0.503345 1.05709 
0.601374 1.16231 
0.606969 1.20686 
0.428693 0.841624 
0.235183 0.508833 
-0.0659685 -0.0888263 
0.528634 1.1074 
0.481094 1.00986 
0.234277 0.512744 
0.736695 1.51762 
0.638804 1.27865 
0.834418 1.67775 
0.272327 0.581624 
0.408824 0.779521 
0.413061 0.788098 
0.491363 0.929361 
0.57725 1.14627 
0.468936 0.907365 
0.480306 0.944676 
0.910059 1.82851 
0.824339 1.63757 
0.823765 1.63288 
0.603642 1.18871 
0.675556 1.38861 
0.676072 1.39177 
0.764305 1.56805 
-0.542318 -1.0829 
-0.328782 -0.675529 
-0.329967 -0.674489 
-0.826691 -1.6813 
-0.232502 -0.456594 
-0.589506 -1.2292 
-0.552364 -1.10747 
-0.476901 -0.955194 
-0.477439 -0.952964 
-0.434602 -0.883313 
-0.472672 -0.983322 
-0.471682 -0.984173 
-0.67614 -1.35893 
-0.980309 -1.94096 
-0.713254 -1.45264 
-0.604753 -1.17848 
-0.869782 -1.71602 
-0.671193 -1.32525 
-0.65988 -1.31648 
0.857739 1.71171 
0.960048 1.91503 
0.792188 1.63306 
0.813507 1.61748 
0.310532 0.639902 
0.720971 1.42463 
0.871013 1.69234 
0.876067 1.7305 
0.644033 1.23718 
0.412006 0.821948 
0.962471 1.93626 
0.852817 1.7316 
0.677929 1.3647 
0.511852 0.9934 
-0.0033795 -0.056533 
0.442627 0.917342 
0.250428 0.538572 
0.539856 1.08644 
0.364396 0.75725 
0.438673 0.913222 
0.0830358 0.135957 
0.206849 0.441185 
0.512727 1.01532 
0.438619 0.866612 
0.55789 1.09119 
0.586362 1.11642 
0.525792 1.06923 
0.7775 1.54508 
0.766791 1.50759 
0.670932 1.31476 
0.588205 1.16715 
0.664456 1.29563 
0.387203 0.769014 
0.655935 1.34088 
0.669614 1.33363 
0.732615 1.45928 
0.65791 1.31659 
0.704301 1.3766 
0.638383 1.27475 
0.572986 1.17709 
0.507243 0.978105 
0.142598 0.307852 
0.340155 0.660266 
0.365706 0.759868 
0.455239 0.959074 
0.583614 1.19121 
0.516995 1.05984 
0.749503 1.4942 
0.894504 1.79383 
0.600606 1.24614 
0.83014 1.64869 
0.765733 1.53353 
0.697202 1.39449 
0.804079 1.58517 
0.857179 1.69316 
0.803399 1.59439 
-0.279526 -0.531033 
0.0294601 0.109024 
-0.0259857 -0.0677653 
0.131146 0.266406 
0.25214 0.488658 
0.217299 0.465442 
-0.103685 -0.191063 
0.217852 0.467222 
0.239307 0.466206 
0.338823 0.722715 
0.520563 1.02208 
0.651269 1.29145 
0.102837 0.153644 
0.0380342 0.0609262 
0.40293 0.778737 
0.111067 0.242248 
0.450839 0.894423 
0.664084 1.295 
0.637673 1.29495 
0.16061 0.366734 
0.291738 0.590351 
0.232905 0.495557 
0.0858206 0.19707 
-0.858738 -1.68318 
-0.949012 -1.90557 
-0.706334 -1.43717 
-0.708085 -1.44009 
-0.3982 -0.742545 
-0.436625 -0.842514 
-0.407966 -0.842494 
-0.436588 -0.911095 
-0.424923 -0.842331 
-0.305439 -0.600891 
-0.257753 -0.530782 
-0.499311 -0.993571 
-0.346833 -0.630725 
-0.537737 -1.05681 
-0.268224 -0.49919 
-0.773739 -1.53298 
-0.515462 -1.09444 
-0.518802 -1.09306 
-0.334379 -0.694181 
-0.492465 -1.01286 
-0.741124 -1.4925 
-0.567304 -1.17738 
-0.735364 -1.45611 
-0.636972 -1.29941 
-0.683055 -1.39678 
-0.731795 -1.44103 
-0.569151 -1.10229 
-0.887511 -1.79858 
-0.853874 -1.71186 
-0.629928 -1.30143 
0.630036 1.22478 
0.0865758 0.122105 
0.0650148 0.0873861 
0.504122 1.02463 
0.401169 0.826934 
0.272934 0.530966 
0.275443 0.615815 
-0.505552 -1.01262 
-0.493399 -0.976979 
-0.240315 -0.508459 
-0.611236 -1.2403 
-0.685026 -1.36849 
-0.685658 -1.37651 
-0.93915 -1.8831 
-0.572619 -1.12749 
-0.685001 -1.3361 
-0.565093 -1.08083 
-0.636102 -1.27828 
-0.706713 -1.3963 
-0.472745 -0.920745 
-0.45297 -0.871718 
-0.726184 -1.46697 
-0.668028 -1.36981 
-0.297533 -0.615008 
-0.5269 -1.01711 
-0.835214 -1.67426 
-0.830948 -1.67701 
-0.833102 -1.67747 
-0.721611 -1.41049 
-0.786572 -1.57528 
-0.571629 -1.18286 
-0.695784 -1.37719 
-0.813124 -1.61931 
-0.547674 -1.07264 
-0.605244 -1.21612 
-0.759758 -1.47582 
-0.0556516 -0.135534 
0.0243168 0.0768806 
-0.0600785 -0.0817818 
0.0195388 0.116945 
0.0713127 0.152322 
-0.0555625 -0.0443795 
0.0192172 0.0160445 
0.0210415 0.0169624 
-0.0677799 -0.0643295 
-0.270159 -0.478317 
-0.233429 -0.531116 
-0.17321 -0.290239 
0.121259 0.293597 
-0.313378 -0.662736 
-0.290331 -0.591236 
-0.118702 -0.259799 
0.446747 0.905085 
-0.179446 -0.364787 
-0.0869771 -0.15255 
0.386993 0.789903 
0.271424 0.516868 
0.266826 0.516543 
0.993562 1.98106 
0.685222 1.36023 
0.8115 1.63621 
0.679146 1.34726 
0.598474 1.21471 
0.531012 1.10899 
0.604398 1.16098 
0.604372 1.19021 
0.501315 0.993957 
0.386013 0.805697 
0.207171 0.478973 
0.0110014 0.061234 
0.376926 0.739446 
0.213327 0.396399 
0.46957 0.951171 
0.39765 0.839618 
0.422446 0.888386 
0.301801 0.598089 
0.0798247 0.0961968 
0.269791 0.560344 
0.198053 0.415056 
0.269842 0.560603 
0.192678 0.396646 
0.192722 0.412412 
0.277415 0.5941 
0.280426 0.594431 
0.110627 0.293303 
0.332436 0.690287 
0.447362 0.893219 
0.399994 0.793621 
-0.190981 -0.360466 
0.242835 0.479944 
0.142224 0.254432 
0.216372 0.446148 
0.435754 0.879205 
0.0403701 0.121323 
0.353594 0.679167 
0.525866 1.10259 
0.434884 0.850638 
0.746521 1.47816 
0.297344 0.580169 
0.102733 0.235782 
0.155058 0.308276 
0.25082 0.536074 
0.326052 0.678709 
-0.0388043 -0.0401028 
0.404501 0.815504 
0.176628 0.355094 
0.25203 0.532193 
0.251333 0.533685 
0.311456 0.672702 
0.170422 0.323029 
0.101518 0.191604 
0.103702 0.165536 
0.665957 1.36903 
0.370225 0.771302 
0.208699 0.375495 
0.217375 0.474574 
0.289631 0.571506 
0.251424 0.442725 
0.178692 0.38115 
0.63837 1.27322 
0.42432 0.868516 
0.478661 0.918241 
0.176124 0.367726 
0.121411 0.220411 
-0.0153123 -0.00560791 
-0.185575 -0.338121 
-0.141186 -0.276236 
-0.0144252 -0.0345073 
-0.387752 -0.768194 
-0.266062 -0.575442 
-0.121189 -0.188488 
-0.121351 -0.188809 
-0.153276 -0.32446 
-0.159795 -0.298783 
-0.0649265 -0.124278 
-0.279941 -0.567354 
-0.00480446 0.0132829 
-0.588938 -1.16582 
-0.557435 -1.14142 
-0.374008 -0.769198 
-0.229153 -0.44248 
-0.456087 -0.912551 
-0.43929 -0.894951 
-0.327914 -0.65974 
-0.107421 -0.178202 
-0.551284 -1.09512 
-0.117735 -0.21483 
0.163068 0.336729 
0.0574918 0.0986368 
-0.0175244 0.0128782 
-0.167145 -0.360792 
-0.252582 -0.558354 
-0.254422 -0.54404 
-0.167354 -0.288986 
-0.241634 -0.436853 
-0.242055 -0.522304 
-0.134406 -0.270542 
-0.111337 -0.172177 
-0.52533 -1.06944 
-0.349817 -0.66829 
-0.0442564 -0.0723726 
-0.418311 -0.869102 
-0.184759 -0.393957 
-0.0522623 -0.133627 
0.0694944 0.104498 
0.226897 0.466711 
-0.0254725 -0.0909282 
-0.0753555 -0.0947151 
0.245667 0.495514 
0.088562 0.205204 
0.17105 0.354875 
0.17068 0.358728 
-0.0869466 -0.198659 
-0.0893765 -0.173391 
0.141642 0.303206 
-0.0134458 -0.0194568 
0.0379195 0.0929375 
0.111392 0.21741 
-0.0601937 -0.165115 
-0.0615015 -0.107587 
-0.0290391 0.00735879 
0.0971213 0.178612 
0.0949206 0.144766 
0.096536 0.147298 
0.768541 1.58204 
0.842547 1.66557 
0.710958 1.44836 
-0.42015 -0.814928 
0.68852 1.41537 
0.642964 1.24054 
0.720968 1.43946 
0.840224 1.65944 
0.468589 0.919914 
0.600568 1.15379 
0.486061 0.959702 
0.339737 0.647967 
0.830128 1.70187 
0.330151 0.725006 
0.358124 0.712642 
0.78151 1.5104 
0.663041 1.31181 
0.587513 1.21208 
0.228312 0.449891 
0.378393 0.757068 
0.37821 0.755005 
0.234486 0.517337 
0.514532 1.01308 
-0.626684 -1.23156 
-0.513813 -1.04552 
-0.728034 -1.46316 
-0.338256 -0.664463 
-0.347079 -0.693761 
-0.488668 -0.989148 
-0.337789 -0.727835 
-0.656645 -1.35782 
0.592063 1.18879 
0.615636 1.19246 
0.457587 0.890988 
0.55684 1.1534 
0.562088 1.1135 
0.559278 1.15383 
0.433104 0.92183 
0.843425 1.685 
0.311203 0.655659 
0.613124 1.24103 
0.450289 0.933702 
0.410078 0.796971 
0.500911 0.993296 
0.900348 1.78919 
0.695515 1.39193 
0.430457 0.823444 
0.484347 0.965515 
0.484816 0.963914 
0.635261 1.31264 
0.729394 1.42329 
0.788847 1.57021 
0.910933 1.8166 
0.00952259 -0.00994937 
-0.0349464 -0.0901503 
-0.24296 -0.477879 
-0.309782 -0.614015 
-0.313574 -0.616059 
-0.257646 -0.492412 
-0.190281 -0.382048 
-0.220632 -0.436492 
-0.255793 -0.518132 
0.803988 1.61067 
0.759797 1.47817 
0.62231 1.25284 
0.557075 1.1205 
0.564898 1.1207 
-0.284916 -0.518096 
-0.587327 -1.21328 
-0.458104 -0.89853 
-0.402854 -0.814918 
-0.225276 -0.488602 
-0.160455 -0.346304 
-0.194475 -0.39687 
0.0186132 0.0539633 
0.0142882 0.0527906 
0.0229668 0.0530506 
0.24366 0.453279 
-0.318103 -0.635402 
-0.0732695 -0.216093 
-0.147357 -0.260342 
-0.460547 -0.931337 
-0.512473 -0.992283 
0.282939 0.552681 
-0.588065 -1.13824 
-0.0353449 -0.148129 
-0.124578 -0.246764 
0.833232 1.62744 
0.872148 1.74905 
0.758178 1.47703 
0.617705 1.25662 
0.53714 1.05741 
0.538105 1.05546 
0.749641 1.45347 
-0.4112 -0.815548 
-0.799341 -1.60178 
-0.924984 -1.81819 
-0.591724 -1.19039 
-0.759219 -1.54317 
-0.884064 -1.78761 
-0.00924992 0.00236897 
0.118317 0.210041 
-0.139008 -0.29878 
-0.204508 -0.388203 
0.163185 0.351437 
-0.385924 -0.799517 
0.200279 0.389885 
0.327657 0.6298 
-0.146248 -0.308946 
-0.203582 -0.399148 
-0.198231 -0.399007 
-0.359114 -0.699168 
-0.288903 -0.568832 
-0.201061 -0.409777 
-0.57098 -1.15621 
-0.508278 -0.984016 
-0.657535 -1.29614 
-0.767204 -1.52239 
-0.657857 -1.32309 
-0.544942 -1.09706 
-0.583355 -1.13424 
-0.583203 -1.13141 
-0.58294 -1.18181 
-0.875616 -1.74609 
-0.550864 -1.11796 
-0.52471 -1.04049 
-0.637446 -1.30951 
-0.798845 -1.61761 
-0.800269 -1.61858 
-0.828367 -1.64602 
-0.875363 -1.74457 
-0.844193 -1.7165 
0.233502 0.520293 
-0.108178 -0.242388 
-0.0583406 -0.0805024 
-0.0316334 -0.0488969 
0.491679 0.945881 
0.492164 0.986376 
0.491976 0.947021 
0.459492 0.905171 
0.0389808 0.0825179 
0.620766 1.25013 
0.223347 0.453042 
0.532466 1.05231 
0.440378 0.952147 
0.348992 0.714916 
-0.727301 -1.42507 
-0.830477 -1.62037 
-0.559277 -1.0888 
-0.695338 -1.42207 
0.646537 1.26933 
0.898264 1.80886 
0.885833 1.73335 
0.780597 1.61066 
0.637643 1.31122 
0.665355 1.3101 
0.662306 1.31087 
0.697214 1.36825 
0.697403 1.36661 
0.706703 1.41147 
0.293901 0.553605 
0.144694 0.288769 
0.0520244 0.106661 
0.302163 0.574843 
0.0121301 0.0782567 
0.387353 0.753249 
-0.192495 -0.422379 
-0.0789773 -0.12216 
0.0572909 0.0751159 
-0.21036 -0.354063 
0.205106 0.469167 
0.612328 1.26768 
0.6782 1.37848 
0.294495 0.612145 
0.761982 1.5156 
0.58822 1.20866 
0.492056 0.970897 
0.51291 1.01102 
0.3536 0.739923 
0.368553 0.712764 
-0.361048 -0.710099 
-0.274847 -0.51213 
-0.0859203 -0.214602 
-0.0865872 -0.213867 
-0.288646 -0.611243 
-0.272225 -0.584822 
-0.0460909 -0.114112 
-0.368387 -0.70132 
-0.210478 -0.413145 
-0.211791 -0.413437 
-0.239906 -0.448725 
-0.179734 -0.344559 
-0.106007 -0.229763 
-0.105374 -0.227143 
-0.104669 -0.131962 
-0.016663 -0.0330761 
-0.0361613 -0.0690383 
0.191949 0.35712 
-0.079094 -0.13693 
-0.36617 -0.739625 
-0.620127 -1.26479 
-0.441973 -0.875135 
-0.444891 -0.914228 
-0.51617 -1.06261 
-0.537995 -1.1332 
-0.120424 -0.201349 
-0.00778772 0.0279794 
-0.0852197 -0.198938 
-0.0107285 -0.0120849 
0.094547 0.162247 
-0.175401 -0.353166 
-0.0512469 -0.0542961 
-0.137143 -0.235576 
0.134337 0.260996 
-0.271314 -0.546971 
-0.22781 -0.467438 
-0.227622 -0.468011 
-0.02144 -0.0316398 
0.300111 0.64494 
0.0550471 0.0819466 
-0.263351 -0.517339 
0.117318 0.183012 
0.528615 1.07875 
0.0181118 -0.0147561 
0.165337 0.3906 
0.498391 0.952631 
-0.0123077 -0.0499685 
0.152088 0.257022 
0.152003 0.256771 
0.886386 1.78222 
0.658941 1.28677 
0.786269 1.58303 
0.569165 1.10835 
0.537993 1.09912 
0.475535 0.95907 
0.532808 1.00007 
-0.0173881 -0.0660562 
-0.00253142 -0.00914682 
0.501031 1.04381 
0.465048 0.899657 
-0.972688 -1.93683 
-0.929602 -1.86385 
-0.594641 -1.1916 
-0.671046 -1.29094 
-0.703654 -1.33647 
-0.608357 -1.14235 
-0.397224 -0.739742 
-0.554193 -1.16134 
-0.19732 -0.430797 
-0.173048 -0.308923 
0.316885 0.622464 
-0.0122941 0.0216699 
-0.0743188 -0.0786405 
-0.172128 -0.276622 
-0.200853 -0.448421 
-0.172624 -0.3379 
0.0486033 0.0446216 
0.0286946 0.0221361 
-0.0229525 -0.0244181 
-0.023058 -0.0790426 
-0.0229491 -0.0291944 
-0.361148 -0.771274 
-0.352576 -0.722124 
-0.13542 -0.223421 
-0.298409 -0.564597 
-0.180584 -0.406789 
-0.321797 -0.647154 
-0.321791 -0.645189 
0.0101703 0.0331315 
0.15508 0.273429 
-0.37514 -0.71876 
-0.543797 -1.06636 
-0.328832 -0.616109 
-0.502334 -0.965929 
-0.249065 -0.534111 
0.876415 1.77449 
-0.790438 -1.5897 
-0.245267 -0.493177 
-0.720597 -1.47959 
-0.525182 -1.09119 
-0.565818 -1.14592 
-0.866449 -1.73031 
-0.414213 -0.793864 
-0.69076 -1.38979 
-0.525881 -1.09131 
-0.792586 -1.60097 
-0.790346 -1.60074 
-0.696966 -1.40188 
-0.528045 -0.997425 
0.716263 1.42158 
0.756981 1.50479 
0.795923 1.58972 
0.917336 1.79675 
-0.626284 -1.25072 
-0.775224 -1.55456 
-0.654901 -1.33299 
-0.720157 -1.41784 
-0.849921 -1.68106 
-0.850226 -1.68267 
-0.769384 -1.56614 
-0.775228 -1.56972 
0.285153 0.584865 
-0.000146367 -0.0409378 
0.0530239 0.158543 
0.0828163 0.157364 
-0.512625 -1.08967 
-0.486852 -0.988335 
-0.486894 -0.989529 
0.0194365 0.0080063 
-0.770806 -1.54376 
-0.468964 -0.962244 
-0.544544 -1.04926 
-0.46966 -0.88983 
-0.0110156 -0.0765531 
-0.363558 -0.710859 
-0.389462 -0.75504 
-0.0762592 -0.157721 
0.0933478 0.217197 
-0.179703 -0.385975 
-0.250716 -0.482436 
-0.0468826 -0.0435294 
0.245401 0.51538 
-0.0838351 -0.1834 
0.0290151 0.122069 
0.0482568 0.120916 
-0.135482 -0.248719 
-0.337806 -0.675316 
-0.197015 -0.342698 
-0.374836 -0.741171 
-0.265158 -0.542873 
-0.209142 -0.415451 
-0.757161 -1.53019 
-0.777479 -1.52573 
-0.258803 -0.534032 
-0.581836 -1.17047 
0.0780206 0.147418 
-0.225437 -0.452312 
-0.513694 -1.03022 
-0.395271 -0.782858 
-0.284125 -0.532902 
-0.0668238 -0.153214 
-0.310535 -0.597883 
0.317734 0.600655 
0.236343 0.448966 
-0.110155 -0.266632 
0.224502 0.488144 
-0.0532225 -0.0986426 
0.0114117 0.0160863 
0.701224 1.39968 
0.784887 1.55192 
0.538532 1.04436 
0.230533 0.48398 
0.306045 0.61682 
0.306207 0.590753 
0.765078 1.52655 
0.582151 1.12801 
0.546757 1.11059 
0.77229 1.57204 
0.163216 0.307235 
0.135759 0.20799 
0.123538 0.207679 
0.20759 0.407578 
0.0681365 0.111869 
0.323229 0.707027 
0.865565 1.70571 
0.856965 1.74677 
0.820495 1.63006 
0.730615 1.44688 
0.863066 1.72564 
0.784263 1.53057 
0.77702 1.52958 
0.478024 1.00062 
0.669625 1.33167 
-0.220979 -0.437552 
-0.760382 -1.49358 
-0.601799 -1.24544 
-0.67823 -1.31204 
-0.89839 -1.7939 
-0.401105 -0.794825 
-0.702311 -1.43684 
-0.677985 -1.35771 
-0.699438 -1.43292 
-0.676731 -1.38181 
-0.935803 -1.89557 
-0.809526 -1.63623 
-0.751003 -1.49503 
-0.55272 -1.15033 
-0.526702 -1.05351 
-0.528341 -1.06346 
-0.407826 -0.875435 
-0.406582 -0.803385 
-0.481675 -0.939259 
-0.590182 -1.23986 
-0.407674 -0.881271 
-0.887027 -1.77235 
-0.539079 -1.07278 
-0.914224 -1.82237 
-0.88447 -1.74444 
-0.913509 -1.82051 
-0.957644 -1.90443 
-0.887388 -1.77299 
-0.590305 -1.15617 
-0.662073 -1.37395 
0.0544274 0.145262 
0.203689 0.387247 
0.0329662 0.087097 
-0.495731 -1.00887 
0.0811981 0.187811 
-0.271948 -0.569223 
-0.131655 -0.304583 
-0.27125 -0.567338 
0.259575 0.502144 
0.153259 0.32793 
0.261964 0.529535 
0.25977 0.528636 
0.461372 0.914783 
0.345933 0.684867 
0.368275 0.748311 
0.37779 0.721983 
0.614965 1.20735 
0.419667 0.817189 
-0.597311 -1.21668 
0.06657 0.100502 
-0.394129 -0.806537 
-0.428355 -0.895825 
-0.303805 -0.653006 
-0.213651 -0.395466 
-0.448705 -0.898324 
-0.297771 -0.597953 
-0.299449 -0.598121 
0.173012 0.434877 
0.260418 0.509063 
0.743414 1.46328 
0.326312 0.647577 
0.409738 0.793246 
-0.629578 -1.2834 
-0.604889 -1.18278 
-0.779228 -1.59633 
-0.836336 -1.69721 
-0.653659 -1.28296 
-0.719803 -1.45914 
-0.90365 -1.80975 
-0.958372 -1.94276 
-0.747982 -1.48284 
-0.734057 -1.48289 
-0.149515 -0.281436 
-0.156176 -0.337778 
-0.135974 -0.285332 
-0.444883 -0.864687 
-0.551815 -1.12984 
0.524794 1.05666 
0.198827 0.404723 
0.52065 1.03316 
0.397352 0.777191 
0.336911 0.676927 
0.338604 0.676979 
0.476776 0.983281 
0.449175 0.923721 
0.261769 0.577501 
0.233271 0.47806 
0.156176 0.28449 
-0.0502829 -0.0792548 
-0.169829 -0.418096 
-0.16959 -0.420261 
0.109179 0.148553 
-0.731827 -1.49672 
-0.543513 -1.04865 
-0.369672 -0.748488 
-0.319324 -0.704854 
-0.0909626 -0.206431 
-0.472426 -0.943755 
-0.469161 -0.98288 
-0.335488 -0.697652 
0.183681 0.352429 
-0.265045 -0.469969 
0.0159034 -0.0568223 
-0.0352576 -0.0606991 
0.459234 0.938079 
0.13778 0.284241 
0.0180474 0.0400989 
0.0145818 0.0409519 
0.373076 0.731019 
-0.0977597 -0.230129 
0.0259119 0.0441374 
-0.10898 -0.202138 
0.192597 0.368446 
0.0397685 0.0148515 
0.039636 0.0122267 
-0.933393 -1.85091 
-0.933307 -1.85156 
-0.75281 -1.55616 
-0.724778 -1.44269 
-0.954321 -1.92727 
-0.812673 -1.66239 
-0.954605 -1.92736 
0.621656 1.20195 
0.630761 1.23809 
0.624711 1.2732 
0.696135 1.36749 
0.843349 1.64956 
0.892128 1.82113 
0.881186 1.74828 
0.953773 1.8895 
0.757156 1.56634 
0.623381 1.29217 
0.776888 1.58246 
0.740572 1.5029 
0.740671 1.50146 
-0.494676 -0.963521 
-0.301163 -0.547184 
-0.376562 -0.723885 
-0.61777 -1.23405 
-0.480843 -0.971599 
-0.195104 -0.463625 
-0.110851 -0.186752 
-0.437915 -0.929491 
-0.437085 -0.929435 
-0.369887 -0.783529 
-0.617118 -1.25243 
-0.43114 -0.831497 
-0.429941 -0.830796 
-0.862145 -1.71319 
-0.308268 -0.563613 
-0.43687 -0.857764 
-0.634582 -1.25225 
0.579465 1.16742 
0.80931 1.66772 
0.936393 1.8781 
0.939767 1.87659 
-0.64152 -1.24606 
-0.574034 -1.16582 
-0.687367 -1.4056 
-0.826999 -1.63505 
-0.435477 -0.845503 
-0.436419 -0.91142 
-0.771407 -1.58561 
-0.874732 -1.76468 
-0.754216 -1.51151 
-0.535096 -1.08173 
-0.362598 -0.690379 
-0.734915 -1.46588 
-0.48168 -0.981159 
-0.574701 -1.10896 
-0.67103 -1.31987 
-0.446072 -0.912727 
-0.280714 -0.50501 
-0.351995 -0.702875 
-0.705688 -1.40781 
-0.525009 -1.10164 
-0.692566 -1.35893 
-0.823052 -1.66047 
-0.891119 -1.78312 
-0.892634 -1.78463 
0.202534 0.423175 
0.463721 0.928113 
0.410305 0.834238 
0.223575 0.437773 
0.374757 0.698094 
0.735029 1.48156 
0.658951 1.33209 
0.199775 0.442667 
0.449565 0.845489 
0.419469 0.861443 
0.379276 0.772001 
0.882514 1.76354 
0.43191 0.832782 
0.549427 1.05926 
0.474291 0.931973 
-0.830638 -1.66376 
-0.827543 -1.66325 
-0.681998 -1.35104 
-0.14276 -0.321173 
-0.0173132 -0.0468238 
0.215427 0.407913 
0.0148603 0.0236254 
0.171379 0.350862 
-0.201696 -0.442677 
0.0908892 0.140562 
-0.085558 -0.146207 
-0.0605183 -0.179521 
-0.114609 -0.235262 
-0.133108 -0.230552 
0.00552986 0.0511484 
0.703655 1.43992 
0.421369 0.837019 
0.389249 0.79426 
0.658036 1.35242 
0.492218 0.990342 
0.834221 1.68869 
0.63091 1.30137 
0.620916 1.26509 
0.983476 1.9485 
0.928335 1.81606 
0.811025 1.5914 
0.853613 1.72007 
0.9331 1.84633 
-0.594649 -1.18684 
-0.839206 -1.68381 
-0.470789 -0.909126 
-0.0465304 -0.0884788 
-0.162068 -0.317307 
-0.239891 -0.499499 
-0.535921 -1.027 
-0.535474 -1.04337 
-0.535647 -1.04628 
0.432513 0.859496 
0.586218 1.17916 
0.842316 1.67526 
0.756558 1.53363 
0.505915 0.980456 
0.637949 1.27652 
0.86955 1.73718 
0.85776 1.68322 
0.545102 1.07853 
0.666794 1.27711 
-0.270834 -0.526481 
-0.58123 -1.14925 
-0.161089 -0.348698 
-0.478338 -0.931143 
-0.56186 -1.11196 
-0.391561 -0.751372 
-0.700073 -1.41443 
-0.464599 -0.971238 
-0.466775 -0.927482 
-0.541018 -1.1366 
-0.352054 -0.712418 
-0.540025 -1.09273 
-0.661308 -1.31111 
0.186557 0.312895 
0.00604883 -0.0556302 
0.270253 0.484234 
0.0702064 0.139928 
0.188683 0.383711 
-0.28823 -0.581409 
0.0223326 0.02596 
0.28451 0.503427 
0.0388038 0.0555801 
0.0787567 0.128474 
-0.227971 -0.431801 
-0.245037 -0.457274 
0.037803 0.0397193 
0.203989 0.450273 
-0.0350853 -0.101526 
0.061764 0.139594 
-0.0817198 -0.173684 
-0.1102 -0.166428 
0.329955 0.667247 
0.725756 1.46454 
0.513262 1.06525 
0.675174 1.3607 
0.674403 1.3624 
0.673271 1.36198 
0.345649 0.702926 
0.535018 1.06458 
0.628166 1.22515 
0.288683 0.545547 
0.108254 0.189002 
0.0307084 0.0561655 
-0.0083059 -0.0345787 
0.0619726 0.121102 
-0.0399716 -0.0808527 
-0.374083 -0.738936 
-0.00646168 0.0584383 
-0.0422315 -0.141549 
0.134418 0.257609 
-0.331409 -0.650377 
-0.332441 -0.650377 
0.0923127 0.176312 
0.0951998 0.176922 
-0.131409 -0.314533 
-0.340618 -0.648549 
-0.575484 -1.20437 
-0.950498 -1.90033 
-0.669075 -1.30326 
-0.520984 -1.02284 
-0.591032 -1.20439 
-0.55633 -1.10386 
-0.261935 -0.564571 
-0.403847 -0.769023 
-0.512149 -1.00726 
-0.0771359 -0.186872 
-0.326848 -0.693471 
-0.240489 -0.448991 
-0.809735 -1.59532 
-0.820383 -1.61112 
-0.789375 -1.61142 
-0.632021 -1.31009 
0.650761 1.3111 
0.503127 1.0383 
0.43127 0.870665 
0.650913 1.25234 
0.650622 1.29053 
0.650633 1.32109 
0.714899 1.41078 
0.714689 1.41134 
-0.657195 -1.35568 
-0.74691 -1.52944 
-0.612104 -1.25883 
-0.717602 -1.44445 
-0.348853 -0.764118 
-0.949774 -1.9165 
-0.789547 -1.54456 
-0.429692 -0.866847 
-0.320166 -0.659002 
-0.529735 -1.10691 
-0.669099 -1.34822 
-0.668844 -1.347 
-0.0309173 -0.122321 
0.025583 0.00554216 
0.222232 0.379568 
0.239254 0.491796 
0.296875 0.565648 
0.285963 0.617695 
0.475888 0.912443 
0.675961 1.33854 
0.374587 0.804999 
0.34586 0.675505 
0.276497 0.523148 
0.27623 0.618359 
0.276942 0.579432 
0.519408 1.05477 
0.429059 0.884124 
0.425841 0.879435 
0.50091 1.03042 
0.499514 0.974208 
0.904551 1.83425 
0.405438 0.856027 
0.575544 1.15351 
0.0567012 0.0928969 
-0.0276862 0.0250332 
0.0675724 0.0422468 
0.122424 0.280482 
0.136544 0.27232 
0.12088 0.271756 
-0.352352 -0.656747 
0.439705 0.894213 
0.231011 0.439824 
0.153684 0.296044 
0.163895 0.293585 
0.162216 0.295699 
-0.155175 -0.290071 
-0.493009 -0.954896 
-0.453488 -0.920762 
-0.602492 -1.18556 
-0.379233 -0.722429 
-0.454492 -0.873155 
-0.45388 -0.875342 
-0.0544592 -0.107882 
0.397758 0.817641 
0.27074 0.539431 
0.0447053 0.131465 
0.127007 0.246555 
0.0070522 -0.027051 
0.229272 0.402262 
0.208647 0.504197 
0.023958 0.0940931 
-0.0905535 -0.161618 
0.139656 0.330072 
-0.152597 -0.302982 
0.196114 0.382521 
0.087317 0.238687 
-0.0208721 -0.0114047 
0.0288328 0.0460768 
-0.489211 -0.987412 
-0.299793 -0.621282 
-0.246265 -0.512861 
-0.522499 -1.03988 
-0.522533 -1.05255 
-0.62035 -1.19009 
-0.396072 -0.787532 
-0.404474 -0.823095 
-0.264991 -0.487957 
-0.373562 -0.796051 
-0.447793 -0.910433 
-0.499689 -0.987171 
0.592491 1.21833 
0.596059 1.21831 
0.498314 1.01799 
0.386681 0.822539 
0.498646 0.996267 
0.359323 0.686233 
0.493064 0.958915 
0.419824 0.791172 
0.80662 1.64252 
0.879282 1.758 
0.917556 1.8282 
0.919147 1.8471 
0.220929 0.499226 
0.110512 0.161444 
0.15275 0.387476 
0.322229 0.65852 
0.483278 0.955586 
0.456094 0.85854 
0.378892 0.739154 
0.153919 0.318036 
0.377595 0.720142 
0.140185 0.371216 
0.339082 0.701771 
0.461236 0.963898 
0.55129 1.07397 
0.461817 0.875143 
0.520974 1.00791 
0.757733 1.46956 
-0.197003 -0.362246 
-0.153494 -0.256545 
-0.108334 -0.28902 
-0.28101 -0.540938 
-0.0287545 -0.0477514 
-0.235159 -0.434002 
0.0833466 0.169954 
0.0855286 0.170604 
0.0863512 0.170559 
0.321876 0.669197 
0.121183 0.185985 
0.112299 0.205346 
0.0816097 0.178772 
0.313946 0.668577 
0.0637623 0.170548 
0.219429 0.40031 
0.126969 0.273302 
-0.0630365 -0.0982437 
-0.139502 -0.202559 
-0.0630808 -0.101439 
-0.11978 -0.22365 
-0.328537 -0.639525 
0.162907 0.3755 
-0.120484 -0.293697 
-0.563351 -1.10319 
-0.653288 -1.31713 
-0.965225 -1.91827 
-0.966052 -1.91794 
-0.915059 -1.84348 
-0.759187 -1.52017 
-0.844958 -1.69615 
-0.891467 -1.8011 
-0.747475 -1.45187 
-0.923424 -1.85899 
-0.958479 -1.90035 
-0.849891 -1.70354 
0.279732 0.546025 
-0.252598 -0.45224 
-0.178758 -0.315351 
-0.614734 -1.24872 
-0.416218 -0.851456 
-0.267551 -0.53398 
-0.258123 -0.506838 
0.0350103 0.0239036 
0.243347 0.425801 
0.62677 1.21991 
0.332283 0.625139 
0.405496 0.811671 
0.405291 0.809017 
0.45144 0.923048 
0.530684 1.12199 
0.531452 1.02229 
0.506832 1.02257 
0.563852 1.13052 
0.782715 1.5644 
0.845284 1.704 
0.644705 1.32949 
0.520157 1.08178 
0.917687 1.80776 
0.68609 1.38945 
0.62921 1.24512 
0.447174 0.90687 
0.491873 1.007 
0.492283 1.00784 
0.694802 1.40523 
0.605395 1.20614 
0.604584 1.2041 
0.555012 1.07967 
0.664779 1.30598 
0.423701 0.776844 
0.348691 0.713202 
0.336136 0.714796 
-0.0639507 -0.141427 
0.319991 0.635543 
0.163842 0.33248 
0.161444 0.334269 
0.161773 0.33543 
-0.566462 -1.12259 
-0.0912027 -0.185899 
-0.0919964 -0.186031 
-0.422893 -0.901009 
-0.282412 -0.560076 
0.0873715 0.213607 
-0.0192498 -0.0641023 
-0.213537 -0.433925 
-0.125814 -0.263449 
-0.27907 -0.522502 
0.158249 0.344218 
-0.177104 -0.362126 
-0.054101 -0.16334 
-0.0492384 -0.0642881 
-0.0274586 -0.0606444 
-0.20047 -0.384756 
-0.0790967 -0.185579 
0.303978 0.609306 
-0.124108 -0.281446 
-0.1244 -0.283992 
0.308105 0.632391 
0.0483238 0.0782961 
-0.0768428 -0.112782 
-0.0087564 0.0134475 
-0.102404 -0.199173 
-0.119586 -0.190415 
0.00333818 0.0151354 
0.0126236 0.00792351 
0.0298776 0.0335603 
-0.184927 -0.41366 
0.379366 0.709591 
-0.00376309 0.0108539 
-0.00444415 0.0117249 
-0.0100198 0.0118197 
0.148894 0.306458 
-0.885162 -1.75983 
-0.532264 -1.05634 
-0.926301 -1.84315 
-0.746997 -1.48399 
-0.574191 -1.20935 
-0.831412 -1.70797 
-0.769124 -1.50958 
-0.532343 -1.10969 
0.672238 1.34643 
0.564991 1.0868 
0.560414 1.14372 
0.644277 1.29157 
0.440898 0.846452 
0.41766 0.869753 
0.743224 1.51277 
0.547324 1.11979 
0.940172 1.90273 
0.714321 1.43208 
-0.220157 -0.474041 
-0.0892806 -0.175312 
-0.0900039 -0.174834 
0.846315 1.70031 
0.74011 1.49883 
0.631567 1.27246 
0.631423 1.27347 
0.182265 0.388008 
0.578464 1.18356 
0.622212 1.20025 
0.688957 1.36875 
0.732891 1.46921 
0.633463 1.28817 
0.544482 1.04212 
0.386603 0.779642 
0.635712 1.26388 
0.703513 1.37486 
0.98323 1.97508 
0.205481 0.376964 
0.685539 1.34231 
0.611318 1.22247 
0.951045 1.91017 
0.832004 1.64016 
0.718792 1.39863 
0.870614 1.75791 
0.904405 1.82488 
0.669062 1.31885 
0.779015 1.52003 
0.888752 1.76956 
-0.596745 -1.21581 
-0.329422 -0.617777 
-0.365693 -0.716713 
-0.361816 -0.71848 
-0.0901926 -0.217976 
-0.345834 -0.69658 
-0.372838 -0.760107 
-0.315325 -0.617002 
-0.250232 -0.473238 
-0.51628 -1.01472 
-0.393746 -0.815686 
-0.212462 -0.418756 
-0.30066 -0.607092 
-0.275427 -0.60377 
-0.235823 -0.517049 
-0.750404 -1.47236 
-0.743423 -1.47658 
-0.76762 -1.49882 
-0.739785 -1.51147 
-0.806565 -1.6086 
0.23382 0.424482 
0.266532 0.546554 
0.29615 0.582411 
0.277641 0.570536 
0.485918 1.00117 
0.365074 0.723509 
0.319744 0.679005 
0.24523 0.472114 
0.531431 1.09764 
0.411217 0.844321 
0.115334 0.246026 
0.102646 0.200404 
0.045819 0.112537 
0.279739 0.535392 
0.117849 0.246708 
0.307304 0.648226 
-0.109645 -0.252283 
0.0604875 0.112062 
0.0631552 0.0759692 
0.451137 0.885505 
0.927008 1.84035 
0.516341 1.04656 
0.515187 1.07028 
0.823838 1.65368 
0.169112 0.367637 
0.441421 0.870483 
0.118914 0.262163 
0.00366709 0.0421672 
0.210448 0.463829 
0.0696814 0.142964 
0.48736 0.936419 
0.129373 0.200462 
0.187201 0.298842 
0.36143 0.703138 
0.148801 0.274857 
0.367137 0.713662 
0.240856 0.498731 
0.291875 0.561237 
-0.293058 -0.620746 
-0.0727716 -0.148888 
-0.271346 -0.546068 
-0.123675 -0.247041 
-0.238035 -0.490961 
0.0180782 0.0512795 
0.0175227 0.0506016 
0.0268958 0.0667058 
0.215882 0.375459 
0.404874 0.787189 
0.505807 0.99889 
0.308291 0.568023 
0.603156 1.18053 
0.493258 1.06049 
0.336434 0.66516 
-0.546318 -1.10654 
-0.730754 -1.43392 
-0.632897 -1.23903 
-0.497748 -1.00742 
-0.556062 -1.13973 
-0.557016 -1.13902 
-0.140839 -0.340299 
-0.348884 -0.740048 
-0.614948 -1.21717 
-0.622192 -1.29026 
0.576503 1.1368 
0.924597 1.82878 
0.886917 1.79161 
0.780538 1.53337 
0.69484 1.44352 
0.794964 1.63088 
0.751291 1.53282 
0.352974 0.703936 
0.311208 0.578667 
0.594168 1.16262 
0.344596 0.741511 
0.30977 0.582894 
0.338158 0.680083 
0.275323 0.556694 
0.328722 0.681545 
0.216498 0.454326 
0.333041 0.648304 
0.354635 0.724547 
0.356303 0.724956 
0.357311 0.721965 
0.425454 0.804003 
0.382236 0.747826 
0.437929 0.823936 
-0.532035 -1.09491 
-0.297023 -0.589113 
-0.413727 -0.836379 
-0.230296 -0.457567 
-0.235141 -0.459519 
-0.399932 -0.757023 
-0.223538 -0.383549 
-0.210486 -0.458729 
0.445176 0.838459 
0.272514 0.604557 
-0.179233 -0.377295 
0.103202 0.234427 
-0.0766296 -0.167374 
0.107313 0.19838 
0.109073 0.170343 
0.178798 0.362159 
0.267622 0.586791 
0.888352 1.74159 
0.847803 1.6714 
0.773549 1.54652 
0.764444 1.54718 
0.968357 1.94235 
0.464109 0.944566 
0.488921 1.02145 
0.612586 1.23094 
0.606423 1.18899 
0.605488 1.19266 
0.714382 1.44714 
-0.669594 -1.32627 
-0.42342 -0.863398 
-0.190847 -0.334186 
-0.153171 -0.357216 
-0.187469 -0.361396 
-0.35612 -0.74228 
-0.407959 -0.754558 
-0.293105 -0.63741 
-0.27549 -0.558909 
-0.469093 -0.953325 
-0.343809 -0.671087 
-0.450917 -0.86071 
-0.486152 -0.951699 
-0.376503 -0.767121 
0.116479 0.237262 
0.0842244 0.144832 
-0.0635053 -0.10211 
-0.539617 -1.10452 
-0.034685 -0.0129538 
-0.12558 -0.213759 
-0.111018 -0.211526 
-0.0463822 -0.0973941 
-0.0417849 -0.132156 
-0.0274703 -0.0143756 
-0.0712235 -0.113912 
0.723049 1.47928 
0.748626 1.50425 
0.945631 1.86053 
0.787182 1.60557 
0.684636 1.36199 
0.813933 1.68768 
0.708061 1.39026 
0.70663 1.38751 
0.709016 1.39223 
0.712059 1.43829 
-0.703238 -1.37501 
-0.816318 -1.64917 
-0.579748 -1.19074 
-0.715276 -1.43656 
-0.930077 -1.8265 
-0.763874 -1.48546 
-0.88587 -1.80702 
-0.8303 -1.64995 
-0.311054 -0.571351 
-0.19771 -0.377275 
-0.182957 -0.335568 
0.0359568 0.0316305 
-0.172794 -0.334161 
-0.0916069 -0.137559 
0.224094 0.462556 
-0.788576 -1.56593 
-0.596355 -1.19921 
-0.475312 -0.964279 
-0.598737 -1.19967 
-0.497455 -0.97437 
-0.626892 -1.26479 
-0.369722 -0.692123 
-0.48732 -1.01859 
-0.697378 -1.37099 
-0.400886 -0.844574 
-0.509618 -1.02132 
-0.500119 -1.01897 
-0.312035 -0.631104 
-0.437535 -0.902826 
-0.360754 -0.730869 
-0.458328 -0.928354 
-0.334616 -0.706594 
-0.453171 -0.905158 
-0.296632 -0.554817 
-0.332973 -0.632276 
-0.441074 -0.883284 
-0.198717 -0.4338 
-0.738008 -1.49166 
-0.64102 -1.28781 
-0.462473 -0.904023 
-0.753124 -1.49014 
-0.42415 -0.851577 
-0.193589 -0.369069 
-0.567828 -1.09062 
-0.255609 -0.494234 
0.576999 1.12455 
0.0520666 0.0714673 
0.0872823 0.150326 
0.281203 0.532761 
0.174553 0.433926 
0.2087 0.433175 
0.480585 0.97172 
0.310969 0.616022 
0.582153 1.15129 
0.571069 1.20798 
0.411472 0.856382 
0.522202 1.03227 
0.410595 0.873182 
0.385369 0.789687 
0.385975 0.786988 
0.2569 0.447537 
0.163196 0.361695 
0.975488 1.9517 
0.913381 1.83781 
0.29573 0.653305 
0.720618 1.41622 
0.955361 1.90243 
0.852471 1.706 
0.875281 1.72544 
0.648795 1.28251 
0.597667 1.18409 
0.811468 1.6271 
0.621634 1.23025 
0.620901 1.21384 
0.680228 1.31232 
0.933784 1.86894 
0.778646 1.6014 
0.807188 1.62042 
0.560545 1.10505 
0.786092 1.57924 
0.534451 1.08207 
0.692719 1.37697 
0.552905 1.08145 
0.552728 1.08256 
0.675238 1.32954 
0.733852 1.47989 
0.718343 1.46471 
0.732554 1.47972 
0.69116 1.36135 
0.947439 1.88916 
0.836833 1.64715 
-0.652638 -1.2644 
-0.230614 -0.508961 
-0.411872 -0.866974 
-0.639422 -1.31821 
-0.715324 -1.38053 
-0.49626 -1.00516 
-0.493425 -1.00696 
-0.510484 -1.00583 
0.393594 0.768246 
0.620933 1.24936 
0.547766 1.14953 
0.666058 1.33862 
0.642139 1.24971 
0.666011 1.34267 
0.677443 1.34813 
0.304271 0.639234 
0.320078 0.61643 
0.791247 1.61513 
0.730883 1.41512 
0.739189 1.52596 
0.599999 1.2485 
-0.138129 -0.349174 
-0.574252 -1.1374 
-0.570934 -1.137 
-0.931391 -1.88923 
-0.544601 -1.11873 
-0.602795 -1.25528 
-0.694078 -1.38006 
-0.620148 -1.24139 
-0.746702 -1.51833 
-0.769857 -1.54061 
0.142341 0.245223 
-0.0354602 -0.0994705 
0.139483 0.349687 
-0.0493209 -0.122293 
0.0468739 0.0392077 
-0.31661 -0.62488 
0.381563 0.699767 
0.0398261 0.0696098 
-0.081017 -0.193289 
0.220575 0.484835 
-0.162018 -0.311609 
0.11449 0.282224 
0.144721 0.285808 
-0.136828 -0.311239 
0.00966134 -0.0138951 
-0.361528 -0.755428 
-0.253366 -0.525585 
-0.0118916 -0.0276428 
0.17758 0.323701 
-0.289345 -0.609543 
-0.0622883 -0.112037 
-0.0849163 -0.113177 
-0.376554 -0.804748 
0.371547 0.721954 
0.00639151 0.074711 
-0.0970423 -0.212508 
-0.077995 -0.204982 
-0.0238917 -0.0277788 
-0.0241573 -0.0258969 
0.0874719 0.162651 
0.267784 0.525208 
-0.18004 -0.404685 
-0.145085 -0.304918 
-0.60402 -1.15573 
-0.417829 -0.803696 
-0.246094 -0.502947 
-0.250066 -0.502679 
-0.171499 -0.367794 
-0.138328 -0.258665 
-0.171563 -0.297261 
-0.172394 -0.392813 
-0.366508 -0.766707 
-0.105806 -0.205888 
-0.179353 -0.306941 
-0.207569 -0.405401 
-0.333655 -0.683995 
-0.149413 -0.285532 
-0.655406 -1.30767 
-0.330338 -0.666771 
-0.486393 -1.00963 
-0.232307 -0.487162 
-0.310037 -0.58446 
0.274473 0.500353 
-0.322185 -0.629755 
0.125224 0.264712 
0.0187991 0.0727532 
0.146065 0.269355 
0.231832 0.394847 
-0.152887 -0.327717 
-0.152244 -0.322083 
-0.64899 -1.29488 
-0.791016 -1.58174 
-0.361011 -0.744587 
-0.972252 -1.96116 
-0.606195 -1.19532 
-0.662166 -1.3637 
-0.505936 -1.035 
-0.395316 -0.764208 
-0.221729 -0.443604 
-0.320843 -0.608131 
-0.284365 -0.58856 
-0.391643 -0.77639 
0.117972 0.227808 
-0.187846 -0.341203 
-0.246078 -0.530238 
-0.609985 -1.23837 
-0.601092 -1.17116 
-0.245987 -0.447802 
-0.248999 -0.494517 
-0.339448 -0.718301 
-0.782006 -1.55393 
-0.71208 -1.38499 
-0.528953 -1.13415 
-0.465942 -0.934375 
-0.637136 -1.23347 
-0.708783 -1.42872 
-0.599371 -1.21002 
-0.679752 -1.37383 
-0.934867 -1.88223 
-0.810275 -1.62689 
-0.68573 -1.38272 
-0.0646437 -0.133032 
0.201902 0.367223 
-0.309002 -0.627157 
0.8605 1.71491 
0.303867 0.584066 
0.554493 1.12793 
0.351787 0.688621 
0.353212 0.687938 
0.244795 0.487464 
0.290134 0.593919 
0.289298 0.595171 
-0.190487 -0.431801 
0.368741 0.700273 
0.369864 0.689779 
0.194615 0.426377 
0.0104678 6.41424e-05 
-0.132012 -0.269742 
0.292107 0.619502 
0.244875 0.444963 
-0.161386 -0.38755 
-0.13861 -0.267139 
-0.00732035 0.00269782 
0.701256 1.43085 
0.0327748 0.0646413 
-0.939461 -1.86903 
-0.8076 -1.6124 
-0.726529 -1.48077 
-0.651445 -1.34429 
-0.594909 -1.14714 
-0.534201 -1.03338 
-0.286959 -0.534247 
-0.598131 -1.18004 
-0.129859 -0.250894 
-0.642844 -1.26278 
-0.263389 -0.534847 
-0.47074 -0.918137 
-0.286368 -0.535257 
-0.447811 -0.878101 
-0.241197 -0.470037 
-0.322913 -0.648161 
-0.322664 -0.652305 
-0.323494 -0.648634 
0.0540053 0.124712 
0.110455 0.249971 
0.282952 0.575015 
0.186346 0.412073 
0.261033 0.520372 
0.264647 0.470487 
0.264692 0.534647 
0.371227 0.745036 
0.514112 0.985845 
0.49387 1.02646 
0.00460783 -0.0529636 
-0.0314759 -0.0402145 
0.0938989 0.156731 
0.065976 0.159074 
-0.421426 -0.837957 
-0.138102 -0.239704 
-0.210669 -0.481424 
-0.236912 -0.441728 
-0.305855 -0.551796 
-0.0802379 -0.139679 
-0.0965897 -0.195509 
-0.605845 -1.27258 
0.0365361 0.102622 
-0.114943 -0.20392 
-0.367161 -0.750293 
-0.14176 -0.289106 
-0.142381 -0.276245 
0.941317 1.88656 
0.75658 1.48661 
0.74402 1.48896 
0.748522 1.52206 
0.664601 1.28744 
0.79526 1.54542 
0.864551 1.74454 
-0.529731 -1.02456 
-0.428647 -0.887966 
-0.783971 -1.62171 
-0.546592 -1.08908 
-0.559006 -1.14074 
-0.876363 -1.72728 
-0.557702 -1.09644 
-0.520265 -1.03137 
-0.596154 -1.16056 
-0.0594976 -0.12827 
-0.372575 -0.707912 
-0.372666 -0.780827 
-0.456552 -0.854609 
-0.315441 -0.643257 
-0.315167 -0.642335 
0.455506 0.871205 
0.296993 0.620454 
0.297284 0.625355 
0.384603 0.777607 
0.453259 0.905364 
0.361862 0.67837 
0.360048 0.745951 
0.609829 1.19906 
0.393847 0.788827 
0.550475 1.07083 
0.474973 0.943077 
0.474673 0.98225 
0.475037 0.915208 
0.475515 0.912561 
0.321288 0.6277 
0.560671 1.16559 
0.570799 1.14144 
0.426672 0.863147 
0.426092 0.86491 
0.238953 0.473916 
-0.117758 -0.231101 
0.38542 0.763263 
0.388971 0.765751 
0.543524 1.0656 
0.343517 0.667314 
0.321631 0.699456 
0.359993 0.766601 
-0.271017 -0.505746 
-0.197258 -0.417185 
-0.140228 -0.225995 
-0.333718 -0.606546 
-0.148518 -0.252708 
-0.456252 -0.932165 
-0.632307 -1.27195 
-0.528113 -1.04426 
-0.528277 -1.07447 
-0.603885 -1.24633 
-0.481724 -0.963765 
-0.678009 -1.3269 
-0.303064 -0.670405 
-0.558237 -1.13146 
-0.491833 -0.995784 
-0.70094 -1.43065 
-0.547854 -1.13151 
-0.627281 -1.24255 
-0.731369 -1.44985 
-0.982391 -1.95799 
-0.663953 -1.29504 
-0.74994 -1.50303 
-0.642105 -1.27976 
-0.546584 -1.11017 
-0.660196 -1.2813 
-0.387798 -0.740242 
-0.779743 -1.59218 
-0.412664 -0.796169 
-0.657525 -1.29325 
-0.387135 -0.798992 
0.242025 0.53149 
-0.257157 -0.484615 
0.120063 0.289556 
-0.0406944 -0.0937433 
0.125246 0.290201 
-0.00370464 -0.00946679 
0.205334 0.459137 
0.123686 0.253749 
0.123443 0.252106 
0.0728911 0.159864 
-0.254322 -0.551373 
0.162722 0.28864 
0.0979172 0.188936 
0.0487071 0.0815297 
0.0997625 0.189619 
0.0493419 0.117961 
0.597185 1.22376 
0.593231 1.21983 
0.820132 1.66769 
0.819223 1.6215 
0.431558 0.894548 
0.795709 1.59859 
0.670425 1.29495 
0.311424 0.593538 
0.30483 0.665117 
0.443396 0.884457 
0.486269 0.918698 
0.411085 0.822271 
0.735689 1.42374 
0.0713005 0.132305 
0.172326 0.309779 
0.372055 0.762621 
0.0934948 0.197528 
-0.445096 -0.908765 
-0.192509 -0.382531 
-0.363492 -0.709181 
-0.288888 -0.608808 
-0.311223 -0.609207 
-0.258871 -0.509937 
-0.238792 -0.483303 
-0.377898 -0.710203 
-0.0556749 -0.108361 
-0.582904 -1.14166 
-0.372626 -0.808158 
0.685272 1.40344 
0.759569 1.52745 
0.787084 1.5807 
0.833093 1.66958 
0.904336 1.81262 
0.685297 1.32642 
0.639662 1.28794 
0.771978 1.5615 
0.930385 1.86056 
0.185822 0.331429 
0.186291 0.329616 
0.615034 1.21545 
0.28026 0.516831 
0.42389 0.847342 
0.243758 0.460894 
0.298995 0.605189 
0.228999 0.457622 
0.249105 0.481484 
0.264333 0.557828 
0.58395 1.14303 
0.469478 0.950102 
0.433857 0.847967 
0.335451 0.650455 
-0.798351 -1.62629 
-0.8051 -1.5701 
-0.865842 -1.76633 
-0.763149 -1.54471 
-0.856653 -1.7039 
-0.877244 -1.71903 
-0.741662 -1.51322 
-0.814116 -1.61033 
-0.776851 -1.54041 
-0.53778 -1.06409 
-0.149099 -0.314573 
-0.354122 -0.714074 
-0.609244 -1.20939 
-0.567919 -1.16394 
-0.608272 -1.21326 
-0.560619 -1.18382 
-0.347305 -0.708919 
-0.601189 -1.14284 
0.0327169 0.0556403 
-0.154951 -0.277596 
-0.212641 -0.387366 
-0.211739 -0.387831 
-0.185764 -0.386591 
-0.301011 -0.580779 
-0.231979 -0.446422 
-0.109247 -0.219788 
-0.431634 -0.915792 
-0.522167 -1.06114 
-0.263929 -0.565481 
-0.456785 -0.942554 
-0.394023 -0.842157 
-0.33856 -0.682247 
-0.528675 -1.11498 
-0.382157 -0.805287 
-0.124405 -0.254971 
-0.229626 -0.475009 
-0.294916 -0.545589 
-0.565961 -1.14234 
-0.321338 -0.689584 
-0.41294 -0.83506 
0.177851 0.289803 
-0.195872 -0.406299 
0.165081 0.33201 
-0.385 -0.765699 
0.234419 0.532327 
0.104521 0.232089 
0.297023 0.592869 
0.00347766 -0.0111858 
0.00345987 -0.00918935 
0.0162819 0.0836064 
0.241951 0.509456 
-0.256991 -0.566016 
0.184332 0.378064 
-0.385005 -0.822376 
0.179598 0.376928 
0.190073 0.376776 
0.0777544 0.174966 
-0.189072 -0.420491 
-0.0609682 -0.161543 
-0.0418854 -0.0217134 
-0.0827877 -0.161839 
0.252177 0.497526 
0.53316 1.01461 
0.540096 1.13863 
0.507149 1.03164 
0.458278 0.935587 
0.414452 0.8251 
0.578665 1.15989 
0.170202 0.384229 
0.292713 0.536538 
0.41306 0.805967 
0.481155 0.988259 
0.216554 0.436718 
0.473393 0.901795 
0.556758 1.09907 
0.400177 0.795865 
0.500667 0.993465 
0.534919 1.09413 
0.282975 0.596522 
0.0513223 0.0992803 
0.214132 0.415262 
0.529556 0.995039 
-0.0199667 -0.0861903 
0.542067 1.09488 
0.526436 1.04867 
0.460296 0.883649 
-0.702005 -1.39028 
-0.734568 -1.44367 
-0.851347 -1.73132 
-0.815212 -1.64018 
0.427233 0.828699 
0.529708 1.06216 
0.353716 0.671495 
0.163576 0.382561 
0.649107 1.33599 
0.312916 0.656078 
0.337236 0.675563 
0.525538 1.08579 
0.703895 1.41286 
0.62828 1.24448 
0.635142 1.20198 
0.553653 1.14502 
0.773484 1.50788 
0.629073 1.23479 
0.552596 1.10657 
0.644579 1.32613 
0.141734 0.206432 
0.201699 0.429359 
0.539497 1.12799 
0.0427883 0.0769508 
-0.0171915 -0.0255987 
0.0427485 0.0490324 
0.254983 0.526399 
0.139984 0.264721 
0.15047 0.289341 
-0.185257 -0.372 
0.392385 0.810566 
0.289852 0.562121 
0.214834 0.447449 
0.214565 0.383074 
0.756507 1.49575 
0.327516 0.605533 
0.469442 0.986262 
0.288918 0.599095 
0.466691 0.899006 
0.479526 0.998319 
0.565083 1.09783 
0.828822 1.69346 
0.695964 1.38344 
0.533277 1.11278 
0.66979 1.27439 
0.33598 0.707516 
0.376447 0.783841 
0.287671 0.577372 
0.330407 0.674749 
0.416819 0.887521 
0.43718 0.825179 
0.437719 0.839961 
0.522216 1.06349 
0.310119 0.623642 
0.497816 1.00701 
0.438169 0.857357 
0.441821 0.83287 
0.564978 1.09405 
0.370733 0.755206 
0.425512 0.902313 
-0.0158073 -0.0555145 
0.129723 0.239631 
0.332921 0.632764 
0.339402 0.687773 
0.288053 0.584059 
0.142293 0.295623 
0.313738 0.632991 
0.208699 0.383596 
-0.121097 -0.156345 
0.0302259 0.0799168 
0.106246 0.221949 
-0.0478106 -0.0627252 
0.0306891 0.0832753 
-0.0845215 -0.131683 
-0.0554142 -0.0736866 
0.254388 0.479791 
0.345872 0.658229 
0.0796773 0.164136 
-0.591213 -1.18027 
-0.870734 -1.73935 
-0.50803 -1.04991 
-0.678956 -1.36603 
-0.721246 -1.42926 
-0.605569 -1.22406 
-0.714635 -1.46244 
-0.67318 -1.33176 
-0.378981 -0.73015 
0.221841 0.511202 
-0.221004 -0.459527 
0.0472125 0.151173 
0.0797376 0.139315 
-0.102342 -0.220115 
0.214244 0.346428 
-0.064464 -0.0590904 
0.0936085 0.184078 
0.148489 0.257239 
0.073738 0.200429 
0.0740228 0.117955 
0.773542 1.53811 
0.352212 0.773469 
0.503032 0.991008 
0.523897 1.02998 
0.539416 1.03116 
0.53678 1.0302 
-0.752629 -1.54777 
-0.846802 -1.64683 
-0.690013 -1.39894 
-0.968932 -1.94585 
-0.825625 -1.67158 
-0.779903 -1.58195 
-0.837987 -1.66446 
-0.634881 -1.28621 
-0.573499 -1.14686 
-0.860524 -1.7464 
-0.710951 -1.42267 
-0.516057 -1.05362 
-0.577571 -1.13081 
-0.469894 -0.917971 
-0.451289 -0.963622 
-0.146212 -0.267731 
-0.473003 -0.865106 
-0.361528 -0.763109 
-0.345864 -0.663798 
-0.351257 -0.665006 
-0.287683 -0.565234 
-0.289338 -0.599363 
-0.272929 -0.578975 
-0.366376 -0.732559 
-0.487738 -0.980376 
-0.68195 -1.34286 
-0.119691 -0.249173 
-0.343693 -0.723657 
-0.632114 -1.23081 
-0.42197 -0.861199 
0.545687 1.08653 
-0.0464145 -0.0617636 
0.27685 0.587041 
0.443322 0.8708 
0.516306 0.977921 
0.682982 1.38232 
0.362585 0.717357 
0.222889 0.476009 
0.507038 1.01371 
0.446934 0.952418 
-0.413561 -0.845196 
-0.414185 -0.862826 
-0.642355 -1.30382 
-0.135387 -0.29311 
-0.221731 -0.492849 
-0.185584 -0.404215 
-0.799605 -1.60955 
-0.215384 -0.404458 
-0.868391 -1.73793 
-0.610621 -1.2007 
-0.639871 -1.2567 
-0.683509 -1.36076 
-0.921706 -1.84688 
-0.69927 -1.38359 
-0.660498 -1.33456 
-0.677187 -1.33888 
-0.917808 -1.8137 
-0.476666 -1.0098 
-0.941279 -1.89959 
-0.391518 -0.744614 
-0.707868 -1.45316 
-0.709929 -1.40095 
0.955226 1.92808 
0.847517 1.69185 
0.662142 1.37459 
0.857883 1.72317 
-0.0151414 -0.082099 
0.594897 1.21007 
0.654563 1.28605 
-0.482594 -0.996198 
0.192704 0.387904 
0.809951 1.58356 
0.851635 1.74734 
0.389728 0.774824 
0.666167 1.32439 
0.997827 1.97844 
-0.534036 -1.01526 
-0.8432 -1.6782 
-0.391417 -0.790558 
0.671496 1.30804 
0.634704 1.24407 
-0.313229 -0.655942 
-0.695097 -1.35257 
0.274966 0.536927 
-0.990605 -1.97784 
-0.741613 -1.45997 
-0.170943 -0.327723 
-0.354158 -0.730622 
-0.93732 -1.84379 
-0.404171 -0.760742 
0.779785 1.55111 
-0.429942 -0.848778 
-0.00312726 0.0267227 
-0.718798 -1.45126 
0.574479 1.16928 
0.745184 1.49838 
-0.794938 -1.59481 
0.894139 1.78659 
-0.019229 -0.0407128 
-0.938445 -1.88998 
-0.80467 -1.59921 
-0.175556 -0.410746 
0.900516 1.77306 
0.888937 1.79831 
0.284911 0.568818 
0.789969 1.58925 
-0.588192 -1.12968 
-0.771141 -1.56008 
-0.393774 -0.770183 
-0.94637 -1.88453 
-0.883732 -1.7795 
0.515773 1.02095 
-0.164114 -0.294998 
0.952477 1.88049 
0.448307 0.915263 
-0.800771 -1.56696 
0.213855 0.459728 
-0.880036 -1.74847 
-0.755548 -1.53946 
-0.478234 -0.916436 
0.111398 0.26388 
-0.982772 -1.97363 
0.055686 0.152635 
-0.744883 -1.49858 
-0.0837098 -0.235705 
0.718467 1.42966 
0.78186 1.58625 
-0.402248 -0.787314 
-0.610289 -1.18219 
-0.242311 -0.443387 
0.868777 1.72875 
0.900291 1.80136 
0.960509 1.9277 
-0.73388 -1.47237 
-0.173761 -0.382643 
0.46007 0.898454 
-0.189969 -0.399886 
0.159396 0.327485 
0.88846 1.77606 
-0.723619 -1.39086 
0.27316 0.567371 
0.828221 1.67923 
0.569976 1.18196 
0.751222 1.4745 
-0.269086 -0.515427 
0.790107 1.56361 
-0.75311 -1.48318 
0.377461 0.765595 
-0.0512974 -0.0913623 
-0.00423433 -0.0294588 
0.664972 1.27087 
-0.493818 -0.985847 
0.399454 0.783471 
-0.0198966 -0.0949457 
0.248114 0.509102 
0.538024 1.02257 
-0.125899 -0.187794 
0.822351 1.66174 
0.737086 1.46187 
-0.471335 -0.926433 
0.747227 1.45892 
-0.514761 -0.998149 
-0.653055 -1.32606 
0.704975 1.42018 
-0.907715 -1.80041 
-0.204844 -0.364222 
0.668262 1.30224 
0.743177 1.52062 
-0.684423 -1.41053 
0.828102 1.65733 
-0.720596 -1.47236 
0.8071 1.57916 
-0.237674 -0.527508 
-0.690243 -1.41345 
-0.151793 -0.340769 
-0.848579 -1.68893 
0.00235919 -0.0350118 
-0.485735 -0.908804 
-0.988627 -1.96907 
0.538824 1.08044 
-0.998268 -1.99565 
0.517449 1.02716 
0.983595 1.96721 
-0.691012 -1.33415 
-0.31744 -0.666983 
-0.109157 -0.235323 
-0.772788 -1.52222 
-0.929207 -1.83253 
0.246942 0.528931 
-0.650365 -1.33183 
-0.848 -1.70986 
-0.407114 -0.795769 
-0.66062 -1.38005 
-0.208478 -0.464266 
0.642648 1.23139 
-0.3972 -0.823218 
0.569372 1.12679 
-0.0920935 -0.199942 
-0.293207 -0.585767 
-0.519369 -1.08542 
-0.959873 -1.92305 
-0.80753 -1.65492 
-0.54895 -1.05271 
0.616871 1.23519 
0.0421515 0.0645382 
0.392918 0.752045 
-0.22109 -0.429552 
-0.739592 -1.48519 
-0.673934 -1.35181 
-0.940652 -1.87596 
0.606785 1.24845 
-0.285072 -0.553966 
-0.307582 -0.542087 
-0.162725 -0.356899 
0.166772 0.302208 
0.724205 1.43099 
0.818914 1.65474 
-0.803585 -1.57608 
-0.919471 -1.82263 
-0.547863 -1.07963 
-0.737842 -1.41334 
-0.763745 -1.51752 
-0.815578 -1.62682 
-0.49447 -0.940214 
-0.475813 -0.937747 
-0.794358 -1.55042 
-0.501264 -1.03321 
0.799222 1.60617 
0.229341 0.49025 
-0.759944 -1.53668 
-0.75695 -1.4996 
-0.303394 -0.566855 
0.904077 1.79495 
-0.115713 -0.184437 
-0.495212 -1.02255 
0.477105 0.952324 
-0.0826601 -0.155058 
-0.442074 -0.926688 
-0.0297182 -0.0869217 
0.99436 1.98717 
-0.734892 -1.50768 
0.794111 1.57069 
-0.666099 -1.31981 
-0.542713 -1.05862 
-0.419749 -0.821889 
0.843501 1.7183 
0.183872 0.357897 
-0.0631245 -0.148692 
-0.587425 -1.17419 
-0.585692 -1.15491 
0.0571777 0.137886 
-0.429868 -0.873478 
0.311763 0.609154 
0.553776 1.06312 
-0.0936456 -0.228799 
-0.506704 -1.06252 
0.676329 1.3545 
0.906895 1.78731 
-0.876301 -1.75693 
0.27215 0.509786 
0.944575 1.88146 
0.660638 1.34504 
0.908491 1.79469 
0.556055 1.11199 
0.409878 0.815348 
-0.924098 -1.82483 
0.0103543 0.0446953 
0.210644 0.424428 
0.770526 1.52592 
-0.0623919 -0.170469 
0.899287 1.77982 
-0.710477 -1.45831 
0.973261 1.96045 
-0.284573 -0.573729 
-0.113648 -0.140794 
0.763808 1.50132 
-0.915873 -1.83048 
-0.622062 -1.23196 
-0.891334 -1.79124 
-0.553985 -1.12265 
0.660199 1.30555 
-0.581901 -1.20311 
0.306953 0.598504 
-0.695868 -1.41642 
0.353209 0.731909 
0.81158 1.55569 
-0.784878 -1.58407 
0.594912 1.16955 
-0.380457 -0.742868 
0.857133 1.70489 
-0.609434 -1.26691 
0.400689 0.810002 
-0.907717 -1.81567 
0.387845 0.811947 
-0.945352 -1.86598 
-0.10199 -0.15746 
0.228074 0.514236 
-0.192479 -0.391179 
0.559951 1.12621 
-0.255555 -0.457865 
-0.426601 -0.915448 
-0.413647 -0.821686 
0.346793 0.697352 
-0.74677 -1.49199 
0.00834802 0.066928 
0.434756 0.889962 
-0.784903 -1.59761 
-0.031694 -0.0679112 
0.542478 1.05788 
0.800723 1.58017 
-0.179586 -0.393826 
0.00709115 -0.020437 
-0.857239 -1.71726 
0.988186 1.97688 
-0.987809 -1.95873 
-0.462482 -0.925933 
-0.0365674 -0.0498471 
0.745246 1.46967 
0.681565 1.37008 
-0.594586 -1.23128 
-0.64701 -1.28888 
0.730589 1.4535 
-0.902312 -1.80116 
-0.184219 -0.32922 
0.533703 1.10351 
-0.0690144 -0.121402 
-0.258153 -0.499298 
0.609226 1.18236 
-0.227332 -0.481949 
0.712097 1.41667 
-0.726411 -1.41697 
0.267151 0.510206 
-0.774634 -1.50232 
-0.464396 -0.963417 
-0.830268 -1.6703 
0.426035 0.818026 
0.645661 1.31128 
-0.18302 -0.35778 
-0.815856 -1.65613 
-0.818356 -1.61839 
0.636015 1.30146 
0.828631 1.63435 
0.646843 1.25517 
0.956529 1.90914 
0.582028 1.19848 
-0.0282338 -0.075151 
0.931111 1.87852 
0.97749 1.93647 
-0.29186 -0.573386 
0.182072 0.346555 
-0.339937 -0.698383 
0.335021 0.700388 
0.751945 1.52653 
-0.438772 -0.851006 
-0.897835 -1.81763 
-0.944298 -1.87992 
0.44445 0.899076 
-0.630551 -1.25861 
-0.208205 -0.493267 
-0.918732 -1.79585 
0.214245 0.422086 
0.995892 1.99824 
0.935603 1.89935 
-0.411501 -0.804238 
0.639176 1.24437 
0.0107779 0.021853 
-0.833085 -1.68493 
0.690956 1.3864 
-0.333894 -0.613906 
0.632594 1.28172 
0.839723 1.72321 
-0.731148 -1.48986 
0.938236 1.89302 
-0.105488 -0.170528 
-0.677014 -1.32091 
0.839441 1.68839 
-0.974192 -1.94413 
-0.0918295 -0.155129 
0.399617 0.758861 
-0.995589 -1.98041 
0.610701 1.19287 
-0.741861 -1.53004 
0.12352 0.300239 
0.315402 0.639634 
0.590167 1.17323 
-0.404387 -0.781232 
0.356052 0.659977 
-0.102508 -0.180509 
0.466706 0.95901 
-0.329511 -0.598435 
-0.915009 -1.79857 
-0.768372 -1.48219 
-0.388613 -0.782699 
0.418675 0.830556 
0.71647 1.47817 
-0.245549 -0.482468 
0.970673 1.94805 
-0.831425 -1.61317 
-0.505297 -1.00654 
0.690118 1.40832 
-0.8315 -1.64127 
0.601676 1.24074 
0.801269 1.62227 
-0.594052 -1.22097 
0.630424 1.31329 
-0.443759 -0.896621 
-0.785017 -1.54868 
-0.178999 -0.338423 
-0.332494 -0.656525 
0.499134 0.987753 
-0.862167 -1.72203 
0.753149 1.48121 
-0.665684 -1.3314 
0.581105 1.21331 
0.258605 0.495504 
0.0588858 0.106091 
-0.854168 -1.68686 
-0.817905 -1.66247 
0.673685 1.36932 
-0.430521 -0.840358 
-0.775442 -1.54894 
0.680808 1.34079 
0.0919153 0.14971 
0.212318 0.440395 
0.187739 0.39061 
0.0144422 -0.0342282 
0.205055 0.401473 
-0.950659 -1.89165 
-0.621482 -1.25014 
0.0197485 0.0790292 
0.667188 1.36096 
0.0143848 -0.00976201 
-0.710396 -1.43446 
0.385037 0.798579 
0.772184 1.55464 
0.794476 1.55705 
0.883684 1.75518 
0.615378 1.24718 
0.431363 0.901776 
0.0221586 0.0411914 
0.0988191 0.210539 
0.967952 1.93202 
-0.610037 -1.21922 
0.122189 0.312648 
-0.352559 -0.692709 
-0.915245 -1.83685 
-0.0481788 -0.0491499 
0.276242 0.514201 
-0.274019 -0.591018 
0.725511 1.44258 
-0.885929 -1.75171 
0.806162 1.63451 
0.131975 0.274558 
0.921938 1.87294 
-0.00145844 -0.0156232 
0.507981 1.04255 
-0.447896 -0.91985 
0.690529 1.35368 
0.2029 0.407789 
-0.14413 -0.297937 
-0.00930054 -0.0211005 
-0.373465 -0.747265 
-0.217925 -0.415821 
0.654543 1.35585 
-0.235793 -0.504824 
-0.172934 -0.346016 
-0.902687 -1.81656 
-0.0464167 -0.135945 
0.741673 1.47855 
-0.320615 -0.581875 
0.921147 1.85386 
0.889709 1.78709 
-0.328035 -0.625462 
-0.730443 -1.47788 
0.182322 0.319282 
-0.555262 -1.11519 
-0.828036 -1.65551 
0.0148468 0.065533 
-0.716416 -1.48312 
-0.909053 -1.82404 
-0.700343 -1.3972 
-0.0410082 -0.0658774 
0.500947 0.980839 
-0.158133 -0.319443 
-0.794697 -1.5858 
-0.87935 -1.74176 
-0.364224 -0.724599 
-0.700343 -1.42222 
-0.239657 -0.544541 
0.0341738 0.0374015 
0.627116 1.25437 
-0.310624 -0.590978 
-0.879884 -1.76458 
-0.114691 -0.222936 
-0.619856 -1.25849 
0.581389 1.13827 
-0.101731 -0.233522 
-0.509635 -1.02822 
0.838027 1.67144 
-0.540632 -1.04024 
0.470742 0.875279 
-0.508639 -1.04272 
0.623564 1.25876 
-0.0617593 -0.196352 
0.951766 1.89778 
-0.157613 -0.331176 
0.297726 0.572849 
0.160498 0.312841 
-0.725674 -1.40546 
-0.784812 -1.56974 
-0.348653 -0.686982 
-0.0872669 -0.189525 
-0.952886 -1.91068 
-0.922127 -1.85211 
0.108756 0.256437 
0.643141 1.26592 
0.519795 1.01528 
-0.897004 -1.80052 
0.742406 1.49431 
-0.408163 -0.811101 
0.25597 0.536616 
0.563781 1.13862 
0.505098 1.05113 
-0.0901092 -0.167642 
0.763354 1.5399 
-0.305329 -0.609614 
0.983508 1.95736 
0.621241 1.19108 
-0.370112 -0.719579 
-0.226644 -0.459978 
-0.581419 -1.21012 
-0.136271 -0.305206 
0.123028 0.228166 
-0.134344 -0.29849 
-0.856079 -1.73135 
-0.822376 -1.65026 
0.124811 0.19945 
-0.209483 -0.435759 
-0.974247 -1.92942 
0.707912 1.38163 
-0.619524 -1.18408 
0.440728 0.87677 
-0.620121 -1.20321 
0.869532 1.74278 
0.84593 1.65796 
-0.518565 -1.04707 
-0.357906 -0.666368 
0.393806 0.79474 
-0.941287 -1.90564 
-0.23671 -0.453955 
0.896438 1.80319 
0.644875 1.33801 
-0.662819 -1.30496 
0.808631 1.61249 
0.377222 0.746833 
0.427961 0.834499 
0.983092 1.94117 
-0.292713 -0.613794 
-0.342567 -0.686545 
-0.180757 -0.321193 
-0.121132 -0.271032 
-0.528012 -1.01113 
0.486456 0.945574 
0.466019 0.912014 
0.430999 0.877881 
0.334321 0.68416 
0.433301 0.912506 
0.327281 0.639209 
-0.169415 -0.312405 
-0.204099 -0.379229 
-0.867126 -1.69854 
-0.0718758 -0.154845 
0.137056 0.300748 
0.230552 0.505997 
0.211425 0.401949 
-0.316524 -0.580215 
0.197425 0.398464 
0.097163 0.23463 
0.100156 0.168856 
-0.330322 -0.610271 
-0.461712 -0.939914 
-0.442935 -0.890528 
-0.150718 -0.309145 
-0.857371 -1.69587 
0.943871 1.89726 
0.766681 1.51375 
-0.779855 -1.53341 
-0.386375 -0.759651 
0.603625 1.21795 
-0.213493 -0.426076 
0.147681 0.28103 
-0.121803 -0.305749 
0.713971 1.45336 
1.00043 1.9976 
0.230895 0.471812 
-0.791882 -1.57393 
-0.458225 -0.880811 
-0.555845 -1.06223 
-0.338809 -0.634172 
0.136011 0.278414 
-0.201728 -0.427618 
0.487528 0.984201 
-0.0422124 -0.0455812 
-0.898244 -1.78526 
-0.505702 -1.05625 
-0.87097 -1.7455 
-0.631639 -1.24696 
-0.434065 -0.862482 
0.073341 0.11129 
-0.510397 -1.01298 
-0.0852321 -0.205222 
0.00734095 0.0148522 
-0.334807 -0.67014 
-0.0502594 -0.105071 
0.767012 1.56314 
-0.00613334 -0.0171269 
0.723501 1.4593 
-0.298992 -0.636449 
0.153818 0.348837 
0.137422 0.252323 
-0.447809 -0.847439 
-0.579644 -1.12473 
0.362147 0.711724 
0.921033 1.8027 
0.442794 0.910654 
-0.441721 -0.869272 
0.459207 0.944372 
0.0658933 0.15151 
-0.576205 -1.15251 
0.677469 1.37267 
-0.357284 -0.721291 
-0.324253 -0.637379 
-0.628786 -1.27734 
0.453534 0.92959 
0.231707 0.446111 
-0.648282 -1.26064 
0.28575 0.562164 
-0.516775 -1.03974 
-0.171359 -0.356425 
-0.969054 -1.92989 
-0.613836 -1.19731 
-0.0209746 -0.00420074 
0.552552 1.09066 
0.826905 1.62608 
0.647253 1.27561 
-0.893546 -1.77297 
-0.550223 -1.1023 
-0.536055 -1.09014 
0.676062 1.31669 
-0.930748 -1.84486 
0.663859 1.33155 
0.0838762 0.204093 
-0.264504 -0.494499 
0.312754 0.648952 
-0.746591 -1.55437 
-0.85414 -1.68032 
0.955344 1.92219 
-0.522376 -1.01666 
-0.504102 -0.990556 
-0.0510043 -0.115088 
-0.273994 -0.552454 
-0.509057 -0.999102 
0.95401 1.91658 
0.381685 0.78616 
-0.41533 -0.813889 
0.166234 0.323933 
-0.806549 -1.63165 
0.0347611 0.0802914 
0.847007 1.67982 
0.455361 0.919688 
-0.0145592 -0.0724975 
0.489984 0.95542 
0.0883509 0.22241 
0.733749 1.52153 
0.817355 1.61487 
-0.275579 -0.543306 
0.761484 1.50871 
0.395423 0.747586 
-0.761082 -1.52707 
-0.614235 -1.18596 
-0.669022 -1.29676 
0.629534 1.29287 
0.776518 1.56806 
-0.39937 -0.804156 
-0.728442 -1.44581 
-0.382861 -0.771841 
-0.242333 -0.516734 
-0.432582 -0.853466 
0.538113 1.12276 
-0.985687 -1.96458 
0.352243 0.718163 
-0.678473 -1.39421 
0.912056 1.79982 
-0.68542 -1.34598 
0.463841 0.920059 
0.596868 1.15777 
0.0806097 0.120939 
0.709144 1.44294 
0.482471 0.931258 
-0.199506 -0.366798 
0.337676 0.614501 
-0.227335 -0.524995 
-0.649514 -1.32196 
-0.375828 -0.775445 
-0.712562 -1.39462 
-0.293081 -0.643197 
0.118696 0.255039 
-0.130748 -0.28407 
-0.380996 -0.748922 
0.0653113 0.116883 
0.106672 0.245056 
0.201194 0.379777 
0.0260883 0.0827276 
0.107581 0.183169 
0.116504 0.216022 
-0.450422 -0.935933 
-0.927252 -1.87209 
-0.980249 -1.95054 
0.46878 0.928839 
0.807651 1.65454 
-0.425395 -0.88294 
0.532069 1.03553 
-0.637462 -1.29292 
-0.250364 -0.436066 
0.0168798 0.0595936 
0.421019 0.878486 
0.00550801 0.0290031 
-0.143544 -0.282826 
-0.195205 -0.352912 
-0.315933 -0.594378 
0.0476859 0.0271269 
0.130229 0.220729 
0.233852 0.488584 
-0.543292 -1.07523 
-0.0991373 -0.18784 
-0.0911847 -0.149217 
-0.890882 -1.80755 
0.83644 1.66532 
0.224434 0.493515 
-0.0241911 -0.0853016 
-0.694196 -1.42823 
0.172551 0.316847 
0.463598 0.983375 
0.44348 0.892334 
-0.130133 -0.299961 
0.191114 0.363764 
-0.672417 -1.36553 
0.156375 0.336673 
-0.0809519 -0.211878 
-0.111442 -0.17984 
-0.0300036 -0.127252 
-0.0796731 -0.179045 
0.320372 0.595141 
0.180791 0.335992 
0.850663 1.72533 
0.655726 1.32752 
0.389662 0.74798 
-0.768395 -1.53051 
0.309574 0.663233 
0.307737 0.606559 
-0.201145 -0.3527 
-0.654415 -1.24511 
-0.276226 -0.526947 
0.353467 0.665605 
-0.825967 -1.61887 
-0.838075 -1.65822 
-0.0206424 0.00764876 
0.621464 1.22259 
0.280056 0.52684 
0.77155 1.57777 
-0.718991 -1.3859 
0.108378 0.235531 
0.599665 1.20466 
0.11127 0.178164 
0.588479 1.16025 
0.221725 0.443961 
0.349119 0.680199 
0.138663 0.289872 
0.751416 1.49947 
-0.207568 -0.37325 
-0.724176 -1.46199 
0.906007 1.81969 
-0.725999 -1.43131 
-0.558244 -1.08294 
-0.379604 -0.792801 
0.0513758 0.112463 
0.413843 0.849413 
0.111218 0.223406 
-0.473003 -0.959161 
0.768449 1.50054 
0.863221 1.69557 
-0.425989 -0.771432 
-0.0910186 -0.143293 
0.0861254 0.181106 
-0.64502 -1.29836 
0.487723 0.971637 
0.0478956 0.164477 
0.321593 0.65244 
-0.579847 -1.17599 
0.927585 1.8464 
0.156881 0.290391 
0.573306 1.14881 
0.748535 1.5108 
-0.486805 -0.944677 
-0.308555 -0.604388 
-0.0192542 -0.0167144 
-0.806312 -1.59062 
0.0928722 0.224758 
-0.739155 -1.4985 
-0.0382964 -0.076131 
0.45889 0.866972 
-0.872049 -1.73258 
-0.565739 -1.15463 
0.972607 1.94076 
0.584938 1.21871 
0.824288 1.64469 
0.365312 0.687918 
-0.162829 -0.341489 
0.590292 1.14082 
-0.0848575 -0.139776 
0.327313 0.688791 
0.564704 1.16133 
0.130087 0.253368 
0.646747 1.29687 
-0.477523 -0.946243 
0.0641246 0.177238 
0.708784 1.362 
0.186598 0.31963 
-0.0449259 -0.0380821 
0.781117 1.57899 
-0.933215 -1.85763 
-0.221748 -0.467258 
0.0436804 0.0826106 
0.864738 1.71939 
0.680659 1.38743 
0.352783 0.711705 
0.0243954 0.0114354 
-0.692127 -1.40411 
0.195078 0.407587 
-0.751468 -1.5293 
-0.670756 -1.35633 
-0.154248 -0.296721 
-0.104891 -0.163915 
0.927042 1.82232 
-0.259791 -0.522736 
0.2898 0.613082 
0.393823 0.822285 
0.711531 1.40683 
-0.13951 -0.281725 
-0.502181 -0.982346 
0.0908527 0.124855 
-0.558512 -1.10823 
-0.945907 -1.90934 
-0.0197654 0.0213039 
0.251302 0.558643 
0.409245 0.828718 
0.757536 1.51471 
0.195753 0.347714 
-0.665753 -1.31095 
-0.00143749 0.0424562 
-0.452006 -0.914273 
0.409801 0.809514 
0.284102 0.547224 
0.41885 0.825229 
-0.366134 -0.691257 
-0.0354385 -0.0356854 
0.0775636 0.154126 
-0.396959 -0.751652 
0.728935 1.46784 
0.359008 0.739311 
0.85261 1.7123 
-0.606557 -1.2337 
0.2256 0.387594 
0.965732 1.92401 
-0.0535926 -0.127482 
-0.0695055 -0.128158 
-0.654798 -1.34935 
0.10808 0.213456 
-0.425828 -0.836333 
-0.520096 -1.06789 
0.838536 1.68071 
0.884709 1.82229 
-0.337406 -0.711573 
-0.428822 -0.823364 
-0.117061 -0.274647 
-0.147086 -0.327221 
-0.0958089 -0.236255 
0.790212 1.57598 
-0.238534 -0.476081 
-0.467935 -0.977278 
-0.65286 -1.30109 
0.917413 1.81503 
-0.114654 -0.190115 
-0.691411 -1.3756 
-0.10093 -0.225701 
0.530339 1.07181 
0.789105 1.54483 
0.699729 1.38807 
-0.712928 -1.44629 
0.5362 1.0505 
0.621094 1.27802 
0.263882 0.499372 
-0.586291 -1.1893 
-0.377904 -0.735516 
0.781412 1.55802 
-0.221181 -0.482447 
0.913466 1.80851 
-0.439835 -0.863348 
0.365631 0.768073 
0.719371 1.44709 
0.188768 0.400666 
0.542593 1.11181 
0.869316 1.72229 
0.805801 1.60361 
-0.217058 -0.468743 
0.128794 0.26106 
0.260578 0.483497 
-0.567275 -1.10864 
0.507526 0.990787 
-0.183681 -0.363458 
-0.938203 -1.8532 
0.816153 1.63792 
0.289921 0.625217 
-0.492861 -1.03868 
0.322092 0.64519 
0.237932 0.486229 
-0.157604 -0.304891 
0.938733 1.87051 
-0.100118 -0.148548 
-0.841022 -1.69876 
0.455899 0.885451 
0.000885084 0.00728201 
-0.216726 -0.456893 
-0.832482 -1.65478 
-0.831918 -1.63519 
0.347795 0.691114 
-0.391707 -0.761323 
-0.644675 -1.31728 
0.433547 0.864458 
-0.89384 -1.81457 
-0.496249 -0.968551 
0.302737 0.566686 
0.169558 0.345083 
0.240537 0.448339 
-0.718199 -1.46692 
-0.141061 -0.307827 
-0.453812 -0.958903 
0.339505 0.669916 
-0.978383 -1.9624 
0.876296 1.69861 
0.144139 0.26166 
-0.169985 -0.302725 
0.299334 0.612022 
0.127462 0.233178 
-0.00818599 -0.00395035 
-0.863221 -1.68306 
0.473267 0.953925 
-0.608357 -1.24504 
0.922895 1.84788 
0.512092 1.02446 
-0.225446 -0.438488 
-0.257203 -0.54788 
0.291301 0.549544 
-0.967752 -1.93632 
-0.573027 -1.1195 
0.574626 1.09485 
-0.821591 -1.60191 
0.0597399 0.083937 
-0.477442 -0.922388 
0.0176868 0.103458 
-0.323369 -0.662756 
0.865793 1.73322 
0.11328 0.21149 
-0.0728208 -0.160561 
-0.847175 -1.67599 
-0.0285609 -0.053712 
0.236944 0.527015 
0.47885 0.928324 
0.798833 1.59377 
0.891431 1.76482 
0.448939 0.93943 
-0.0748624 -0.180907 
0.660864 1.38205 
-0.209783 -0.423051 
0.625914 1.23988 
-0.966511 -1.9238 
-0.890826 -1.75694 
0.657528 1.29157 
-0.876272 -1.78793 
-0.399331 -0.81863 
0.0710627 0.190304 
-0.871111 -1.76291 
0.882519 1.78603 
-0.923953 -1.86448 
-0.488176 -0.958085 
-0.948726 -1.87667 
0.973922 1.92859 
0.727125 1.48026 
-0.0507419 -0.0855418 
0.657257 1.31081 
0.913862 1.84445 
0.950491 1.87046 
-0.531615 -1.04908 
0.042362 0.089277 
-0.453847 -0.898628 
0.212849 0.370115 
-0.348417 -0.723779 
-0.848025 -1.7234 
0.653705 1.31521 
-0.205417 -0.46015 
0.801386 1.56358 
-0.254386 -0.47069 
0.516631 0.991794 
-0.702376 -1.40377 
0.85903 1.73985 
-0.575423 -1.15973 
-0.361245 -0.68453 
0.0603433 0.126593 
0.194612 0.376833 
-0.28902 -0.510436 
-0.861994 -1.73011 
0.876633 1.74375 
-0.312782 -0.565146 
0.57845 1.17407 
-0.494779 -0.991329 
-0.417241 -0.833351 
-0.653753 -1.33953 
0.403869 0.770695 
-0.324621 -0.616733 
0.817314 1.62659 
0.401701 0.820291 
-0.446549 -0.869931 
0.389685 0.78379 
0.556809 1.08573 
-0.72429 -1.47562 
-0.45857 -0.874405 
-0.769874 -1.57156 
0.490942 0.980418 
-0.315923 -0.630655 
-0.0934924 -0.179594 
0.249882 0.545937 
0.105302 0.159328 
0.470793 0.942649 
-0.435636 -0.896614 
-0.250712 -0.460194 
-0.0362068 -0.0189497 
0.880827 1.74252 
0.679706 1.31789 
0.625188 1.2977 
-0.795092 -1.60648 
0.0239626 0.0705546 
0.167949 0.290643 
0.602023 1.19956 
0.341581 0.655011 
0.495193 0.967227 
-0.644786 -1.27535 
0.317376 0.630381 
-0.811171 -1.58805 
0.15003 0.312199 
0.077851 0.184698 
0.0342286 0.0977676 
-0.0210987 -0.109432 
0.0397878 0.0989199 
-0.603499 -1.21007 
0.70707 1.39804 
-0.608799 -1.18718 
0.768481 1.55012 
0.915639 1.83249 
-0.912049 -1.77629 
-0.550257 -1.06705 
0.61793 1.24202 
-0.404999 -0.837661 
0.336638 0.62821 
0.834184 1.65226 
0.84803 1.71915 
0.223847 0.400575 
0.108618 0.154194 
0.326359 0.656789 
-0.576823 -1.17967 
-0.74344 -1.4876 
-0.615422 -1.24097 
-0.63273 -1.31589 
0.202402 0.41504 
-0.105528 -0.246395 
-0.79321 -1.55601 
0.197073 0.368827 
0.280656 0.589012 
0.767546 1.57344 
0.0963914 0.220832 
-0.293225 -0.563263 
-0.354845 -0.662251 
0.608386 1.22655 
0.301399 0.618127 
-0.0271012 -0.080505 
0.479759 0.979049 
0.20098 0.362042 
-0.432719 -0.890393 
-0.20452 -0.416195 
-0.714893 -1.37322 
-0.00836783 -0.0471784 
0.798163 1.61185 
-0.0612096 -0.136233 
0.294962 0.60332 
0.464471 0.953983 
-0.159581 -0.326172 
0.776531 1.61512 
-0.472494 -0.949885 
0.507592 1.00512 
0.389152 0.801266 
-0.0606488 -0.122149 
0.252433 0.512997 
-0.445568 -0.934248 
-0.653575 -1.2893 
-0.481828 -0.928101 
-0.289124 -0.622905 
0.291808 0.581091 
-0.252078 -0.515388 
-0.764969 -1.52753 
-0.217846 -0.44477 
-0.942484 -1.88684 
-0.712962 -1.41104 
0.0287518 0.0731756 
0.114746 0.22074 
0.067648 0.0912333 
0.240191 0.504794 
-0.12853 -0.22876 
-0.00739843 0.0221263 
0.0627745 0.134322 
-0.439945 -0.921519 
-0.86641 -1.72009 
-0.890725 -1.77786 
0.27014 0.551535 
0.316091 0.614309 
-0.37359 -0.789934 
-0.00356824 -0.00300527 
-0.457453 -0.892037 
0.39596 0.850986 
0.224586 0.427354 
-0.501633 -1.01257 
0.916511 1.86291 
0.716454 1.40333 
-0.959081 -1.929 
-0.536345 -1.09844 
0.103932 0.186212 
0.647328 1.31623 
0.490851 0.96506 
0.704719 1.42668 
-0.293926 -0.594758 
-0.891327 -1.76771 
0.609974 1.23542 
0.208314 0.448584 
-0.681061 -1.38158 
0.494541 0.975322 
-0.767963 -1.51456 
0.406607 0.764222 
-0.69007 -1.38399 
-0.00241459 0.0372077 
-0.424859 -0.869882 
0.526073 1.03794 
0.514357 1.05129 
0.0227713 0.0475706 
-0.268326 -0.570961 
0.768002 1.53762 
0.867183 1.74915 
-0.573567 -1.10053 
0.964946 1.9132 
0.450349 0.860534 
0.489305 0.997271 
0.548381 1.06514 
0.488173 0.990113 
-0.717619 -1.42254 
-0.301172 -0.556085 
-0.0751004 -0.134352 
-0.717036 -1.4755 
0.421682 0.799332 
-0.693819 -1.38506 
0.365946 0.752377 
0.5141 1.00498 
-0.613866 -1.23163 
-0.858232 -1.70976 
0.600735 1.22803 
0.265409 0.552227 
-0.370994 -0.75401 
-0.815492 -1.63224 
-0.848979 -1.66782 
0.563535 1.10884 
0.450974 0.873683 
-0.468609 -0.939675 
-0.835111 -1.66797 
-0.00497377 -0.0437248 
-0.361262 -0.7371 
0.693234 1.35743 
0.957255 1.94166 
-0.466531 -0.901775 
-0.13455 -0.264915 
-0.450865 -0.893342 
0.0239486 0.0360058 
0.97999 1.95153 
-0.153443 -0.33344 
-0.973743 -1.96594 
0.180908 0.367644 
-0.409332 -0.85108 
0.164939 0.316359 
0.55615 1.0703 
-0.562567 -1.09234 
-0.0882512 -0.180767 
0.504959 0.986423 
-0.0871582 -0.159134 
0.67134 1.35618 
0.498394 1.04856 
0.577384 1.13119 
0.392868 0.837579 
0.624148 1.28363 
0.884152 1.73864 
-0.120952 -0.218046 
-0.694435 -1.39694 
-0.697562 -1.36259 
0.873117 1.77821 
0.0878497 0.136564 
-0.604808 -1.23968 
-0.420492 -0.879201 
0.165858 0.371098 
0.0666223 0.136736 
0.112476 0.235697 
-0.210596 -0.400105 
-0.504039 -1.01927 
-0.229068 -0.494226 
0.809844 1.60597 
-0.757241 -1.54819 
-0.0677283 -0.102576 
0.949353 1.9176 
-0.279296 -0.557349 
-0.919946 -1.84213 
-0.235794 -0.479799 
0.696238 1.3735 
-0.000390469 0.0174956 
-0.430231 -0.882105 
-0.305864 -0.622672 
0.338124 0.642735 
0.277499 0.551516 
-0.363492 -0.696326 
-0.0918647 -0.222732 
-0.111849 -0.244819 
-0.159356 -0.354472 
-0.590084 -1.10633 
0.0101095 0.0552069 
0.259733 0.456861 
0.508395 1.05599 
0.925754 1.86331 
0.535737 1.08781 
-0.78118 -1.5753 
0.015887 0.00452934 
0.583795 1.17 
-0.538969 -1.07834 
-0.175189 -0.318781 
0.839984 1.69995 
0.0153171 0.0142097 
-0.312388 -0.622303 
0.562645 1.15098 
-0.219623 -0.38001 
0.931743 1.85263 
-0.248013 -0.452192 
0.0352708 0.0144937 
0.594121 1.15047 
-0.629662 -1.22568 
0.0942818 0.208425 
-0.167536 -0.355037 
-0.00336824 0.00520625 
0.673227 1.32456 
0.591559 1.1794 
-0.532258 -1.03973 
-0.0800326 -0.132114 
0.30544 0.555173 
-0.147858 -0.29097 
-0.468489 -0.967831 
0.861705 1.70929 
0.276901 0.542149 
0.368749 0.732456 
-0.360041 -0.704826 
0.0241975 -0.0315588 
-0.912769 -1.84784 
-0.880911 -1.78439 
-0.299614 -0.631577 
-0.0462923 -0.0557388 
-0.651015 -1.30847 
-0.259664 -0.539875 
0.237173 0.454175 
-0.412584 -0.809343 
-0.326325 -0.667015 
0.762859 1.55266 
0.784633 1.56956 
-0.873335 -1.75141 
-0.464153 -0.951658 
-0.409307 -0.88759 
0.158644 0.2564 
-0.382125 -0.763084 
0.579384 1.08543 
0.821467 1.64958 
0.227591 0.443424 
-0.844815 -1.69086 
-0.533394 -1.06491 
0.70185 1.44478 
0.115382 0.200366 
0.529062 1.05424 
-0.83375 -1.64606 
-0.685991 -1.3891 
-0.732411 -1.46036 
0.569392 1.15709 
0.0263886 0.0575076 
0.264125 0.523643 
-0.00406099 -0.0375407 
-0.0514887 -0.0732887 
0.289932 0.554158 
0.481224 0.96052 
0.714055 1.39514 
0.661356 1.33876 
0.987127 1.98256 
-0.932002 -1.87667 
-0.676302 -1.37574 
-0.303546 -0.63833 
-0.166952 -0.330169 
0.150957 0.302882 
0.101156 0.159864 
0.155587 0.323109 
-0.732939 -1.42211 
0.517716 0.987142 
-0.863734 -1.73538 
-0.875879 -1.77001 
-0.196853 -0.392878 
-0.568636 -1.13055 
0.37503 0.770379 
0.62322 1.16507 
0.415129 0.81819 
-0.826232 -1.61364 
-0.235696 -0.465935 
0.382883 0.754846 
0.184363 0.40219 
-0.286388 -0.594595 
-0.213095 -0.449944 
0.688312 1.33866 
-0.75628 -1.50517 
0.342506 0.680477 
-0.0745718 -0.1198 
0.118297 0.278908 
0.359805 0.691573 
0.734059 1.40999 
-0.616973 -1.192 
0.894078 1.78052 
-0.405767 -0.858462 
0.662683 1.35838 
0.740911 1.44098 
-0.635222 -1.30466 
-0.424039 -0.894323 
-0.302987 -0.614488 
-0.488689 -0.922821 
0.0436307 0.0430205 
-0.128289 -0.24478 
0.266959 0.475475 
-0.0209687 -0.0710115 
0.616274 1.26611 
0.381525 0.763474 
0.752229 1.51406 
-0.913607 -1.81341 
0.784248 1.52512 
0.217477 0.362562 
-0.762679 -1.49967 
0.903151 1.80702 
-0.587173 -1.16117 
-0.59235 -1.19847 
0.437196 0.923976 
0.610303 1.21674 
-0.0673671 -0.146753 
0.480773 1.00461 
-0.295534 -0.608907 
0.235974 0.470223 
-0.189583 -0.367962 
0.0398259 0.0316413 
0.0449984 0.125994 
0.76615 1.52147 
-0.0580421 -0.169797 
-0.224134 -0.431148 
0.132058 0.226093 
0.266748 0.488273 
-0.823677 -1.66609 
-0.377432 -0.746547 
-0.552295 -1.14445 
-0.118142 -0.239461 
0.426933 0.88976 
0.508188 1.03676 
-0.934446 -1.86614 
-0.874374 -1.70016 
-0.550058 -1.12416 
-0.511052 -1.03542 
-0.345255 -0.703044 
-0.81161 -1.60251 
-0.473023 -0.914387 
0.181665 0.294089 
0.114993 0.175446 
-0.391903 -0.801563 
-0.442498 -0.903846 
0.280838 0.557166 
-0.117126 -0.198637 
0.354156 0.752892 
0.470185 0.891729 
-0.840077 -1.69304 
-0.649177 -1.32687 
0.062171 0.0916661 
0.0988456 0.251857 
-0.240339 -0.533223 
0.357143 0.70388 
0.266365 0.57447 
0.255311 0.521181 
-0.927406 -1.85873 
-0.0386498 -0.108523 
0.897816 1.7623 
0.951316 1.90433 
-0.945577 -1.90024 
-0.591466 -1.21134 
-0.0318728 -0.0555806 
-0.540277 -1.06766 
-0.304442 -0.644748 
-0.802848 -1.62988 
-0.277004 -0.576788 
-0.277253 -0.584298 
0.0534304 0.0895287 
-0.723199 -1.45674 
0.292651 0.54241 
-0.0925311 -0.211648 
0.264138 0.505387 
-0.318324 -0.654119 
0.815031 1.62226 
-0.737329 -1.46111 
-0.187822 -0.354658 
0.435865 0.873824 
0.490015 0.939685 
-0.227408 -0.550345 
0.138796 0.218436 
0.504091 0.974029 
-0.808139 -1.61825 
-0.370809 -0.74281 
-0.501176 -0.970562 
-0.130864 -0.262917 
0.495932 1.03154 
0.139594 0.248527 
0.526565 1.01967 
0.93006 1.87294 
0.0056741 0.0349279 
-0.48425 -0.959595 
-0.343892 -0.728434 
0.538042 1.11268 
0.376251 0.777628 
-0.06495 -0.16106 
0.592205 1.20058 
0.43044 0.854039 
0.966398 1.93795 
0.538781 1.06438 
-0.275273 -0.597799 
-0.841629 -1.70939 
-0.334146 -0.664463 
-0.188568 -0.392455 
0.51826 1.039 
-0.531515 -1.01995 
0.911511 1.82304 
-0.0565224 -0.102935 
-0.498639 -1.02554 
0.323319 0.623165 
0.51023 1.01956 
-0.361849 -0.664624 
0.0426959 0.116394 
-0.558038 -1.06646 
0.971837 1.95474 
0.255397 0.50325 
0.833475 1.63477 
-0.283176 -0.546782 
0.829123 1.66888 
0.63317 1.26779 
0.433087 0.907283 
-0.280807 -0.585413 
-0.170387 -0.396977 
-0.175551 -0.38997 
0.273117 0.588849 
0.922177 1.86667 
-0.270276 -0.510632 
0.807128 1.64825 
-0.177316 -0.333708 
0.343476 0.662195 
0.477892 0.965888 
0.410283 0.802497 
-0.638847 -1.25054 
0.51826 1.07653 
0.596516 1.1907 
0.53965 1.03924 
0.219438 0.409102 
-0.620197 -1.28412 
0.0531019 0.0581635 
-0.490624 -0.928043 
0.0295366 0.00615637 
0.585396 1.18564 
0.405412 0.823316 
0.861284 1.75016 
-0.0315962 -0.0165104 
-0.995312 -1.99139 
-0.562404 -1.12946 
0.0121965 -0.00573252 
0.733744 1.50076 
-0.245737 -0.471398 
0.281399 0.508688 
-0.408908 -0.821118 
0.290273 0.604805 
-0.0656061 -0.108425 
-0.155314 -0.35211 
-0.91637 -1.80796 
-0.729058 -1.4577 
-0.782802 -1.56144 
-0.248102 -0.477308 
0.884793 1.77658 
-0.832215 -1.6948 
-0.102812 -0.185823 
0.494227 0.953481 
-0.259559 -0.514993 
0.26166 0.513627 
0.338431 0.653558 
0.0659791 0.146092 
0.147154 0.294257 
0.176952 0.309814 
0.239349 0.443376 
-0.22999 -0.426596 
-0.849432 -1.71683 
-0.498948 -1.00158 
-0.632149 -1.29653 
-0.56247 -1.14379 
-0.089623 -0.194175 
-0.106388 -0.194968 
0.566191 1.1133 
0.723859 1.3971 
0.463768 0.907222 
0.167768 0.362781 
-0.0364028 -0.0842141 
-0.00933115 0.00714665 
0.267871 0.531709 
-0.199439 -0.465079 
-0.373865 -0.713638 
0.258146 0.48828 
0.417641 0.837262 
0.589517 1.18408 
-0.292675 -0.553194 
0.701299 1.40693 
-0.626113 -1.28563 
0.464304 0.882742 
-0.715132 -1.417 
-0.152612 -0.2385 
0.980514 1.9453 
0.843484 1.69075 
-0.500824 -0.940924 
0.206167 0.428381 
-0.384658 -0.752649 
0.685841 1.39546 
0.372102 0.785167 
-0.377036 -0.760658 
0.333808 0.669374 
0.370612 0.740108 
-0.311457 -0.638623 
0.354076 0.653962 
0.00479492 0.0685678 
0.94142 1.85923 
-0.0849251 -0.169374 
0.792779 1.59286 
0.0737571 0.12748 
-0.687589 -1.3617 
-0.120371 -0.286273 
-0.56217 -1.11896 
-0.192973 -0.415956 
0.916999 1.85164 
0.641276 1.30556 
0.342916 0.72594 
0.39827 0.771505 
-0.460409 -0.946346 
-0.661481 -1.3564 
-0.119403 -0.207211 
-0.0352652 -0.0437673 
-0.507576 -0.99284 
0.642441 1.27472 
0.144756 0.31384 
0.831221 1.67452 
0.728515 1.45865 
0.75437 1.53851 
-0.538388 -1.084 
-0.577724 -1.14155 
-0.437651 -0.888154 
-0.320384 -0.639448 
0.0588209 0.169589 
-0.33657 -0.648661 
0.220219 0.449186 
0.200865 0.435999 
-0.708189 -1.38316 
0.463014 0.933481 
0.711861 1.42844 
-0.0958971 -0.158517 
0.374165 0.725956 
-0.458585 -0.936733 
-0.197355 -0.441186 
-0.210107 -0.486444 
-0.342016 -0.676475 
-0.594544 -1.15266 
0.546172 1.06114 
-0.0376582 -0.131287 
-0.950566 -1.88605 
0.137953 0.257117 
0.236528 0.498314 
-0.562904 -1.18753 
-0.370055 -0.76907 
0.128484 0.33507 
-0.705872 -1.41409 
-0.316292 -0.610009 
0.0900128 0.156533 
0.0729495 0.146177 
0.70055 1.41643 
-0.887301 -1.74009 
0.584056 1.2093 
0.573211 1.12795 
-0.329726 -0.681487 
0.0627533 0.101268 
-0.600517 -1.20478 
-0.515468 -1.0254 
-0.159267 -0.291819 
-0.373476 -0.676205 
-0.548037 -1.04652 
0.670745 1.33981 
0.391525 0.805682 
0.47386 0.967541 
0.00687486 -0.00338981 
0.671679 1.39156 
0.611664 1.1886 
-0.440515 -0.899326 
-0.176352 -0.347742 
0.791559 1.60088 
-0.25465 -0.502991 
0.18086 0.39337 
0.140132 0.239315 
0.433441 0.839576 
-0.14739 -0.320023 
-0.752533 -1.50686 
-0.0135001 -0.0406391 
0.568381 1.16207 
-0.0677741 -0.186707 
-0.389094 -0.735391 
0.139047 0.306529 
0.599647 1.17712 
-0.845617 -1.70143 
-0.722576 -1.44635 
0.635553 1.23868 
-0.797875 -1.63133 
0.807246 1.59232 
0.876256 1.75063 
0.882169 1.79668 
0.463448 0.939679 
0.441646 0.90373 
0.220427 0.458657 
0.38208 0.769295 
-0.216991 -0.439144 
0.186062 0.406671 
0.0681256 0.228856 
0.560946 1.15901 
0.0557239 0.110381 
-0.894689 -1.79666 
0.336041 0.659134 
0.782347 1.54721 
0.620626 1.20697 
-0.530727 -1.06895 
0.105848 0.226451 
0.934694 1.87365 
-0.558359 -1.16188 
-0.27129 -0.536189 
0.697554 1.40162 
0.268753 0.578652 
-0.349171 -0.659982 
-0.420001 -0.809883 
-0.615265 -1.22379 
-0.616531 -1.26237 
-0.300484 -0.571652 
0.853473 1.69141 
-0.475352 -1.00284 
-0.0649141 -0.181044 
0.362097 0.734696 
0.312289 0.568148 
-0.28457 -0.56822 
0.470595 0.974729 
0.967222 1.91902 
-0.536311 -1.10867 
0.149885 0.326816 
0.342608 0.69985 
-0.195576 -0.387824 
-0.00710339 -0.0113572 
0.691049 1.392 
0.238 0.42824 
-0.48948 -1.00446 
0.0767206 0.142757 
-0.233059 -0.429219 
-0.914566 -1.80362 
0.374058 0.735856 
-0.207168 -0.381852 
0.142756 0.281774 
0.552004 1.09586 
-0.660415 -1.2885 
-0.630263 -1.25307 
-0.447145 -0.951619 
0.990197 1.98794 
-0.753862 -1.51672 
-0.0238342 -0.0474009 
-0.846238 -1.68405 
-0.956228 -1.92184 
-0.14143 -0.302447 
0.207259 0.39721 
0.0300468 0.0932621 
-0.749687 -1.44816 
0.475002 0.92591 
-0.249695 -0.51947 
0.0541287 0.103002 
-0.731758 -1.42817 
0.142343 0.271094 
-0.398568 -0.768555 
0.147086 0.252147 
-0.0427369 -0.117186 
0.613707 1.28677 
-0.253336 -0.477629 
-0.129832 -0.209815 
0.355296 0.758556 
0.414877 0.842708 
0.0480193 0.104293 
-0.552079 -1.07391 
0.722261 1.48707 
0.617269 1.26137 
0.349153 0.707511 
0.631784 1.21983 
0.544086 1.12484 
0.0246919 0.0182436 
0.546731 1.07247 
0.4139 0.874997 
-0.206164 -0.410359 
0.0796199 0.133946 
-0.514742 -1.0707 
-0.749948 -1.51249 
-0.567298 -1.16948 
0.906095 1.82954 
-0.785805 -1.53722 
-0.0643627 -0.118171 
0.645554 1.32118 
-0.396457 -0.828468 
0.42758 0.873401 
-0.4816 -0.991183 
0.374797 0.800172 
0.681302 1.41561 
0.924291 1.83454 
-0.612338 -1.17602 
-0.640549 -1.29807 
0.492079 1.03338 
-0.818407 -1.63571 
0.99045 1.96342 
0.815362 1.63136 
-0.367633 -0.712551 
-0.825122 -1.64229 
-0.0857607 -0.219774 
-0.435382 -0.918378 
0.639359 1.26533 
0.188672 0.35202 
-0.42022 -0.848395 
-0.358215 -0.692458 
0.331999 0.619235 
0.779054 1.5381 
0.15873 0.276006 
-0.13434 -0.280468 
0.0885407 0.176557 
-0.399895 -0.838223 
0.00680557 -0.0482551 
-0.895439 -1.78992 
-0.116261 -0.254313 
-0.236615 -0.49565 
-0.230996 -0.463405 
0.0999215 0.183383 
0.438902 0.851889 
-0.313594 -0.604761 
0.625851 1.23106 
-0.664248 -1.34395 
-0.397337 -0.810095 
-0.852834 -1.70627 
0.882345 1.80662 
0.0651683 0.121743 
-0.926207 -1.84975 
-0.598748 -1.25553 
0.653063 1.262 
0.173665 0.371534 
-0.105052 -0.236651 
0.455502 0.949611 
-0.799758 -1.59421 
0.262698 0.487406 
0.0109114 0.0782951 
-0.502895 -1.01603 
-0.920185 -1.81398 
0.816047 1.63852 
-0.469942 -0.925141 
0.0147412 0.100658 
0.911533 1.8015 
-0.615994 -1.24308 
-0.635543 -1.27038 
0.516846 1.0318 
-0.72793 -1.45169 
0.159946 0.26898 
-0.597414 -1.1533 
0.0871457 0.152365 
-0.381699 -0.808197 
-0.222293 -0.431526 
-0.767859 -1.52997 
0.451885 0.939674 
-0.352143 -0.739082 
0.104203 0.229531 
-0.245756 -0.51421 
-0.204887 -0.355256 
0.407698 0.820638 
0.670451 1.31073 
-0.0433286 -0.0779983 
0.325096 0.686285 
0.0646025 0.061858 
0.267805 0.567427 
-0.123592 -0.247759 
-0.0993588 -0.191569 
0.233809 0.434987 
-0.553197 -1.10908 
-0.707117 -1.39458 
-0.58473 -1.11661 
-0.867949 -1.7139 
0.345549 0.657538 
0.420256 0.757147 
-0.655017 -1.34708 
0.207933 0.388366 
0.28264 0.587585 
0.664384 1.27852 
-0.00389151 -0.0335754 
0.891108 1.76301 
0.132383 0.249812 
0.669251 1.33978 
0.743958 1.43939 
0.254669 0.490862 
0.759639 1.50732 
-0.286467 -0.533153 
0.561821 1.10784 
0.979277 1.96988 
0.0894264 0.20025 
-0.270391 -0.548307 
-0.195684 -0.349088 
0.0747003 0.114195 
0.240182 0.443109 
0.533122 1.0679 
0.262698 0.587015 
0.254058 0.487237 
0.0109114 -0.0213142 
0.573403 1.15626 
0.430449 0.896052 
0.505102 0.995773 
0.49512 0.956124 
-0.260272 -0.509127 
-0.334979 -0.608736 
-0.147994 -0.282227 
-0.0732865 -0.182618 
-0.0726736 -0.0799205 
-0.0726736 -0.17953 
-0.147381 -0.279139 
-0.0514524 -0.122513 
-0.126159 -0.222123 
0.519867 1.03446 
0.286663 0.571788 
-0.148975 -0.262395 
-0.223682 -0.461614 
-0.152863 -0.233518 
-0.302277 -0.631955 
-0.0787082 -0.132732 
0.292273 0.576815 
0.36698 0.776033 
0.131518 0.248692 
0.206226 0.447911 
-0.0133397 -0.0544833 
-0.0880468 -0.154093 
0.955119 1.9316 
-0.0401121 -0.107341 
-0.430714 -0.862704 
-0.278359 -0.551549 
-0.103354 -0.163497 
0.0460599 0.035722 
-0.102283 -0.201045 
-0.0756587 -0.162392 
-0.000951624 0.0368266 
0.977684 1.96988 
0.169922 0.375678 
0.0952146 0.176459 
0.378822 0.797888 
0.213019 0.418444 
0.0147412 0.00104821 
-0.564003 -1.14703 
-0.270625 -0.547753 
-0.262107 -0.539039 
-0.1874 -0.33982 
-0.511559 -1.08172 
-0.511559 -0.982113 
-0.436852 -0.882503 
0.255326 0.510767 
0.0871647 0.20101 
0.161872 0.30062 
-0.0744391 -0.122121 
0.000267939 -0.0225117 
-0.000180354 0.0145789 
-0.0748874 -0.18464 
0.315076 0.640504 
0.396397 0.796929 
0.383736 0.771872 
0.458246 0.969543 
0.383539 0.770325 
0.515431 1.04732 
0.59003 1.14577 
0.515323 1.04616 
-0.748001 -1.53439 
-0.619145 -1.22698 
-0.473456 -0.928824 
-0.465084 -0.921106 
-0.8314 -1.65016 
-0.380081 -0.729022 
-0.454788 -0.928241 
-0.372235 -0.732436 
-0.446942 -0.931655 
0.168042 0.346592 
0.390863 0.776734 
0.316156 0.577515 
0.725309 1.4609 
0.650602 1.26168 
-0.801401 -1.61318 
-0.430049 -0.832492 
-0.355342 -0.732883 
-0.507741 -1.02789 
-0.460948 -0.927526 
0.391164 0.786724 
0.465871 0.886334 
0.188434 0.386552 
-0.564278 -1.13214 
-0.884057 -1.74643 
-0.884142 -1.74965 
0.76761 1.50492 
-0.25279 -0.520274 
0.0839326 0.178704 
0.00922556 -0.0205152 
0.23366 0.444008 
0.0180276 0.0415408 
0.737109 1.48773 
0.568831 1.09031 
0.7675 1.5277 
0.765155 1.52816 
0.601859 1.18613 
0.527152 1.08652 
0.6019 1.22424 
-0.133027 -0.216425 
-0.207734 -0.415643 
-0.0955554 -0.227815 
0.199626 0.394953 
0.2777 0.577747 
-0.29325 -0.57924 
-0.976217 -1.956 
-0.808221 -1.62197 
0.627766 1.27892 
-0.834978 -1.6528 
-0.444232 -0.904591 
0.281121 0.545182 
-0.360793 -0.750396 
0.00464048 0.0536557 
-0.521021 -1.00791 
-0.72776 -1.45332 
-0.7689 -1.53642 
-0.220285 -0.433448 
0.892225 1.76113 
0.817518 1.66152 
0.103794 0.201473 
-0.508414 -1.03673 
-0.728879 -1.44176 
-0.654172 -1.34215 
0.298143 0.631467 
-0.451473 -0.941017 
-0.0909706 -0.218579 
-0.522662 -1.02983 
0.195106 0.377075 
0.661764 1.34069 
-0.029363 -0.0355288 
0.354307 0.703957 
-0.327199 -0.596352 
-0.177785 -0.397134 
-0.786206 -1.54437 
0.268698 0.578711 
0.750211 1.52358 
0.12031 0.276471 
0.0456032 0.0772526 
0.331301 0.666187 
-0.604781 -1.2697 
-0.604781 -1.17009 
-0.530073 -1.07048 
0.457727 0.962646 
0.138975 0.259399 
0.213682 0.359008 
-0.0643784 -0.171721 
0.777206 1.61456 
-0.321762 -0.685655 
0.340359 0.638984 
0.415066 0.838202 
0.0344136 0.096945 
0.109121 0.196554 
0.730383 1.45881 
-0.5088 -0.986597 
0.523545 1.01959 
0.265263 0.519084 
0.451885 0.840065 
0.273676 0.596444 
0.198969 0.397225 
0.333263 0.721353 
-0.552005 -1.13241 
-0.477298 -0.933195 
0.300923 0.641206 
0.900385 1.78518 
0.11436 0.256422 
0.0341751 0.110187 
0.0310377 0.0851469 
0.590199 1.16903 
0.515492 0.969807 
-0.91771 -1.81803 
-0.00206017 -0.059259 
0.373472 0.778264 
-0.851275 -1.67677 
0.457777 0.930896 
0.532484 1.03051 
0.60643 1.1795 
0.681137 1.37872 
-0.281598 -0.549545 
0.359215 0.704757 
-0.709061 -1.42933 
-0.13222 -0.253671 
0.783602 1.5405 
-0.637628 -1.26512 
0.0550581 0.0301436 
-0.0943559 -0.169075 
0.0853646 0.175057 
0.820381 1.61021 
0.833796 1.65187 
0.332131 0.70997 
-0.833594 -1.68383 
0.505091 0.993796 
-0.40705 -0.882155 
0.817392 1.62315 
-0.261215 -0.519661 
-0.335922 -0.71888 
0.443548 0.939488 
0.294134 0.541051 
0.210928 0.445757 
0.136221 0.246538 
0.540736 1.07861 
-0.203156 -0.417539 
0.624185 1.28818 
-0.552419 -1.08751 
0.0330713 0.0808046 
-0.0203513 -0.0809037 
0.0646025 0.161467 
-0.849966 -1.67757 
-0.349799 -0.687418 
-0.42959 -0.835387 
-0.504297 -1.03461 
0.21804 0.439826 
-0.766778 -1.49935 
-0.692071 -1.39974 
-0.0721729 -0.0828441 
0.786858 1.58094 
0.16329 0.330177 
-0.943355 -1.89272 
0.351324 0.709199 
-0.616298 -1.2426 
-0.174482 -0.314422 
-0.657577 -1.27787 
-0.58287 -1.17826 
-0.728295 -1.46645 
0.994488 1.99408 
0.064253 0.139966 
-0.107449 -0.238283 
-0.410599 -0.873409 
-0.335892 -0.67419 
0.230965 0.457849 
-0.679727 -1.40051 
-0.274135 -0.516571 
-0.199428 -0.416962 
-0.117399 -0.266001 
-0.0426915 -0.0667823 
-0.218055 -0.475532 
-0.143348 -0.276313 
-0.870477 -1.71974 
-0.419177 -0.791768 
-0.704479 -1.39051 
-0.637447 -1.3172 
-0.56274 -1.11798 
0.859916 1.71399 
-0.0486331 -0.117237 
0.353539 0.696902 
0.55145 1.0966 
-0.280742 -0.553525 
0.736226 1.46919 
-0.800993 -1.58693 
-0.363545 -0.673972 
-0.856792 -1.70803 
-0.0285756 -0.0736112 
0.32431 0.659228 
0.249603 0.46001 
-0.148631 -0.350103 
-0.396288 -0.834438 
-0.485628 -0.971998 
0.194809 0.416582 
-0.39641 -0.815678 
-0.321703 -0.616459 
0.943935 1.88979 
0.710547 1.40735 
-0.383073 -0.765275 
0.429234 0.875122 
0.128245 0.281607 
-0.577194 -1.09756 
-0.686705 -1.35967 
-0.269211 -0.580104 
0.0273894 -0.0255988 
0.367176 0.736133 
-0.162345 -0.318446 
0.702958 1.43242 
0.92493 1.83862 
0.92096 1.83767 
-0.602143 -1.20094 
-0.327619 -0.647298 
-0.187381 -0.384437 
0.499222 1.00655 
0.49042 1.0103 
0.431625 0.863904 
0.308929 0.609521 
-0.689292 -1.34254 
-0.932499 -1.8472 
0.625739 1.24105 
0.628631 1.24593 
0.86719 1.74839 
-0.103782 -0.132888 
-0.667701 -1.32782 
-0.961938 -1.91197 
-0.780148 -1.57421 
0.0377881 0.0662169 
0.840705 1.68823 
0.140393 0.306028 
0.187966 0.368635 
0.690907 1.37298 
0.690351 1.37057 
0.185502 0.325174 
0.123711 0.222971 
-0.246662 -0.461278 
-0.245156 -0.460734 
0.0645373 0.0962386 
-0.863898 -1.75683 
0.474104 0.94384 
0.0533384 0.118007 
0.189712 0.351808 
0.0150449 0.0531125 
-0.304347 -0.602272 
-0.142589 -0.244962 
-0.070205 -0.0966286 
-0.743224 -1.4897 
-0.902974 -1.81014 
0.902001 1.825 
-0.392349 -0.740517 
-0.479272 -0.938132 
-0.0328502 -0.0448384 
0.150305 0.278339 
0.965683 1.90902 
0.267183 0.563053 
-0.620736 -1.24659 
-0.932311 -1.84343 
-0.931297 -1.87623 
0.567503 1.11527 
0.0284834 0.0202248 
-0.222293 -0.386513 
0.488423 1.03384 
-0.360411 -0.70708 
0.648457 1.33421 
0.630438 1.31787 
0.380209 0.820685 
-0.0719373 -0.135463 
0.0482939 0.0604032 
-0.17061 -0.354599 
-0.425159 -0.82572 
0.346489 0.628036 
0.177117 0.329223 
0.452143 0.90554 
0.755539 1.49833 
0.708858 1.44038 
-0.237125 -0.467515 
-0.581716 -1.20329 
-0.466583 -0.910274 
-0.312474 -0.578505 
-0.319678 -0.579048 
0.360399 0.771695 
0.159579 0.331228 
0.158994 0.332785 
0.746627 1.44825 
0.653732 1.28191 
0.47858 0.967351 
0.571557 1.14484 
0.387603 0.746596 
0.610041 1.21589 
-0.105709 -0.187746 
-0.25587 -0.563516 
-0.149581 -0.322966 
-0.0577599 -0.152981 
0.568392 1.08524 
-0.394896 -0.790419 
-0.50139 -0.987258 
-0.889272 -1.77245 
-0.27505 -0.583305 
-0.669392 -1.36081 
-0.578979 -1.18081 
0.225263 0.473325 
0.365951 0.76485 
-0.237754 -0.438075 
0.0860527 0.15179 
-0.241808 -0.445723 
-0.481269 -0.943536 
-0.763947 -1.50879 
-0.654655 -1.30991 
0.304775 0.607524 
-0.24119 -0.490482 
-0.00727472 0.00653022 
0.304472 0.560431 
0.320333 0.632508 
0.845948 1.73794 
-0.606361 -1.20115 
-0.432641 -0.816952 
0.36144 0.732702 
-0.185639 -0.37607 
-0.188339 -0.375858 
0.548393 1.12239 
0.606977 1.24643 
0.712248 1.43919 
0.784942 1.5344 
0.785565 1.53753 
-0.416351 -0.85199 
-0.0173332 -0.0188544 
0.425919 0.823188 
0.435502 0.858327 
-0.395911 -0.753732 
-0.559959 -1.16855 
0.380287 0.711627 
0.214568 0.416199 
-0.396815 -0.844732 
-0.544241 -1.05619 
-0.637375 -1.23937 
-0.413748 -0.811341 
-1.00044 -1.99655 
-0.956539 -1.9148 
-0.724713 -1.48895 
-0.678914 -1.37974 
-0.986645 -1.972 
0.262866 0.541976 
0.55946 1.16987 
0.869362 1.69442 
0.227963 0.498731 
0.418636 0.798104 
0.650436 1.3112 
0.514846 1.07043 
0.526868 0.996575 
0.27112 0.520596 
0.674285 1.36111 
0.44527 0.884365 
0.434101 0.856638 
0.49466 0.986145 
0.726883 1.4566 
0.420233 0.860919 
0.344022 0.681922 
-0.64257 -1.29335 
-0.866368 -1.74266 
-0.619583 -1.24754 
-0.833247 -1.64673 
0.576087 1.18563 
0.554909 1.06912 
0.540243 1.04905 
0.635065 1.27859 
0.802327 1.61203 
0.802503 1.60784 
0.698865 1.3872 
0.589439 1.20461 
0.970185 1.93823 
0.166689 0.367399 
-0.161505 -0.332157 
0.816415 1.66351 
0.538298 1.10509 
0.893249 1.80428 
0.66648 1.36687 
0.742837 1.47498 
0.741649 1.46841 
0.0563239 0.148012 
-0.0539978 -0.14561 
-0.0910187 -0.149429 
0.084049 0.141779 
0.519269 1.04289 
0.520488 1.04789 
0.743599 1.53707 
0.17981 0.391481 
0.459884 0.908064 
0.834378 1.65233 
0.834952 1.6565 
0.581622 1.2084 
0.833225 1.67624 
0.833329 1.67587 
-0.538808 -1.09726 
-0.471557 -0.960907 
0.0967008 0.20964 
0.610321 1.2078 
0.793882 1.60492 
0.638748 1.30651 
0.668721 1.30688 
0.143901 0.30883 
0.164004 0.308615 
0.887593 1.77232 
0.855678 1.69664 
0.304117 0.5955 
0.16293 0.298903 
0.0701965 0.199299 
-0.0332523 -0.0971733 
-0.0592637 -0.0989519 
-0.152155 -0.302182 
-0.324428 -0.649179 
0.112571 0.247361 
-0.227783 -0.410269 
-0.456762 -0.893246 
0.187676 0.348219 
-0.198276 -0.3975 
-0.120875 -0.269533 
0.224391 0.46689 
0.149013 0.283285 
0.147947 0.280792 
-0.108968 -0.285799 
0.0517194 0.114126 
0.0316303 0.0459385 
0.155145 0.244308 
0.157881 0.343117 
0.690723 1.36769 
0.599792 1.16776 
0.458176 0.937043 
0.290506 0.602757 
0.616634 1.26688 
-0.485087 -0.992243 
0.624019 1.22012 
0.337273 0.640693 
0.237638 0.487594 
0.238432 0.484836 
0.241452 0.510048 
0.0496815 0.0916753 
0.0486422 0.0906678 
0.149352 0.2907 
0.131156 0.287988 
-0.0856911 -0.198233 
0.137742 0.325226 
0.252112 0.524899 
-0.0175869 -0.0220975 
-0.108938 -0.2191 
-0.0640236 -0.120835 
0.0115334 0.0252629 
0.0111845 0.0225712 
0.0810957 0.183878 
0.49244 0.977471 
0.16388 0.379146 
0.578308 1.17869 
0.00511082 -0.0173739 
0.202616 0.453351 
0.20188 0.455654 
0.357336 0.750507 
0.128881 0.22624 
0.240727 0.478754 
0.505648 1.02278 
0.45679 0.957146 
0.741044 1.50588 
0.393833 0.82313 
0.469731 0.92073 
0.553238 1.09435 
0.476827 0.994242 
0.476111 0.994996 
0.751036 1.49296 
0.500934 1.04228 
0.934972 1.85163 
0.803174 1.59412 
0.44667 0.921831 
0.0795084 0.158835 
0.346101 0.709657 
0.199225 0.361558 
0.371542 0.754841 
0.373703 0.754762 
0.326626 0.656061 
-0.58119 -1.14611 
-0.577478 -1.17865 
-0.577241 -1.21403 
-0.501116 -1.04341 
-0.710699 -1.41391 
-0.623005 -1.21354 
-0.972196 -1.9291 
-0.970842 -1.93149 
-0.832042 -1.65545 
-0.834493 -1.65562 
-0.74962 -1.51571 
-0.283799 -0.608076 
-0.111365 -0.210855 
-0.496424 -1.00815 
-0.111529 -0.23406 
-0.337016 -0.6541 
-0.474416 -0.909126 
-0.186702 -0.434375 
-0.55321 -1.10834 
-0.305218 -0.608432 
-0.334643 -0.669247 
-0.0568872 -0.081692 
-0.355508 -0.770942 
-0.294382 -0.559916 
-0.0731711 -0.155595 
-0.0468782 -0.0856093 
-0.542471 -1.08165 
-0.349726 -0.682184 
0.115106 0.216628 
-0.320058 -0.672661 
-0.0886457 -0.179768 
0.00695181 0.0748487 
-0.294891 -0.620913 
-0.146865 -0.321249 
0.137346 0.277221 
-0.374511 -0.749735 
-0.0176553 -0.0252329 
0.369102 0.719664 
0.716032 1.43435 
0.397264 0.861821 
0.773406 1.55291 
0.0689518 0.172268 
0.436209 0.901999 
0.511719 1.06967 
0.867863 1.73019 
0.796117 1.55419 
0.644977 1.25769 
-0.0035508 -0.0158574 
0.201659 0.42958 
0.44579 0.881748 
0.444257 0.882772 
0.573314 1.17982 
0.463831 0.981736 
0.486895 0.942468 
0.429062 0.840113 
0.499833 0.9576 
0.560447 1.12973 
0.40777 0.78545 
0.0663026 0.136956 
-0.439255 -0.860747 
-0.308868 -0.660496 
-0.255135 -0.560112 
-0.222278 -0.408744 
-0.632917 -1.26074 
-0.522149 -1.04843 
-0.239569 -0.433188 
-0.160548 -0.274453 
-0.30146 -0.599352 
-0.161054 -0.333454 
-0.368498 -0.768133 
-0.376437 -0.730318 
0.126828 0.266696 
-0.45204 -0.884686 
-0.35155 -0.725387 
-0.350277 -0.725843 
-0.131747 -0.232933 
-0.650942 -1.32785 
0.153394 0.267088 
0.0475186 0.136997 
0.44413 0.875425 
0.491976 0.974065 
-0.184374 -0.356556 
0.0333326 0.0490036 
0.403514 0.846256 
0.0288263 0.0497735 
0.153815 0.248977 
0.149109 0.248411 
0.289814 0.556134 
0.158081 0.34813 
0.118085 0.244803 
-0.164571 -0.352057 
-0.220861 -0.453924 
-0.0882367 -0.115496 
-0.201768 -0.378557 
0.135747 0.241636 
0.88105 1.75077 
0.952591 1.9096 
0.954601 1.90805 
0.741183 1.50849 
0.993478 1.97737 
0.968974 1.9331 
0.817197 1.60486 
-0.470234 -0.892337 
-0.255497 -0.504723 
-0.0316965 -0.0167025 
0.551906 1.08729 
0.183406 0.356591 
0.184115 0.360454 
0.108253 0.259026 
-0.785569 -1.56224 
-0.45435 -0.962002 
-0.356103 -0.728537 
-0.904488 -1.83388 
-0.580232 -1.12631 
-0.415906 -0.849172 
-0.526849 -1.08716 
-0.46656 -0.94552 
-0.700756 -1.44972 
-0.317402 -0.633699 
-0.535421 -1.05009 
-0.279317 -0.57431 
0.760186 1.5099 
0.699294 1.40437 
0.704403 1.4076 
0.702026 1.40959 
-0.335834 -0.691095 
-0.0807819 -0.164378 
-0.492561 -0.953957 
0.219121 0.433206 
0.0593091 0.0801159 
0.106867 0.173529 
0.0664525 0.134835 
-0.611123 -1.19594 
-0.176115 -0.336013 
-0.177119 -0.413573 
-0.176816 -0.337326 
0.0173895 -0.0022259 
-0.0752632 -0.101263 
0.0162259 0.0981662 
-0.43457 -0.900244 
-0.145844 -0.301336 
-0.268518 -0.564092 
-0.178573 -0.28737 
0.0951111 0.195819 
0.0471284 0.0957704 
-0.371826 -0.715193 
0.0221404 0.0345396 
-0.223401 -0.511316 
-0.135204 -0.26247 
0.131758 0.182476 
0.309027 0.625703 
0.0723869 0.114009 
-0.04104 -0.0630904 
-0.542311 -1.02476 
-0.769833 -1.55929 
-0.397139 -0.790918 
-0.396082 -0.789955 
-0.541442 -1.12419 
-0.409573 -0.821635 
-0.237338 -0.516711 
0.932578 1.86991 
0.931234 1.87197 
0.728243 1.499 
0.875072 1.76646 
0.981389 1.95391 
0.348433 0.725304 
0.543741 1.07545 
0.239888 0.474147 
0.17477 0.398448 
0.195106 0.39832 
0.337909 0.698301 
0.479085 0.990446 
0.112071 0.294719 
0.158163 0.321056 
0.157786 0.294502 
0.00321973 -0.00216856 
0.303505 0.592285 
0.414085 0.817948 
0.138495 0.331504 
0.174529 0.418892 
-0.231005 -0.376661 
0.025432 0.0658975 
0.371581 0.672638 
0.284128 0.528761 
-0.153245 -0.298863 
0.0149224 0.0189204 
-0.893597 -1.79375 
-0.844828 -1.69951 
-0.53357 -1.04719 
-0.340297 -0.706446 
-0.340306 -0.664023 
-0.414336 -0.847289 
-0.413493 -0.845326 
-0.416982 -0.846749 
-0.591424 -1.2148 
-0.677164 -1.34299 
-0.365292 -0.746917 
-0.411617 -0.793728 
-0.300975 -0.638766 
-0.309496 -0.638571 
-0.491682 -1.03173 
-0.106674 -0.140924 
-0.335805 -0.638696 
-0.107459 -0.240134 
-0.108656 -0.240714 
-0.189167 -0.408777 
-0.187254 -0.430952 
-0.424993 -0.876855 
-0.203413 -0.439813 
-0.817403 -1.60184 
-0.830746 -1.67327 
-0.227791 -0.485943 
-0.362638 -0.682761 
-0.289463 -0.588662 
-0.474172 -0.9793 
-0.396172 -0.771051 
-0.472096 -0.981739 
-0.470355 -0.98197 
0.407108 0.80498 
0.382854 0.707983 
0.0974526 0.212441 
0.180499 0.41022 
0.130971 0.210816 
-0.351859 -0.665877 
0.197056 0.337508 
0.062233 0.101407 
0.305311 0.575169 
0.219069 0.486143 
-0.0626895 -0.125794 
-0.433054 -0.91914 
-0.445667 -0.921664 
-0.0263639 -0.0593004 
-0.10688 -0.185067 
0.114864 0.215231 
-0.0748491 -0.211951 
-0.131882 -0.28249 
0.0285683 0.0144464 
-0.27573 -0.534992 
-0.188941 -0.324376 
-0.0454155 -0.136013 
-0.0247025 -0.0848969 
-0.0451007 -0.13477 
-0.116704 -0.28412 
0.464423 0.887197 
0.469005 0.958334 
0.386911 0.740186 
0.887035 1.78942 
0.798438 1.5776 
0.76169 1.57009 
0.963927 1.90054 
0.515041 1.00812 
0.511551 1.00217 
0.910749 1.84227 
0.908631 1.84188 
0.444618 0.814467 
0.271191 0.501503 
0.66249 1.32393 
0.611706 1.19486 
0.537771 1.09487 
0.315581 0.594397 
0.622743 1.20445 
0.356026 0.679277 
0.380462 0.73888 
0.296038 0.617316 
0.630632 1.26172 
0.577149 1.17024 
0.49125 0.971632 
0.516438 1.08714 
0.446379 0.868214 
0.757075 1.55966 
0.757383 1.46621 
0.607671 1.20608 
0.531674 1.06949 
0.572533 1.12919 
0.641353 1.32237 
0.532862 1.05133 
0.613081 1.23366 
0.251764 0.472476 
0.333982 0.670345 
-0.618979 -1.26997 
-0.787444 -1.58995 
0.661854 1.2956 
0.65988 1.29776 
0.482649 0.947849 
0.218634 0.449459 
0.535783 1.04682 
0.290382 0.558619 
0.698309 1.35324 
0.388291 0.749106 
0.448723 0.850279 
0.826722 1.64234 
0.646043 1.29152 
0.681096 1.34601 
0.59048 1.18913 
0.617505 1.25212 
0.485885 1.03031 
0.493042 1.03209 
0.705908 1.43108 
0.51781 1.07258 
0.516683 1.06687 
0.517126 1.06998 
0.106422 0.233102 
0.602611 1.24297 
0.686035 1.39292 
0.535079 1.04476 
-0.822531 -1.6332 
-0.798663 -1.63632 
-0.795787 -1.63248 
-0.842736 -1.72419 
-0.778065 -1.52588 
-0.739458 -1.42545 
-0.666948 -1.30415 
-0.666797 -1.3269 
-0.696178 -1.38049 
-0.587669 -1.16337 
-0.399334 -0.85824 
-0.347244 -0.758837 
-0.754667 -1.49799 
-0.398209 -0.809126 
-0.400464 -0.75728 
-0.538653 -1.1199 
-0.574616 -1.16073 
-0.252484 -0.52255 
0.420531 0.783007 
0.56324 1.15353 
0.527702 1.01446 
0.645071 1.2694 
0.646856 1.26911 
0.180886 0.371396 
0.525809 1.10243 
0.27787 0.561126 
-0.919397 -1.83694 
-0.848127 -1.65805 
-0.918722 -1.83664 
-0.75555 -1.47388 
-0.876047 -1.76578 
-0.956871 -1.89591 
-0.67245 -1.27458 
-0.603348 -1.18391 
-0.379761 -0.789784 
-0.380966 -0.786994 
-0.52983 -1.02825 
-0.856746 -1.72312 
-0.528763 -1.02817 
-0.496426 -0.970775 
-0.078401 -0.13694 
-0.297614 -0.571791 
-0.609354 -1.21659 
-0.0160575 -0.0321017 
-0.521832 -1.02918 
-0.0119303 -0.0679034 
0.0650455 0.127909 
-0.381762 -0.773772 
-0.382179 -0.78231 
-0.614907 -1.26312 
-0.456498 -0.902127 
-0.218163 -0.449723 
0.0689978 0.147429 
0.537295 1.12081 
0.392256 0.774194 
0.394676 0.741978 
0.205747 0.408127 
0.467894 0.944909 
0.273035 0.535223 
0.613209 1.17404 
0.0780687 0.130611 
0.287316 0.633141 
0.0753737 0.0988134 
0.166514 0.279605 
0.241076 0.479369 
0.316004 0.600579 
0.316796 0.59942 
0.241507 0.491799 
0.346675 0.66343 
0.807678 1.62797 
0.88049 1.72215 
0.822459 1.6587 
0.923537 1.85354 
0.790571 1.56848 
0.545343 1.06162 
0.741266 1.46124 
0.709665 1.35978 
-0.308655 -0.617784 
-0.883368 -1.80821 
-0.715364 -1.44402 
-0.721395 -1.42859 
-0.507877 -1.00238 
-0.580044 -1.12042 
-0.576028 -1.1313 
-0.69931 -1.41304 
-0.316669 -0.60262 
-0.355632 -0.705321 
-0.756892 -1.52701 
-0.499437 -0.931837 
-0.593524 -1.17682 
-0.6044 -1.24141 
-0.361001 -0.724501 
-0.357915 -0.730946 
-0.434446 -0.845267 
-0.740095 -1.47431 
-0.718906 -1.42548 
-0.411503 -0.828626 
-0.64632 -1.25658 
-0.657145 -1.2872 
-0.657207 -1.28703 
-0.572832 -1.11035 
-0.821046 -1.65671 
-0.691246 -1.37674 
-0.684431 -1.36033 
-0.685212 -1.36375 
-0.665868 -1.3442 
-0.476741 -1.01349 
-0.649932 -1.32665 
-0.252419 -0.528137 
-0.704373 -1.42694 
-0.311951 -0.649473 
-0.461594 -0.967329 
-0.462169 -0.876259 
-0.515568 -1.0275 
0.147317 0.350093 
0.331511 0.590437 
0.5837 1.15855 
0.476312 0.985062 
0.47858 0.985681 
0.625214 1.18631 
-0.147126 -0.336717 
-0.0492401 -0.100558 
0.171607 0.317249 
-0.0666348 -0.110915 
-0.203037 -0.411567 
0.083821 0.186928 
0.260723 0.486121 
0.261583 0.485576 
-0.0616851 -0.13817 
0.358616 0.719052 
-0.117008 -0.201243 
0.0349227 0.0319973 
0.180918 0.352172 
0.106033 0.261899 
0.106862 0.264168 
0.260978 0.500683 
-0.161294 -0.36499 
-0.136793 -0.297116 
-0.175485 -0.365967 
0.106592 0.188547 
-0.00564885 -0.0111118 
0.0811295 0.188821 
0.147824 0.321785 
0.790898 1.59253 
0.85605 1.7447 
0.85016 1.72802 
-0.900989 -1.78209 
-0.740844 -1.50436 
-0.520399 -1.03227 
-0.630247 -1.23131 
-0.823378 -1.63004 
-0.63904 -1.28891 
-0.947962 -1.88012 
-0.660074 -1.27128 
-0.809303 -1.62471 
-0.810302 -1.62804 
-0.807272 -1.59877 
-0.855957 -1.69491 
-0.779715 -1.54822 
-0.991492 -1.98701 
-0.716925 -1.45147 
-0.911667 -1.80083 
-0.912193 -1.80169 
-0.971044 -1.94872 
-0.795849 -1.60001 
-0.809509 -1.65252 
-0.744864 -1.44396 
-0.482735 -0.958772 
-0.875074 -1.73425 
-0.524256 -1.05609 
-0.728482 -1.48427 
-0.727641 -1.48886 
-0.729328 -1.49424 
0.740827 1.50372 
0.693537 1.32112 
0.38826 0.807848 
0.843015 1.69199 
0.917266 1.81593 
0.961362 1.92149 
0.767944 1.5738 
-0.444861 -0.918558 
-0.205913 -0.420337 
-0.348893 -0.720646 
-0.251383 -0.47477 
-0.301819 -0.585894 
-0.0225957 -0.0464507 
-0.294888 -0.619188 
-0.293821 -0.615525 
-0.23118 -0.423739 
-0.219568 -0.422469 
0.149068 0.366953 
0.488392 0.996015 
-0.291618 -0.546009 
0.00917321 0.079061 
0.0133346 0.0807367 
-0.195589 -0.362629 
-0.0644785 -0.0433755 
0.208543 0.369677 
-0.0641322 -0.120458 
0.351572 0.739641 
0.231347 0.510811 
-0.122296 -0.233489 
0.264089 0.599928 
0.26006 0.537435 
0.261642 0.533477 
-0.334705 -0.588684 
-0.04081 -0.0581251 
0.12998 0.317045 
-0.0442289 -0.0924862 
-0.102101 -0.157805 
0.0880624 0.141306 
0.426572 0.838956 
0.317134 0.634034 
0.24212 0.459032 
0.784237 1.55487 
0.71145 1.38818 
0.665846 1.35204 
0.806705 1.64374 
0.60777 1.25969 
0.493941 1.02962 
0.568865 1.1072 
0.754315 1.52859 
0.840655 1.6657 
0.635365 1.29178 
0.680631 1.32841 
0.549242 1.10915 
0.914957 1.81988 
0.839621 1.68728 
0.678533 1.32904 
0.676119 1.38503 
0.714052 1.4204 
0.448401 0.886813 
0.44757 0.887856 
0.466578 0.987363 
0.942048 1.88335 
0.940678 1.87965 
0.480269 0.927251 
0.625951 1.22462 
0.393704 0.825718 
0.689995 1.4242 
0.446502 0.926229 
0.602021 1.20735 
-0.162005 -0.313062 
-0.226522 -0.442777 
-0.22979 -0.445721 
-0.373062 -0.801204 
-0.325013 -0.615017 
0.0547338 0.131681 
0.129887 0.270351 
0.393472 0.768643 
0.0920059 0.164222 
-0.156834 -0.286738 
-0.116835 -0.228907 
-0.0114721 -0.0837134 
0.0511036 0.151311 
0.423967 0.8277 
0.368019 0.79362 
0.00943528 0.0378461 
0.273475 0.594879 
0.125123 0.296866 
0.334752 0.692417 
0.27482 0.516039 
0.0422016 0.12635 
0.29262 0.592583 
0.272629 0.493291 
0.657949 1.26811 
0.389901 0.727375 
0.153185 0.306023 
0.427538 0.875127 
0.626893 1.27672 
0.172066 0.35749 
0.271836 0.550653 
0.149625 0.336118 
0.471734 0.908496 
0.35008 0.642455 
0.317931 0.618944 
0.434588 0.885393 
-0.0222861 0.000288892 
0.259624 0.576232 
0.202751 0.430563 
-0.442192 -0.87741 
-0.291819 -0.563702 
-0.218681 -0.425075 
-0.217872 -0.432196 
-0.677599 -1.37697 
0.156784 0.318678 
-0.263182 -0.49523 
-0.202492 -0.380468 
-0.201769 -0.379764 
-0.840938 -1.6705 
-0.885194 -1.7874 
-0.932114 -1.8613 
-0.844023 -1.71998 
-0.844699 -1.7202 
-0.874743 -1.75176 
-0.856303 -1.74351 
-0.278477 -0.596232 
-0.0219716 -0.0242683 
-0.0951811 -0.176169 
-0.0871847 -0.200981 
-0.0893473 -0.200454 
0.414767 0.850539 
0.56741 1.07651 
0.725324 1.47899 
0.628043 1.26084 
0.721964 1.47867 
0.643229 1.34468 
-0.761128 -1.55343 
-0.831366 -1.69574 
-0.909365 -1.79668 
-0.886576 -1.75265 
-0.888438 -1.75456 
-0.646415 -1.27735 
-0.574389 -1.19275 
-0.142492 -0.303918 
-0.660911 -1.30381 
-0.121571 -0.206328 
-0.0897777 -0.205609 
-0.488559 -0.935278 
-0.593369 -1.14197 
-0.594114 -1.1474 
0.3258 0.643945 
0.206852 0.430576 
-0.0722395 -0.149319 
0.186557 0.427017 
0.237312 0.445833 
0.247536 0.445613 
0.33683 0.654254 
0.403373 0.736336 
-0.00815812 -0.0470831 
-0.152045 -0.346428 
0.00836937 0.00891947 
0.0137078 -0.0228074 
0.197792 0.442176 
0.170565 0.291116 
0.00607368 -0.0324092 
0.0318333 0.0526835 
-0.79058 -1.58541 
-0.643644 -1.3067 
-0.566323 -1.17959 
-0.671182 -1.39084 
-0.603004 -1.18655 
-0.686175 -1.38895 
-0.342442 -0.651194 
-0.322517 -0.654176 
-0.405942 -0.784134 
-0.286391 -0.605823 
-0.286316 -0.602669 
-0.362248 -0.709003 
-0.154735 -0.346194 
0.126495 0.239005 
-0.294714 -0.542854 
-0.0702422 -0.156705 
-0.0991763 -0.214288 
-0.0988222 -0.213115 
-0.0355721 -0.0845805 
-0.719488 -1.40514 
-0.767121 -1.51473 
-0.828043 -1.63153 
-0.926572 -1.82266 
-0.428414 -0.889529 
-0.550006 -1.07295 
-0.386091 -0.753817 
-0.446505 -0.908451 
-0.410449 -0.855713 
-0.842844 -1.68485 
-0.818702 -1.61541 
-0.655661 -1.36207 
-0.751222 -1.45298 
-0.554355 -1.14495 
-0.768147 -1.55148 
-0.768611 -1.55185 
-0.446013 -0.852974 
-0.325869 -0.628741 
-0.481433 -0.922572 
-0.306405 -0.564891 
-0.144331 -0.308905 
-0.469809 -0.908198 
-0.474912 -0.907435 
-0.443427 -0.891738 
-0.404786 -0.808303 
-0.402625 -0.807529 
-0.539366 -1.06972 
-0.530303 -1.10526 
-0.381223 -0.760191 
-0.344938 -0.708524 
-0.367628 -0.781516 
-0.381845 -0.734387 
-0.381413 -0.730138 
-0.757176 -1.53757 
-0.611087 -1.23298 
-0.960329 -1.92666 
-0.274027 -0.533232 
-0.455288 -0.915498 
-0.6669 -1.37404 
-0.251369 -0.492938 
-0.5194 -1.01344 
0.828193 1.66148 
0.90321 1.80961 
0.678412 1.36327 
0.817549 1.68085 
0.725302 1.46395 
0.726348 1.46313 
0.852454 1.76139 
-0.111947 -0.196506 
0.191085 0.402143 
0.595381 1.2 
0.240126 0.55247 
0.0159263 0.0654873 
0.283383 0.600547 
0.087397 0.103454 
-0.097936 -0.239002 
0.0718947 0.184305 
0.105199 0.217202 
-0.433616 -0.915676 
-0.492268 -0.982584 
-0.425933 -0.852966 
-0.494544 -0.995179 
0.462423 0.902246 
0.70723 1.40103 
0.621304 1.20073 
0.369789 0.705333 
0.397735 0.808835 
0.398254 0.810433 
0.479672 1.00879 
-0.623317 -1.25765 
-0.624005 -1.25821 
-0.861086 -1.74135 
-0.607794 -1.25325 
-0.63681 -1.24184 
-0.635712 -1.24446 
-0.630924 -1.24406 
-0.606437 -1.24653 
-0.777769 -1.54012 
-0.779869 -1.54175 
0.14031 0.293614 
0.7019 1.42304 
0.522457 1.02126 
0.52154 1.01889 
0.458282 0.930553 
0.545104 1.028 
0.261105 0.553883 
0.180496 0.339869 
0.372913 0.673724 
0.486614 0.959003 
0.514629 1.02845 
0.222994 0.433478 
0.363848 0.731437 
-0.344084 -0.695657 
-0.600657 -1.20342 
-0.299426 -0.643352 
-0.451464 -0.867329 
-0.858034 -1.73732 
-0.259705 -0.544718 
-0.647963 -1.2414 
-0.24084 -0.493681 
-0.136613 -0.219953 
-0.211254 -0.404556 
0.0578445 0.0788837 
-0.165878 -0.296543 
-0.236876 -0.480285 
-0.263343 -0.474785 
-0.298281 -0.62023 
-0.298288 -0.618598 
-0.243453 -0.525799 
-0.494672 -1.03015 
-0.912242 -1.82682 
-0.547712 -1.09763 
-0.629344 -1.22549 
-0.463371 -0.930028 
-0.460807 -0.931566 
-0.650693 -1.29901 
-0.593622 -1.2292 
0.0742916 0.164692 
-0.252763 -0.533788 
0.0618347 0.114586 
-0.115451 -0.252586 
-0.27339 -0.531866 
-0.0569521 -0.111916 
-0.197249 -0.430187 
-0.273459 -0.531086 
-0.571148 -1.13441 
-0.518082 -1.07492 
-0.226652 -0.474361 
0.248662 0.502571 
0.120554 0.253379 
0.0950037 0.179113 
0.631816 1.27335 
0.342263 0.674087 
0.276281 0.575737 
0.407851 0.832272 
0.419773 0.78348 
0.409944 0.75949 
0.735491 1.44804 
0.8257 1.62447 
0.425321 0.844799 
0.658984 1.32406 
0.470319 0.933091 
0.825396 1.63819 
-0.387523 -0.818741 
-0.00287132 -0.034899 
-0.0018772 -0.0360146 
0.382008 0.76227 
0.0233913 0.0628434 
0.0426049 0.0636068 
-0.0554755 -0.133456 
-0.0783632 -0.111957 
0.477718 0.960595 
-0.102171 -0.235294 
0.050429 0.0637256 
0.052103 0.0643279 
-0.390063 -0.732908 
0.215458 0.463513 
-0.00851451 0.0186473 
-0.011284 0.0204963 
0.0456246 0.0956246 
0.194815 0.330031 
0.116973 0.230542 
0.0900327 0.263658 
-0.0572163 -0.0957976 
0.267373 0.504193 
0.406428 0.802048 
0.40796 0.801974 
0.456906 0.919714 
0.636544 1.25261 
0.750766 1.51111 
0.650679 1.28019 
0.399419 0.787371 
0.557988 1.11833 
-0.00563655 0.00438554 
-0.221137 -0.395617 
-0.557571 -1.1558 
-0.332422 -0.696303 
-0.694695 -1.39485 
-0.365303 -0.796192 
-0.205216 -0.36702 
-0.572524 -1.149 
-0.23176 -0.457892 
-0.268153 -0.596267 
-0.0106471 0.000271756 
-0.169851 -0.324165 
-0.179962 -0.4087 
0.34486 0.723837 
0.251729 0.524284 
0.203646 0.420105 
0.66191 1.32206 
0.150814 0.323059 
-0.557611 -1.09601 
-0.683249 -1.34471 
-0.812921 -1.64407 
-0.658971 -1.33365 
-0.793994 -1.55244 
-0.455377 -0.846664 
-0.865329 -1.73009 
-0.0511089 -0.0723157 
-0.12021 -0.218944 
-0.141696 -0.216808 
0.0595238 0.080284 
0.401232 0.772259 
0.0957032 0.18158 
0.145054 0.267345 
0.144499 0.266856 
0.373966 0.729095 
0.837297 1.71963 
0.765943 1.52421 
0.878925 1.73598 
0.749303 1.49043 
0.967803 1.95092 
-0.0816251 -0.147854 
0.000863477 0.0263111 
0.0771048 0.14796 
-0.364069 -0.720976 
0.0264421 0.114392 
0.0853619 0.116044 
0.199613 0.376408 
-0.140599 -0.287407 
0.0379844 0.0691991 
-0.131522 -0.27199 
0.0235495 0.0682752 
0.44522 0.864166 
0.33157 0.628832 
0.317241 0.66683 
0.25521 0.537622 
0.331858 0.699707 
0.33162 0.709637 
0.330259 0.7058 
0.256547 0.549752 
0.517755 1.06508 
0.527384 1.04027 
0.404864 0.824349 
0.40644 0.818233 
0.297634 0.566615 
-0.512666 -1.05564 
-0.73549 -1.43001 
-0.842492 -1.7041 
-0.569363 -1.12336 
-0.81014 -1.61057 
-0.768387 -1.49842 
-0.768006 -1.49322 
-0.706482 -1.44053 
-0.754292 -1.46784 
-0.678866 -1.31457 
-0.17135 -0.387364 
-0.717066 -1.46688 
-0.450179 -0.871408 
0.538124 1.13154 
0.434212 0.822089 
0.381707 0.763185 
0.773225 1.53721 
0.532719 1.05639 
0.516773 1.06173 
0.531147 1.06206 
0.457496 0.949511 
0.460346 0.951217 
0.28884 0.55919 
0.20405 0.460909 
0.204392 0.466087 
0.198461 0.356374 
0.199349 0.357704 
0.28652 0.612116 
0.243049 0.458463 
0.3599 0.689373 
0.213584 0.400204 
0.138528 0.305496 
0.118367 0.265561 
0.1178 0.261913 
-0.752775 -1.48647 
-0.58064 -1.10723 
-0.67766 -1.32822 
-0.32716 -0.678123 
-0.615314 -1.20632 
-0.596292 -1.16541 
-0.70528 -1.40536 
-0.669134 -1.37444 
-0.922685 -1.84989 
-0.47794 -0.968572 
-0.901126 -1.79789 
-0.671141 -1.33021 
0.237296 0.427134 
-0.357232 -0.770313 
-0.109012 -0.17239 
-0.280023 -0.567619 
0.115793 0.202671 
-0.232731 -0.497506 
-0.0649 -0.0716667 
0.0396801 0.0868161 
-0.0802592 -0.171159 
-0.213461 -0.450759 
-0.213587 -0.432112 
0.755199 1.48053 
0.758253 1.51588 
0.615883 1.22348 
0.897104 1.79468 
0.851622 1.71429 
-0.658283 -1.32036 
-0.196707 -0.330451 
-0.532105 -1.08366 
-0.0865411 -0.186064 
0.563009 1.14204 
0.502409 1.03247 
0.417445 0.871865 
0.393564 0.838937 
0.265414 0.539259 
0.553905 1.1572 
0.341681 0.695874 
0.415223 0.815443 
0.414815 0.812769 
0.553914 1.13827 
0.00708414 0.0405991 
0.600239 1.23632 
0.370366 0.739623 
0.367178 0.740258 
-0.117977 -0.308072 
0.216267 0.39426 
0.109839 0.17366 
0.0477751 0.0974856 
0.0450073 0.0998995 
0.753923 1.54135 
0.765941 1.55954 
0.568051 1.16571 
0.567604 1.15924 
-0.620182 -1.19462 
-0.561179 -1.0866 
-0.169502 -0.342884 
-0.187188 -0.394152 
-0.482573 -0.986146 
-0.41789 -0.886866 
-0.323556 -0.689524 
-0.437699 -0.911745 
-0.434036 -0.915162 
-0.34177 -0.727375 
-0.483164 -0.910178 
-0.359296 -0.737216 
0.376028 0.778188 
0.505403 1.0184 
0.448587 0.875816 
0.507073 1.01791 
0.953623 1.89185 
0.651969 1.34425 
0.66057 1.31571 
0.598166 1.17795 
0.593378 1.21885 
0.814262 1.65074 
0.639884 1.31903 
0.324305 0.717945 
0.215769 0.419644 
0.44303 0.919399 
-0.344395 -0.6789 
0.0248775 0.0209656 
-0.0206224 -0.0689844 
0.126869 0.240068 
0.304142 0.644001 
0.56004 1.08306 
0.37825 0.779637 
0.580932 1.12359 
0.335308 0.680878 
0.85721 1.73737 
0.341249 0.74156 
0.509298 1.03953 
0.0888113 0.211074 
0.129646 0.297452 
0.198139 0.453922 
0.170316 0.335095 
0.158034 0.282571 
0.214679 0.496148 
0.202695 0.336903 
0.199393 0.336521 
0.733028 1.47915 
0.721257 1.4463 
0.561653 1.09555 
0.358005 0.721294 
0.416042 0.822752 
0.882554 1.71968 
0.556815 1.11965 
-0.459688 -0.933051 
-0.525424 -1.03248 
-0.519098 -1.034 
-0.511058 -1.01668 
-0.418369 -0.833405 
-0.476436 -0.948798 
-0.402177 -0.821999 
-0.402346 -0.869687 
-0.403509 -0.834146 
-0.40313 -0.847404 
-0.21483 -0.463296 
-0.277932 -0.527178 
-0.294064 -0.604397 
-0.24551 -0.556943 
-0.352129 -0.684985 
-0.716222 -1.4393 
-0.627661 -1.27317 
-0.178964 -0.343362 
-0.469322 -0.938975 
0.299153 0.58288 
0.294679 0.543408 
0.29199 0.542773 
0.290606 0.543193 
0.537088 1.0418 
-0.104634 -0.157124 
0.281213 0.642087 
0.893651 1.76517 
0.811259 1.61491 
0.775532 1.52576 
0.862293 1.70336 
0.849535 1.70364 
0.717223 1.46726 
0.859788 1.72506 
0.861566 1.68574 
-0.311896 -0.683259 
-0.473611 -0.92079 
-0.15197 -0.324251 
-0.0368327 -0.0459354 
-0.035523 -0.0471929 
-0.109617 -0.129686 
-0.146874 -0.241721 
0.226131 0.445366 
-0.00869791 -0.0247243 
0.243871 0.522144 
0.14681 0.229862 
0.147611 0.229481 
0.528411 1.0818 
0.185801 0.384294 
0.462974 0.877395 
-0.0167136 -0.0147911 
0.105886 0.175402 
0.0309649 0.0124229 
0.479946 0.970756 
0.658478 1.36879 
0.673618 1.37421 
0.57769 1.16888 
0.515774 1.01003 
0.577164 1.16796 
0.586209 1.17939 
0.49533 0.945534 
-0.684058 -1.42198 
-0.938741 -1.90131 
-0.837665 -1.68755 
-0.865173 -1.70312 
0.146221 0.247082 
0.0716597 0.0898583 
-0.126623 -0.261823 
-0.142268 -0.258729 
-0.0645543 -0.0873369 
-0.0352957 -0.0694134 
-0.116672 -0.242214 
-0.0891914 -0.158968 
0.121854 0.21004 
0.656463 1.33387 
0.434002 0.832838 
0.317639 0.578388 
-0.821079 -1.64477 
-0.70729 -1.37319 
-0.708426 -1.3772 
-0.868228 -1.77028 
-0.646686 -1.27922 
-0.775709 -1.52174 
-0.5481 -1.1184 
-0.601069 -1.21589 
-0.737149 -1.47784 
-0.796631 -1.57728 
-0.777668 -1.57753 
-0.422733 -0.814529 
-0.74172 -1.51725 
-0.353139 -0.666874 
-0.659634 -1.26407 
-0.527807 -1.01685 
-0.542343 -1.04359 
-0.368744 -0.766993 
-0.369757 -0.765646 
0.72343 1.49043 
0.649564 1.32734 
0.579767 1.13419 
0.779532 1.58041 
0.89369 1.77945 
0.327247 0.677218 
0.616319 1.18703 
0.531748 1.0797 
0.754301 1.47609 
0.669067 1.32989 
0.595529 1.17976 
-0.133049 -0.250296 
-0.264996 -0.528401 
-0.377086 -0.749006 
-0.326923 -0.663378 
0.687701 1.38308 
0.374329 0.767798 
0.364516 0.706855 
0.409212 0.807137 
0.650086 1.30382 
0.60455 1.20488 
0.334756 0.724059 
0.496948 1.00334 
0.262028 0.509678 
0.770846 1.50267 
0.451262 0.903055 
0.451777 0.900289 
0.285278 0.583562 
0.598872 1.25508 
0.210294 0.429598 
-0.317125 -0.662173 
-0.556354 -1.12431 
-0.623242 -1.23689 
-0.823763 -1.62761 
-0.830987 -1.62838 
-0.101868 -0.223916 
-0.677118 -1.36572 
-0.42766 -0.849229 
0.0540029 0.103981 
-0.446637 -0.849982 
-0.514135 -1.05233 
-0.153599 -0.313352 
-0.206867 -0.350629 
0.710234 1.4422 
0.945057 1.90423 
0.760483 1.54024 
0.691672 1.40105 
-0.154654 -0.268179 
-0.260506 -0.575326 
-0.748942 -1.54942 
-0.570207 -1.17014 
-0.580696 -1.16838 
-0.788111 -1.60527 
-0.661347 -1.35313 
-0.394867 -0.768368 
-0.392941 -0.774566 
-0.320263 -0.621017 
-0.320419 -0.61378 
-0.171327 -0.350192 
-0.171275 -0.35313 
-0.320488 -0.645122 
0.0194723 -0.0117101 
-0.244427 -0.474397 
-0.245697 -0.472286 
-0.244633 -0.473349 
-0.310191 -0.629009 
-0.287757 -0.572159 
-0.142188 -0.345756 
-0.263849 -0.55353 
-0.171144 -0.37589 
-0.265861 -0.485073 
0.348767 0.689665 
0.201189 0.408421 
-0.214574 -0.413117 
-0.0664193 -0.166534 
0.077982 0.129831 
-0.491949 -0.968219 
-0.0818519 -0.122843 
-0.0198655 -0.0470658 
-0.449288 -0.897975 
-0.0169213 -0.0696187 
0.0465215 0.075149 
0.0104952 0.0367884 
0.206504 0.35896 
0.160097 0.35132 
0.48649 0.985463 
0.31027 0.584494 
0.305471 0.573561 
0.277794 0.573864 
0.234578 0.470026 
0.819624 1.59279 
0.596538 1.21247 
0.671046 1.3405 
0.762778 1.49627 
0.572937 1.11555 
0.575799 1.14572 
0.986298 1.96704 
0.905463 1.79398 
0.841673 1.68026 
-0.228461 -0.519479 
0.106582 0.24412 
-0.352899 -0.700188 
-0.353406 -0.709287 
-0.352699 -0.697269 
0.280364 0.543705 
0.28284 0.540219 
-0.194745 -0.385836 
-0.185035 -0.354294 
-0.130152 -0.305148 
-0.253031 -0.554371 
-0.17065 -0.35571 
-0.381708 -0.718784 
0.0379417 0.0447087 
0.735527 1.49814 
0.325456 0.621918 
0.299491 0.652584 
0.29843 0.652518 
0.452757 0.899262 
0.455434 0.899309 
0.440036 0.898581 
0.407404 0.798849 
0.405822 0.799505 
0.00462146 -0.000142467 
0.381138 0.752355 
0.703732 1.45989 
0.153393 0.358944 
0.463458 0.899273 
0.720921 1.40732 
0.523406 1.0051 
0.476462 0.91779 
0.507131 1.04836 
0.331315 0.646398 
0.374498 0.749724 
0.77635 1.54598 
0.149463 0.259237 
0.390682 0.759053 
0.850409 1.68919 
0.8729 1.72298 
0.935451 1.8927 
0.664592 1.35235 
0.73633 1.45261 
0.751288 1.45286 
0.881721 1.77986 
0.131167 0.258815 
0.707256 1.35442 
0.291874 0.63981 
0.423245 0.820616 
0.347681 0.721025 
0.810145 1.59931 
0.110013 0.224467 
0.365187 0.749737 
0.261612 0.520307 
0.674922 1.31813 
0.506611 0.981626 
0.369189 0.720258 
0.169474 0.324605 
0.431467 0.920446 
0.638652 1.21763 
0.465755 0.920121 
0.467187 0.919026 
-0.633199 -1.28247 
-0.415925 -0.882686 
-0.713039 -1.39996 
-0.404728 -0.796898 
-0.533673 -1.0618 
-0.534606 -1.08044 
-0.433736 -0.871868 
0.349956 0.6727 
0.304225 0.610219 
0.374344 0.787975 
0.308456 0.614148 
0.406321 0.781771 
0.138503 0.315219 
0.145198 0.310758 
0.435203 0.912237 
0.196223 0.386545 
0.182157 0.397464 
0.183441 0.39533 
0.174397 0.367118 
0.343237 0.647582 
0.210399 0.379915 
0.439136 0.869224 
0.24701 0.511653 
-0.948887 -1.90016 
-0.939306 -1.87967 
0.537788 1.0934 
0.913369 1.83127 
0.665863 1.29285 
0.275343 0.585724 
0.617647 1.24126 
0.643376 1.28113 
0.606594 1.17073 
0.523863 1.06898 
0.473477 0.975392 
0.727697 1.39237 
-0.302231 -0.583209 
-0.64788 -1.31624 
-0.584266 -1.1876 
-0.646553 -1.26713 
-0.249361 -0.482921 
-0.219863 -0.487614 
0.606454 1.23136 
0.988489 1.98818 
-0.348831 -0.71987 
-0.358155 -0.720198 
-0.18657 -0.354574 
-0.18623 -0.357119 
0.0767915 0.175106 
-0.725412 -1.47455 
-0.679033 -1.35293 
-0.464502 -0.899668 
-0.335759 -0.655293 
0.00950321 0.0603636 
-0.237567 -0.519067 
0.30807 0.635241 
0.683436 1.33847 
0.220348 0.455594 
0.21949 0.454176 
-0.696293 -1.39344 
-0.414555 -0.796436 
-0.49509 -1.0073 
-0.693083 -1.3532 
-0.609238 -1.19456 
-0.54162 -1.0946 
-0.545256 -1.0937 
-0.53807 -1.09453 
0.206172 0.398237 
0.136249 0.277688 
0.136063 0.306659 
0.0286516 0.104252 
0.100538 0.169363 
-0.205158 -0.3914 
0.0196696 0.0765143 
0.14515 0.345867 
0.638335 1.26377 
0.88386 1.7634 
0.745357 1.49002 
0.950501 1.88094 
0.595788 1.19416 
0.683177 1.37024 
0.75058 1.50971 
0.984429 1.97588 
0.929994 1.86023 
-0.423498 -0.840764 
0.0576497 0.0915253 
-0.108142 -0.252052 
-0.19325 -0.362836 
-0.0976107 -0.178908 
-0.0982857 -0.181253 
-0.200135 -0.37655 
-0.182221 -0.328242 
0.0309594 0.0315347 
0.00664262 0.0194059 
-0.0924716 -0.192205 
-0.0428414 -0.0961047 
-0.0435585 -0.092799 
0.175192 0.345929 
0.583597 1.17854 
0.620749 1.23313 
0.524124 1.05895 
0.615595 1.24806 
0.615485 1.24368 
0.788869 1.54747 
0.673404 1.35031 
0.399361 0.851237 
0.385663 0.784911 
0.549007 1.08424 
0.396997 0.78464 
0.136861 0.268012 
-0.0287266 -0.0189637 
-0.311815 -0.615225 
-0.282259 -0.583858 
-0.277861 -0.557934 
-0.356487 -0.676154 
-0.272227 -0.516851 
-0.270367 -0.518299 
0.976926 1.9458 
0.498372 0.989187 
0.773808 1.58688 
0.699174 1.39822 
0.656236 1.28837 
0.447692 0.888484 
0.747862 1.48775 
0.698622 1.37134 
0.147274 0.300351 
0.474733 0.94778 
0.62411 1.26091 
-0.702282 -1.42723 
-0.626799 -1.28765 
-0.743669 -1.48648 
-0.588367 -1.18462 
-0.590555 -1.1865 
-0.504351 -0.9876 
-0.901804 -1.82155 
-0.701733 -1.40218 
-0.600049 -1.1883 
-0.598825 -1.18699 
-0.601526 -1.18742 
-0.955035 -1.88588 
-0.729011 -1.4234 
-0.566835 -1.15662 
0.0693047 0.104833 
0.0466778 0.0802883 
0.219715 0.479988 
0.107892 0.182176 
0.0525602 0.0806474 
0.302657 0.622393 
-0.481419 -0.979382 
-0.154082 -0.278219 
0.0188446 0.117433 
0.392411 0.815625 
0.247895 0.483136 
0.038515 0.10365 
-0.0176707 -0.00388784 
-0.0205928 -0.0571615 
-0.0205298 -0.00285569 
-0.0651424 -0.15026 
-0.17621 -0.304269 
0.221809 0.424159 
0.0312292 0.0722878 
-0.0823849 -0.207736 
0.0855987 0.132135 
0.0643664 0.115645 
0.444155 0.860506 
0.0493551 0.126241 
-0.0876461 -0.167583 
0.0630405 0.127607 
0.0633729 0.129966 
-0.733214 -1.45978 
-0.880987 -1.77833 
-0.775405 -1.56023 
-0.908957 -1.81611 
-0.780012 -1.5777 
-0.880593 -1.77554 
-0.551561 -1.0857 
-0.552623 -1.0836 
-0.42994 -0.885138 
-0.416764 -0.820455 
-0.168973 -0.333337 
-0.231019 -0.434123 
-0.33474 -0.684678 
-0.334445 -0.68792 
-0.168749 -0.309302 
-0.127089 -0.295715 
-0.391228 -0.785938 
-0.201281 -0.428861 
-0.296192 -0.59128 
-0.365463 -0.732863 
-0.23009 -0.466593 
-0.30446 -0.574069 
-0.28734 -0.620775 
-0.289567 -0.588179 
-0.00131909 -0.0487702 
-0.281916 -0.635402 
-0.273103 -0.536084 
-0.379427 -0.735974 
-0.440477 -0.836043 
-0.850567 -1.68758 
-0.320168 -0.635619 
-0.585972 -1.23687 
-0.459534 -0.934743 
-0.154208 -0.356893 
0.00960571 0.0410048 
0.143496 0.249152 
0.338968 0.63042 
0.109711 0.20741 
0.196958 0.340906 
-0.759434 -1.51731 
-0.751215 -1.50093 
-0.75223 -1.50042 
-0.795939 -1.59857 
-0.00989462 -0.0374473 
-0.221373 -0.405848 
-0.057542 -0.0839356 
-0.15363 -0.334075 
-0.153849 -0.336387 
0.15725 0.315234 
0.0729598 0.155115 
-0.0227615 -0.0338821 
0.00239285 -0.00366889 
-0.204937 -0.401564 
-0.233959 -0.507922 
0.0996141 0.222912 
0.0830637 0.166572 
-0.405445 -0.780792 
0.282724 0.51811 
0.0762788 0.128566 
0.077555 0.133843 
-0.0342583 -0.0816195 
0.359001 0.759756 
0.163529 0.287916 
0.254616 0.499021 
-0.113203 -0.188444 
0.0759127 0.138448 
0.656839 1.30844 
0.800913 1.62484 
0.859125 1.66478 
0.538606 1.06386 
0.782798 1.55458 
0.695612 1.37406 
0.596187 1.2439 
0.914877 1.85079 
0.583577 1.1832 
0.630949 1.28251 
0.711368 1.42028 
0.783803 1.58931 
0.939271 1.86563 
0.844985 1.65688 
0.730038 1.48109 
0.0206328 0.00545296 
0.0205523 -0.0239583 
0.0893865 0.187379 
0.310369 0.663897 
0.60898 1.22742 
0.255729 0.462994 
0.237481 0.461064 
-0.0436612 -0.122599 
-0.139874 -0.270551 
0.386829 0.727831 
0.282418 0.554123 
0.312965 0.594685 
0.244864 0.467474 
0.570524 1.13419 
0.953629 1.92152 
0.772396 1.56519 
0.868151 1.73374 
0.866358 1.73486 
-0.886692 -1.7978 
-0.747553 -1.47649 
-0.892284 -1.78423 
-0.914946 -1.8466 
-0.968342 -1.91984 
-0.979198 -1.94615 
-0.979619 -1.94789 
-0.982812 -1.94179 
0.117979 0.190908 
0.230555 0.478935 
0.0920172 0.219619 
-0.035919 -0.132736 
0.416909 0.793878 
0.296627 0.56759 
0.338062 0.665141 
-0.107963 -0.230672 
0.69099 1.36454 
0.0901521 0.167831 
0.298126 0.602148 
0.343006 0.68549 
-0.217044 -0.443145 
0.0244023 0.0486429 
-0.0494076 -0.088547 
-0.0726124 -0.146494 
-0.0679147 -0.148483 
-0.0493396 -0.0888407 
-0.0542517 -0.0523417 
-0.279801 -0.546804 
-0.573787 -1.14704 
-0.513482 -1.04283 
0.00722555 0.0512741 
-0.19638 -0.407558 
-0.198206 -0.374616 
-0.19793 -0.415083 
-0.521641 -1.04621 
-0.147204 -0.29178 
-0.12133 -0.258503 
0.266919 0.52754 
0.246312 0.530645 
0.320237 0.608059 
0.354899 0.730025 
0.424881 0.791614 
-0.35204 -0.742999 
-0.542293 -1.06936 
-0.541502 -1.07003 
-0.595451 -1.24164 
-0.678601 -1.39081 
-0.800249 -1.5619 
-0.772514 -1.57027 
-0.676407 -1.34198 
-0.679952 -1.34243 
-0.544856 -1.14375 
-0.646723 -1.24332 
-0.586639 -1.15253 
-0.705328 -1.37033 
-0.295494 -0.631782 
-0.603435 -1.16041 
-0.523731 -1.0695 
-0.526824 -1.07077 
-0.733979 -1.50229 
-0.662567 -1.36204 
-0.447357 -0.960944 
-0.344782 -0.7366 
-0.745703 -1.46871 
-0.73457 -1.44952 
-0.540472 -1.07096 
0.0497719 0.115622 
0.00413896 -0.0144523 
0.0488942 0.110631 
-0.346955 -0.658834 
0.0397263 0.0845063 
-0.287738 -0.554829 
-0.0568432 -0.116333 
-0.375503 -0.707663 
-0.017158 -0.088483 
-0.290453 -0.61455 
-0.0470747 -0.0305868 
-0.0985431 -0.158125 
-0.569247 -1.09697 
-0.253779 -0.465462 
-0.173106 -0.365207 
-0.851697 -1.71511 
-0.787976 -1.57454 
-0.732283 -1.43311 
-0.443714 -0.880882 
-0.692064 -1.36603 
-0.610556 -1.18455 
-0.247529 -0.500946 
-0.236163 -0.450943 
-0.024289 -0.046776 
-0.0999338 -0.175798 
-0.0998411 -0.174853 
-0.0991163 -0.176568 
-0.827922 -1.66472 
-0.829122 -1.66394 
-0.839128 -1.66595 
-0.683782 -1.37301 
-0.589244 -1.13232 
-0.269732 -0.568522 
-0.868025 -1.765 
-0.639419 -1.27713 
-0.127733 -0.200486 
-0.0965681 -0.205022 
-0.0813993 -0.180453 
-0.206336 -0.437182 
-0.110334 -0.2618 
0.54514 1.10008 
0.208621 0.435483 
0.419313 0.771731 
0.450712 0.914204 
0.308374 0.584316 
0.308267 0.632724 
0.305567 0.631578 
0.225587 0.435417 
0.820414 1.63216 
0.670341 1.34159 
0.766444 1.54985 
0.680702 1.3546 
0.681121 1.35497 
0.904472 1.79843 
0.975325 1.96216 
0.693013 1.39266 
0.803753 1.58452 
0.97428 1.95685 
0.820907 1.59519 
0.796669 1.59536 
0.869651 1.69514 
0.919836 1.84101 
-0.129607 -0.261573 
0.140811 0.284664 
0.136954 0.238647 
0.280663 0.539851 
0.165212 0.356883 
0.0646111 0.0858554 
0.11264 0.238138 
0.0869892 0.0927857 
0.0641529 0.0833809 
-0.12826 -0.240724 
-0.0855167 -0.215582 
-0.17832 -0.356305 
-0.180088 -0.357003 
0.000495053 -0.0387649 
-0.107568 -0.257826 
-0.107397 -0.210235 
-0.0692393 -0.127522 
-0.488757 -0.946248 
-0.160978 -0.34296 
-0.182217 -0.365459 
0.269677 0.560806 
-0.0878997 -0.139039 
-0.0621259 -0.139451 
-0.159766 -0.303264 
-0.0614795 -0.138775 
-0.433165 -0.854454 
0.0586291 0.124238 
-0.514278 -1.00611 
-0.410469 -0.80224 
-0.388977 -0.830239 
-0.464039 -0.958365 
-0.372011 -0.741369 
-0.0119756 -0.00827481 
-0.380012 -0.799127 
0.627162 1.25757 
0.276134 0.526947 
0.163617 0.338661 
0.276838 0.526893 
0.506543 1.00809 
0.397326 0.756891 
0.441332 0.853749 
-0.786711 -1.55325 
-0.637012 -1.3016 
-0.690686 -1.40019 
-0.387692 -0.80276 
-0.616134 -1.2188 
-0.75613 -1.50859 
-0.625499 -1.20094 
-0.64399 -1.21578 
-0.276372 -0.606179 
-0.501088 -1.0274 
-0.274149 -0.488668 
-0.273511 -0.492105 
-0.254668 -0.515561 
-0.478966 -0.969204 
-0.0918334 -0.209903 
-0.40465 -0.865005 
-0.426692 -0.796456 
-0.559889 -1.13735 
-0.814598 -1.59403 
-0.961003 -1.90721 
-0.385795 -0.70913 
-0.432229 -0.807981 
-0.0725172 -0.17132 
-0.237439 -0.463706 
0.334588 0.617781 
-0.37466 -0.775693 
-0.360931 -0.698493 
-0.0268931 -0.0935618 
-0.0637241 -0.158723 
0.0210595 0.0327446 
0.0186685 0.0330832 
0.0616842 0.168313 
-0.445378 -0.865221 
-0.162119 -0.277547 
-0.348719 -0.675193 
-0.0639885 -0.0768229 
-0.490115 -0.921563 
-0.861528 -1.71362 
-0.936837 -1.86969 
-0.683059 -1.32106 
-0.835056 -1.63634 
-0.764698 -1.52006 
-0.883584 -1.7653 
-0.883642 -1.76425 
-0.720904 -1.44746 
-0.709979 -1.44885 
-0.459849 -0.888756 
-0.344361 -0.695293 
-0.763462 -1.54117 
-0.552738 -1.16205 
-0.294564 -0.592738 
-0.559528 -1.11042 
-0.396675 -0.793009 
-0.395103 -0.793636 
-0.568847 -1.11237 
-0.493711 -1.00097 
-0.501059 -0.996839 
-0.26168 -0.56697 
-0.41893 -0.86536 
-0.419126 -0.862707 
-0.328839 -0.637097 
-0.772829 -1.54545 
-0.439266 -0.922823 
-0.537965 -1.03715 
-0.528137 -1.04158 
-0.629674 -1.24545 
-0.761286 -1.49692 
-0.692505 -1.4174 
-0.598545 -1.19143 
-0.507513 -0.991094 
-0.699596 -1.36338 
-0.607387 -1.21842 
-0.606977 -1.21816 
-0.712834 -1.39125 
-0.453019 -0.918173 
-0.521651 -1.01802 
-0.959158 -1.93727 
-0.510743 -1.01793 
-0.661839 -1.3173 
0.70392 1.41406 
0.933725 1.84563 
0.768401 1.51369 
0.916375 1.81052 
0.546064 1.05349 
0.695561 1.41497 
0.69546 1.41498 
0.269161 0.58692 
-0.192144 -0.400754 
-0.374541 -0.75881 
-0.368548 -0.754514 
-0.2647 -0.503909 
0.136512 0.215909 
-0.17984 -0.372678 
0.0809218 0.21003 
0.188518 0.379288 
0.184322 0.380549 
-0.0482617 -0.106579 
-0.193891 -0.423016 
-0.0335869 -0.0603726 
-0.119035 -0.216594 
0.785971 1.606 
0.503242 0.971085 
0.530904 1.09384 
0.288984 0.522084 
0.730508 1.49468 
0.731873 1.49317 
0.394808 0.796506 
0.440294 0.895727 
0.402571 0.797855 
0.32536 0.66769 
0.641191 1.29841 
0.557414 1.10226 
0.476243 0.906185 
0.551692 1.11083 
0.553129 1.10703 
0.547757 1.06908 
0.464203 0.934814 
0.487306 0.997681 
0.487854 0.996249 
0.504901 0.997267 
0.819568 1.61323 
0.879394 1.79069 
0.870806 1.74572 
0.651075 1.31374 
0.945291 1.85712 
0.865807 1.71982 
-0.372395 -0.72429 
-0.20747 -0.454308 
-0.0304929 -0.0522801 
-0.3557 -0.65349 
0.720199 1.45683 
0.656942 1.27224 
0.729618 1.46991 
0.551002 1.07023 
0.662897 1.33262 
0.887995 1.79785 
0.912634 1.79387 
0.793043 1.58418 
0.661982 1.36948 
0.541557 1.08674 
0.811669 1.59802 
0.4759 0.998341 
0.487871 0.999499 
0.564692 1.09911 
0.706226 1.39554 
0.442336 0.903029 
0.618397 1.19947 
0.337884 0.699955 
0.339032 0.704108 
0.340234 0.70194 
0.630263 1.29923 
0.373406 0.713039 
0.367709 0.771634 
-0.984565 -1.96114 
-0.925859 -1.86896 
-0.882348 -1.73808 
-0.87575 -1.73736 
-0.851789 -1.70207 
-0.803357 -1.57878 
-0.92727 -1.88527 
-0.852554 -1.73113 
-0.617312 -1.23404 
-0.28759 -0.544788 
-0.362712 -0.76379 
0.0798933 0.124175 
-0.425081 -0.865405 
-0.207797 -0.428291 
-0.227951 -0.474752 
-0.498856 -0.979045 
-0.119482 -0.274027 
-0.212212 -0.421063 
-0.134477 -0.274146 
-0.438638 -0.833916 
0.0411366 0.136407 
0.00662848 0.0347295 
0.00678674 0.0363545 
-0.494175 -0.962805 
-0.22458 -0.49517 
0.0284323 0.0953176 
-0.0793488 -0.156016 
-0.132383 -0.207667 
-0.02733 -0.06321 
0.195309 0.36775 
0.00352795 -0.0555702 
-0.0575077 -0.115116 
-0.685046 -1.397 
-0.64205 -1.3084 
-0.919819 -1.82717 
-0.568355 -1.14211 
-0.930748 -1.83911 
-0.801404 -1.62119 
-0.751488 -1.54129 
-0.74461 -1.49429 
-0.342474 -0.717016 
-0.673138 -1.3205 
-0.815436 -1.62292 
-0.607846 -1.26264 
-0.692715 -1.40854 
-0.724571 -1.3956 
-0.828219 -1.6414 
-0.58071 -1.15672 
-0.459288 -0.920899 
-0.502636 -1.00786 
-0.739392 -1.43854 
0.524943 1.0301 
0.347964 0.700447 
0.270645 0.513881 
0.187644 0.423989 
-0.260062 -0.473514 
0.0683895 0.126051 
0.069084 0.125194 
0.131857 0.259405 
0.408877 0.857761 
0.422047 0.856974 
0.287279 0.559351 
0.130222 0.305667 
0.321159 0.645697 
0.24807 0.558352 
0.477461 0.957438 
0.189758 0.337907 
0.24965 0.515139 
0.175978 0.380259 
0.174971 0.362787 
0.174686 0.361058 
-0.22053 -0.468736 
0.0138474 0.0497997 
0.0937006 0.155671 
0.101157 0.194352 
-0.184832 -0.350163 
0.0583157 0.13858 
0.412488 0.847766 
0.22352 0.445758 
0.0611441 0.15381 
0.0757164 0.128949 
0.000354467 -0.00665476 
0.000429495 0.0617587 
0.000988154 0.00181663 
-0.145651 -0.269149 
-0.648222 -1.28774 
-0.66116 -1.37085 
-0.535991 -1.1103 
-0.518642 -1.05979 
-0.470914 -0.940883 
-0.472465 -0.939664 
-0.321511 -0.673577 
-0.368838 -0.677215 
-0.321162 -0.667729 
-0.312479 -0.560639 
-0.126717 -0.18588 
-0.343322 -0.687006 
-0.467942 -0.992518 
-0.6707 -1.35005 
-0.371003 -0.792617 
-0.55202 -1.07117 
-0.599851 -1.2346 
-0.62871 -1.27047 
-0.485676 -1.00582 
0.103192 0.209419 
0.212211 0.454048 
0.125351 0.248214 
0.269668 0.513862 
0.451295 0.863416 
0.359274 0.714061 
0.115803 0.217438 
0.195076 0.390902 
-0.469482 -0.915355 
-0.607568 -1.21351 
-0.605068 -1.21415 
-0.3741 -0.716239 
-0.213286 -0.379929 
-0.509016 -1.01135 
-0.508815 -1.01329 
-0.281111 -0.51683 
-0.321259 -0.703828 
-0.406751 -0.752341 
-0.435045 -0.891011 
-0.468488 -0.876945 
0.741027 1.4949 
-0.451757 -0.853959 
-0.833368 -1.61965 
-0.838661 -1.69836 
-0.193454 -0.393673 
-0.964742 -1.93701 
-0.298978 -0.564363 
-0.632169 -1.28929 
0.994603 1.98642 
-0.615562 -1.15553 
-0.555287 -1.11621 
-0.33244 -0.661475 
0.894269 1.78747 
0.728508 1.44763 
-0.470313 -0.95242 
0.493625 0.963629 
0.414115 0.83017 
-0.780481 -1.58685 
0.32597 0.631869 
-0.905 -1.79264 
0.463723 0.963482 
0.425921 0.866958 
-0.895277 -1.77699 
-0.27097 -0.556134 
0.756968 1.4896 
0.750419 1.50146 
-0.24614 -0.49333 
0.687855 1.3467 
0.38862 0.793717 
0.908097 1.82682 
-0.539794 -1.06216 
-0.72257 -1.43809 
-0.910423 -1.83469 
0.408466 0.841439 
-0.61634 -1.25542 
0.791607 1.61269 
0.630267 1.23355 
0.247089 0.492043 
-0.811657 -1.63659 
-0.586716 -1.14419 
0.435085 0.846253 
-0.92463 -1.85741 
0.948052 1.91427 
0.546044 1.11582 
0.586298 1.21283 
-0.343344 -0.671069 
0.639372 1.2721 
-0.702062 -1.38193 
0.362054 0.743661 
-0.670826 -1.33864 
-0.731048 -1.47324 
-0.188422 -0.366781 
0.0387932 0.0536135 
0.904716 1.81762 
-0.438522 -0.853254 
0.512336 1.07651 
0.610894 1.25263 
0.508387 1.0297 
0.0402326 0.0966198 
0.0270494 0.0756976 
-0.707279 -1.42002 
-0.629484 -1.25328 
-0.190584 -0.346458 
0.438586 0.877343 
-0.397863 -0.781601 
0.77288 1.57787 
0.566294 1.14793 
0.826548 1.65075 
0.515098 1.01826 
0.70747 1.452 
-0.614846 -1.18958 
-0.317097 -0.626094 
0.95189 1.90016 
0.994169 1.96771 
0.47591 0.936343 
0.96407 1.93983 
0.874759 1.75711 
0.452033 0.930566 
0.976784 1.937 
0.189487 0.319316 
-0.877989 -1.75739 
0.792084 1.55987 
0.646192 1.31607 
0.820704 1.64955 
-0.439968 -0.869741 
-0.456975 -0.879538 
-0.314641 -0.642363 
0.768696 1.49278 
-0.396016 -0.723666 
0.745826 1.51405 
-0.953177 -1.90923 
-0.670886 -1.38224 
0.674584 1.30342 
-0.257584 -0.496466 
0.594648 1.14976 
-0.814729 -1.65724 
0.426065 0.914903 
0.926481 1.84578 
-0.73906 -1.46513 
0.420967 0.836142 
0.0277643 0.0388874 
0.93866 1.85767 
0.565548 1.12265 
-0.762068 -1.53358 
0.838782 1.67296 
-0.605631 -1.23326 
0.678 1.33993 
-0.402791 -0.773853 
0.565991 1.06755 
0.622793 1.26999 
-0.226171 -0.418205 
-0.0576963 -0.0733491 
0.714732 1.45063 
0.731147 1.42454 
0.573968 1.19478 
0.481973 0.938509 
0.153336 0.330828 
-0.479264 -0.991809 
-0.484123 -0.951708 
0.918108 1.86053 
0.860892 1.73224 
-0.446597 -0.944304 
-0.267088 -0.538921 
-0.158347 -0.324666 
0.362 0.798661 
0.256633 0.520023 
0.308975 0.601062 
-0.787466 -1.59646 
0.55783 1.05699 
0.13134 0.219857 
-0.479083 -1.00138 
0.517572 1.05456 
-0.314777 -0.551411 
-0.142213 -0.295235 
-0.381914 -0.750858 
-0.387823 -0.791405 
-0.294597 -0.551646 
-0.873164 -1.77476 
-0.0717011 -0.110122 
0.960323 1.92901 
0.866499 1.75771 
0.865109 1.74179 
0.309805 0.643198 
-0.825306 -1.65073 
-0.113603 -0.222079 
-0.0650899 -0.100642 
0.797143 1.56552 
0.537847 1.11273 
-0.165551 -0.360275 
-0.575685 -1.13922 
-0.943563 -1.87392 
0.748774 1.47951 
0.359894 0.779251 
-0.795522 -1.60716 
-0.970367 -1.93998 
0.404815 0.791678 
0.247557 0.437965 
0.16413 0.319789 
-0.302644 -0.623648 
0.722942 1.43546 
0.353913 0.716109 
0.331792 0.637543 
-0.0362067 -0.0314621 
-0.714907 -1.42028 
0.225474 0.457536 
-0.924257 -1.83225 
0.55334 1.12925 
0.48482 0.974939 
0.899009 1.77553 
0.188699 0.330776 
0.719153 1.42385 
0.946386 1.89681 
-0.598542 -1.17374 
0.21491 0.408248 
-0.405763 -0.827928 
0.935455 1.88344 
0.84001 1.65093 
-0.701504 -1.43592 
0.812555 1.60823 
0.256874 0.529027 
0.0239288 0.0557554 
0.120754 0.237614 
-0.588254 -1.17604 
0.769053 1.54319 
0.315061 0.626524 
-0.914636 -1.81095 
0.960998 1.89416 
0.114848 0.177551 
0.807816 1.62017 
-0.820958 -1.66533 
0.838432 1.69612 
0.426691 0.852977 
0.558951 1.14772 
-0.878832 -1.74374 
-0.396039 -0.822037 
0.439249 0.835725 
-0.0363496 -0.0391149 
0.919853 1.82402 
-0.0100937 -0.0179036 
0.750352 1.47186 
-0.37596 -0.766571 
0.00471922 -0.0623901 
0.909623 1.81436 
0.266992 0.552836 
0.828693 1.63066 
0.580257 1.14362 
0.464124 0.995172 
0.459742 0.892114 
-0.317627 -0.680937 
-0.273265 -0.592253 
-0.898612 -1.78964 
0.498793 0.974643 
-0.845821 -1.6651 
0.53821 1.07131 
0.535784 1.08436 
0.0110919 0.0687191 
-0.655604 -1.30288 
0.937867 1.87338 
0.834859 1.66746 
0.0664703 0.152848 
0.243035 0.498179 
-0.0832035 -0.116571 
0.133037 0.234097 
-0.864202 -1.71884 
0.857044 1.7048 
0.36381 0.723676 
-0.284561 -0.591985 
-0.611162 -1.20285 
0.279376 0.593717 
0.107214 0.166278 
0.58601 1.19477 
-0.395433 -0.801651 
-0.308169 -0.584977 
-0.273928 -0.563148 
-0.121619 -0.181937 
0.173406 0.297447 
-0.280697 -0.602317 
-0.121842 -0.225958 
0.706506 1.37845 
0.526902 1.0523 
-0.849752 -1.70939 
0.289934 0.619474 
0.563738 1.13507 
-0.306434 -0.675553 
0.287624 0.548806 
0.610131 1.24009 
-0.794421 -1.55925 
0.453362 0.890377 
0.740979 1.44556 
-0.744893 -1.43728 
-0.609813 -1.22525 
-0.0164369 -0.0396234 
-0.687258 -1.3526 
0.333583 0.660136 
-0.694113 -1.33631 
0.784781 1.57296 
0.447548 0.895722 
0.715616 1.41274 
-0.784738 -1.58193 
0.123176 0.23157 
0.894325 1.77277 
0.711327 1.43065 
0.100464 0.244996 
0.637002 1.24541 
0.0664671 0.109801 
0.416996 0.806325 
0.668469 1.35901 
0.668171 1.2994 
-0.749087 -1.46106 
0.116021 0.273089 
-0.283059 -0.527644 
-0.257423 -0.52383 
0.861476 1.69455 
-0.948912 -1.88787 
-0.937949 -1.86245 
0.796791 1.61096 
-0.530207 -1.05566 
-0.811075 -1.57694 
0.207782 0.41601 
0.845833 1.68438 
-0.0283749 -0.0800493 
-0.0235035 -0.0758431 
-0.0661668 -0.135021 
0.925859 1.87567 
0.144889 0.292453 
0.824156 1.66608 
-0.954139 -1.9022 
-0.265307 -0.545366 
-0.649011 -1.30843 
-0.00600305 -0.00373108 
-0.402023 -0.790589 
-0.165747 -0.285148 
-0.214505 -0.486415 
0.471125 0.992035 
-0.00629269 0.0255037 
0.270195 0.486777 
0.802987 1.63203 
0.401148 0.817225 
0.291527 0.611586 
-0.553313 -1.10044 
-0.545837 -1.15915 
0.602098 1.21515 
0.778179 1.53972 
-0.242071 -0.4997 
-0.388556 -0.769628 
-0.596015 -1.20771 
-0.980231 -1.97304 
0.45496 0.875486 
0.511925 1.05607 
0.828268 1.67577 
-0.429859 -0.897242 
-0.675261 -1.35891 
-0.739038 -1.49463 
-0.00718421 0.0398618 
-0.818111 -1.6289 
0.716431 1.40506 
-0.77194 -1.5151 
-0.598627 -1.18084 
0.258573 0.470947 
-0.650506 -1.33673 
-0.182237 -0.402529 
-0.460854 -0.906509 
0.00607432 0.0263261 
-0.752193 -1.52153 
0.388515 0.768835 
-0.490257 -0.988981 
-0.40879 -0.814491 
0.152754 0.346252 
0.669656 1.28614 
-0.838209 -1.67713 
0.0903109 0.178608 
0.166256 0.294425 
-0.00513456 -0.0413859 
0.778195 1.58953 
0.221301 0.416754 
-0.386468 -0.727714 
0.214564 0.489728 
0.781943 1.56282 
-0.513082 -0.998943 
0.49806 0.99642 
0.446372 0.910041 
-0.9194 -1.80003 
-0.184475 -0.413065 
-0.843784 -1.67804 
-0.686701 -1.38157 
-0.527469 -1.04962 
0.8492 1.69657 
0.051849 0.141723 
0.545955 1.0907 
0.464475 0.909443 
0.898598 1.7676 
0.759181 1.52414 
0.880084 1.77279 
0.930068 1.83391 
-0.926082 -1.84462 
-0.94446 -1.90536 
0.55209 1.07793 
-0.695377 -1.35961 
0.790317 1.60087 
0.882453 1.79672 
-0.659557 -1.34269 
-0.651276 -1.2727 
0.824846 1.61573 
-0.543365 -1.08807 
0.653175 1.2979 
0.956548 1.91441 
-0.91946 -1.84364 
-0.527683 -1.07987 
0.879254 1.74317 
-0.745101 -1.50931 
0.583225 1.16717 
0.64378 1.35116 
0.135416 0.29958 
0.054597 0.0739491 
0.622843 1.24702 
-0.0511439 -0.0796946 
0.0442303 0.117705 
0.353272 0.665657 
0.399034 0.824334 
0.781153 1.5465 
0.0583913 0.068801 
0.647043 1.25087 
-0.181724 -0.425281 
0.966793 1.92108 
0.655393 1.31568 
0.52157 0.988061 
-0.526252 -1.06315 
-0.0461762 -0.0518669 
-0.339678 -0.699371 
0.904401 1.83332 
0.767591 1.56723 
0.0724798 0.134939 
0.75578 1.53469 
0.0821363 0.198819 
-0.907769 -1.80797 
0.295813 0.625706 
-0.661103 -1.31047 
0.0401617 0.0364875 
0.155434 0.273904 
0.735293 1.46154 
-0.579386 -1.19104 
-0.56232 -1.12512 
-0.989063 -1.96551 
-0.71261 -1.40643 
-0.291324 -0.597865 
0.970148 1.9265 
0.133004 0.322151 
-0.652451 -1.2834 
0.0134471 -0.0294849 
-0.515797 -1.01922 
-0.245844 -0.486522 
0.169943 0.414544 
-0.558845 -1.14786 
-0.800912 -1.59688 
-0.0259475 -0.040292 
-0.159597 -0.350963 
-0.333347 -0.646884 
-0.275556 -0.507497 
-0.691799 -1.38525 
0.94073 1.89706 
-0.668548 -1.31755 
0.572229 1.10192 
0.200441 0.3685 
0.00983217 0.103724 
-0.575592 -1.17116 
0.115931 0.170144 
-0.592064 -1.15814 
0.194251 0.408497 
-0.987409 -1.97985 
0.685966 1.40059 
0.0987317 0.200691 
0.423817 0.800253 
0.00966913 -0.0495955 
0.436397 0.91891 
0.0736071 0.121321 
0.539344 1.0562 
0.245026 0.451155 
0.185185 0.405529 
-0.241003 -0.454069 
-0.0538375 -0.104458 
0.556454 1.0631 
-0.484645 -0.917705 
0.339645 0.62201 
-0.143887 -0.223616 
0.494882 1.01346 
-0.722931 -1.41893 
-0.0692145 -0.117101 
0.811251 1.63693 
-0.419304 -0.899264 
0.968947 1.91477 
-0.757604 -1.48174 
0.542531 1.12801 
-0.312692 -0.665154 
0.143637 0.275914 
0.0315297 0.064741 
-0.476736 -0.960458 
0.484989 1.0114 
0.466671 0.928944 
0.166804 0.314252 
0.0196722 0.0231457 
-0.0944784 -0.198615 
0.761389 1.56292 
0.41909 0.843991 
-0.366863 -0.71402 
0.283285 0.577173 
-0.860562 -1.68561 
-0.484464 -0.964818 
0.0231022 -0.00589651 
-0.0300183 -0.0867265 
0.513544 1.0367 
-0.127354 -0.255591 
-0.392314 -0.809488 
-0.0804715 -0.196624 
-0.82656 -1.65752 
0.383034 0.801296 
-0.80135 -1.57105 
-0.110759 -0.20367 
0.240399 0.436437 
0.886274 1.78284 
0.126731 0.25771 
-0.203403 -0.343486 
-0.476672 -0.986418 
-0.563453 -1.09474 
0.245788 0.55128 
0.778126 1.53215 
0.0808218 0.173457 
-0.234216 -0.487453 
-0.780126 -1.56422 
0.819257 1.6706 
-0.0915238 -0.184597 
0.630433 1.25199 
0.532566 1.10335 
-0.616101 -1.19912 
0.32945 0.617392 
0.143707 0.258217 
-0.665542 -1.33626 
0.664495 1.28615 
0.421821 0.87655 
-0.458476 -0.943879 
-0.515257 -0.988144 
-0.907059 -1.82802 
0.237101 0.506655 
0.734239 1.43795 
0.740569 1.52797 
0.285706 0.5934 
0.314854 0.607294 
-0.0408508 -0.0862378 
-0.0837714 -0.141674 
0.388788 0.827421 
0.196676 0.432988 
0.175625 0.352757 
-0.781802 -1.55792 
0.82708 1.60824 
0.567629 1.14103 
0.595687 1.16383 
-0.454755 -0.93684 
-0.641383 -1.28315 
0.557645 1.11111 
-0.961234 -1.91993 
0.101596 0.136788 
-0.216073 -0.399672 
-0.372999 -0.691486 
-0.774467 -1.53394 
0.743737 1.4819 
0.0715508 0.141501 
0.575682 1.1212 
0.63326 1.33319 
-0.565906 -1.18833 
0.330003 0.68302 
-0.477339 -0.925285 
0.353483 0.690396 
-0.29788 -0.609541 
0.400521 0.763785 
-0.038684 -0.0732722 
0.413027 0.754239 
0.0860039 0.193996 
0.327624 0.692611 
-0.231911 -0.525148 
0.27015 0.543037 
-0.955492 -1.9256 
-0.326308 -0.58942 
-0.495977 -0.987794 
0.228659 0.451518 
-0.995394 -1.99298 
-0.861024 -1.69834 
0.68751 1.41567 
-0.815056 -1.61077 
-0.845626 -1.69018 
0.654684 1.32321 
-0.628209 -1.26349 
-0.0384248 -0.0992847 
-0.424048 -0.883071 
-0.400839 -0.766111 
0.487054 0.967454 
-0.126089 -0.26982 
0.605385 1.25353 
0.157799 0.304839 
-0.542709 -1.11568 
-0.161054 -0.293636 
0.562402 1.11419 
0.734322 1.50485 
-0.424309 -0.89735 
0.0437767 0.106232 
0.167943 0.382478 
0.219411 0.492908 
0.0385965 0.0759359 
-0.326198 -0.671641 
0.313719 0.647431 
-0.677973 -1.33615 
0.442486 0.822002 
-0.0137222 0.0307065 
-0.0370565 -0.0913859 
-0.872422 -1.75774 
-0.1569 -0.308179 
0.250686 0.534242 
-0.131536 -0.297634 
0.0342398 0.0392205 
-0.139271 -0.25045 
-0.488392 -0.978575 
0.678969 1.39672 
-0.285109 -0.561762 
-0.84163 -1.65934 
0.767361 1.53722 
-0.654884 -1.29389 
-0.4489 -0.87883 
-0.746943 -1.52145 
-0.347542 -0.700366 
-0.0957542 -0.150864 
-0.757649 -1.48804 
-0.142624 -0.315673 
0.501843 1.01228 
0.468374 0.979226 
-0.280672 -0.538729 
-0.644487 -1.32835 
0.376482 0.707543 
0.749002 1.5318 
-0.104035 -0.245877 
-0.628698 -1.28 
-0.812471 -1.60389 
0.542493 1.1077 
0.252996 0.479786 
-0.461338 -0.914759 
0.398851 0.778352 
-0.833634 -1.66722 
0.413146 0.876231 
0.588738 1.15926 
0.319769 0.680364 
-0.316815 -0.653834 
-0.141937 -0.333994 
0.475524 0.929444 
0.775912 1.56018 
-0.566178 -1.16909 
0.271431 0.528575 
0.451117 0.881336 
-0.199465 -0.391031 
-0.600658 -1.20968 
0.378883 0.731006 
0.433259 0.871422 
0.705567 1.36848 
0.856003 1.68798 
0.0908668 0.146892 
-0.0690978 -0.175792 
0.113303 0.184737 
-0.869025 -1.73626 
-0.761645 -1.46884 
0.12612 0.216548 
0.0463244 0.0677834 
0.898485 1.80678 
0.638611 1.28734 
-0.193131 -0.370571 
-0.667281 -1.36656 
-0.590303 -1.16986 
-0.861901 -1.72451 
-0.611115 -1.24384 
-0.533224 -1.01594 
0.339717 0.722434 
0.929308 1.85191 
-0.730437 -1.50715 
-0.0935301 -0.162365 
0.282208 0.567819 
-0.133731 -0.29211 
-0.673158 -1.37004 
0.234456 0.493703 
-0.526013 -1.00685 
-0.73399 -1.46797 
-0.675578 -1.30844 
0.218343 0.472302 
0.0150029 -0.00763159 
0.699625 1.37845 
0.37899 0.74613 
-0.209693 -0.460497 
-0.0671367 -0.141764 
0.694718 1.40674 
0.173052 0.34013 
-0.542976 -1.10068 
-0.0658858 -0.190541 
0.430878 0.828209 
0.577984 1.15583 
-0.193086 -0.376782 
-0.824472 -1.67816 
-0.920109 -1.85506 
-0.500472 -0.961337 
-0.275029 -0.545749 
0.535918 1.07824 
0.586298 1.15027 
0.924721 1.86025 
0.383068 0.778558 
-0.87295 -1.74451 
-0.211166 -0.365399 
0.807395 1.60823 
0.29908 0.608761 
0.813079 1.62703 
-0.887724 -1.77981 
-0.627085 -1.29513 
0.211176 0.394439 
-0.557163 -1.13063 
0.00796307 -0.0400703 
-0.303898 -0.592893 
0.29899 0.65872 
0.57161 1.16235 
-0.801298 -1.60378 
0.81128 1.64347 
-0.443468 -0.898076 
-0.711922 -1.45953 
-0.74346 -1.48036 
0.641607 1.2521 
-0.548629 -1.11019 
0.644536 1.32765 
0.716527 1.4412 
-0.0575973 -0.172097 
-0.738488 -1.48456 
0.113835 0.26736 
-0.793727 -1.59157 
-0.609218 -1.27144 
0.575588 1.20319 
0.116881 0.209149 
-0.429731 -0.824039 
-0.00373288 0.0313617 
0.258661 0.493308 
-0.603675 -1.19498 
-0.0503225 -0.0388187 
-0.458957 -0.959133 
-0.116377 -0.208136 
-0.805215 -1.63855 
0.840306 1.65774 
-0.709052 -1.38729 
-0.487925 -0.957578 
-0.970564 -1.9552 
-0.806092 -1.61467 
-0.0525624 -0.0646215 
0.737704 1.47651 
-0.816573 -1.63459 
-0.604288 -1.17634 
-0.395219 -0.746378 
0.057387 0.109821 
0.0146807 0.0596082 
0.973311 1.94999 
-0.828334 -1.6901 
-0.851374 -1.69553 
0.841587 1.71835 
0.863555 1.71018 
0.685299 1.35887 
-0.733778 -1.44048 
-0.687443 -1.311 
-0.349782 -0.713656 
-0.857555 -1.71683 
-0.278846 -0.588922 
-0.453714 -0.907502 
-0.624942 -1.2429 
0.214576 0.431181 
0.80664 1.67203 
0.0199952 0.0587597 
-0.624545 -1.21947 
0.832362 1.6454 
0.676429 1.34609 
0.547522 1.12908 
-0.704614 -1.41431 
0.0942088 0.170563 
-0.513169 -1.03382 
0.558513 1.13601 
0.294757 0.56182 
0.202141 0.388248 
-0.0891963 -0.173971 
-0.0957973 -0.129386 
0.874334 1.73966 
0.921524 1.84699 
0.411226 0.792947 
-0.483605 -1.01625 
-0.0452415 -0.112728 
0.80069 1.6432 
0.673639 1.33524 
-0.695957 -1.404 
0.229122 0.464251 
0.47876 0.978283 
0.152066 0.311768 
-0.721836 -1.45711 
-0.427441 -0.858745 
0.17516 0.38732 
-0.234812 -0.428749 
0.444653 0.84748 
0.119041 0.223608 
0.014292 -0.015362 
0.264814 0.573393 
-0.704734 -1.3361 
-0.546523 -1.07827 
0.235224 0.476967 
0.297562 0.594704 
-0.535228 -1.10356 
0.415134 0.86399 
-0.277741 -0.497958 
0.510575 1.01316 
0.624728 1.21265 
0.139426 0.25236 
-0.281398 -0.621299 
-0.358545 -0.714065 
0.19138 0.373795 
0.693868 1.38435 
0.675011 1.31111 
-0.699166 -1.42128 
0.646456 1.29832 
0.890779 1.81045 
-0.628388 -1.23865 
0.27728 0.550542 
-0.747726 -1.48921 
-0.795898 -1.58502 
-0.375552 -0.698838 
0.290227 0.583236 
0.645399 1.30676 
0.364578 0.694428 
0.453341 0.869835 
-0.365092 -0.774531 
-0.00289489 0.00944167 
-0.0083251 -0.0311189 
0.434172 0.840069 
0.949035 1.89025 
-0.234055 -0.539842 
-0.832958 -1.71458 
-0.61512 -1.2259 
-0.417164 -0.84003 
0.40339 0.808246 
-0.85037 -1.72404 
-0.139334 -0.362126 
0.919118 1.80275 
0.198718 0.403284 
-0.0503592 -0.134201 
0.971855 1.94475 
-0.324819 -0.634702 
0.520393 1.01214 
-0.247392 -0.534894 
0.286979 0.605457 
-0.259 -0.553713 
-0.176109 -0.348495 
-0.21424 -0.426335 
0.311161 0.619302 
-0.943756 -1.88363 
0.321236 0.652077 
0.613247 1.20172 
-0.699575 -1.38891 
-0.46494 -0.937443 
0.096865 0.18753 
-0.00388641 0.019694 
0.443219 0.890567 
-0.857442 -1.73098 
-0.253261 -0.487062 
-0.186134 -0.316655 
-0.084653 -0.238667 
-0.520557 -1.06536 
0.981766 1.96184 
-0.00940086 0.012331 
-0.132793 -0.309925 
-0.535552 -1.08912 
0.360353 0.698888 
-0.165253 -0.3382 
-0.470911 -0.9743 
0.798072 1.58398 
0.870348 1.76288 
0.907703 1.80615 
-0.549829 -1.14695 
0.532063 1.03978 
-0.282606 -0.64405 
-0.394319 -0.759476 
0.153965 0.286924 
0.394404 0.804107 
-0.522942 -1.07654 
0.403436 0.854839 
0.956011 1.88609 
0.900802 1.83842 
-0.665285 -1.26493 
-0.312819 -0.622991 
-0.155252 -0.293238 
0.354771 0.724489 
0.804851 1.60214 
0.483239 0.964572 
0.829797 1.66882 
-0.908792 -1.82227 
0.746085 1.52558 
0.152677 0.35293 
-0.0584176 -0.122632 
0.27493 0.55691 
-0.705814 -1.45107 
-0.769348 -1.52222 
-0.827357 -1.62229 
0.580805 1.15094 
-0.105706 -0.193773 
0.0249991 0.0290667 
0.510727 1.02207 
-0.0244083 0.0318448 
-0.190726 -0.416673 
-0.348804 -0.733432 
-0.725854 -1.44593 
0.0739538 0.105157 
0.189315 0.392714 
-0.0466102 -0.0705768 
0.929464 1.84131 
-0.0611902 -0.105933 
-0.761132 -1.5041 
-0.571896 -1.16515 
0.292267 0.550778 
0.36434 0.715958 
0.792904 1.57297 
-0.252571 -0.499874 
0.446565 0.932259 
0.66542 1.31161 
0.785426 1.56636 
-0.807155 -1.58947 
0.34933 0.679913 
-0.773579 -1.5538 
0.154748 0.279712 
-0.127662 -0.228877 
-0.502344 -0.970249 
0.943149 1.91054 
0.420515 0.814911 
0.599558 1.20205 
0.159583 0.391489 
-0.115227 -0.173432 
-0.489192 -0.998908 
-0.450377 -0.892095 
-0.521336 -1.04012 
0.204048 0.439739 
0.378972 0.768635 
-0.0159533 0.0186765 
-0.382995 -0.815771 
0.821576 1.64243 
-0.815042 -1.6513 
-0.149001 -0.314655 
-0.706614 -1.35603 
0.410705 0.814438 
-0.191734 -0.356137 
0.303779 0.533462 
-0.0380291 -0.000783905 
-0.236781 -0.501575 
-0.62037 -1.26352 
0.310079 0.57666 
-0.594038 -1.19894 
-0.307445 -0.633039 
0.0353595 0.089659 
-0.209353 -0.359801 
-0.433645 -0.828272 
0.48333 0.954905 
-0.221008 -0.415455 
-0.110852 -0.246807 
-0.635272 -1.2942 
0.238309 0.466843 
-0.0415738 -0.138275 
0.360144 0.726953 
-0.165644 -0.328338 
-0.967063 -1.9116 
-0.58781 -1.24365 
0.550337 1.11593 
-0.268407 -0.494717 
-0.230079 -0.451712 
0.0351293 0.059645 
0.504515 0.951186 
-0.269473 -0.525081 
0.0141111 0.0317513 
-0.480067 -0.914798 
-0.486778 -0.940896 
0.181898 0.329612 
0.988634 1.98009 
0.0217081 0.0852775 
0.0493662 0.104162 
-0.656488 -1.32755 
0.149108 0.342292 
-0.389049 -0.779139 
0.85668 1.71844 
-0.249938 -0.506203 
0.0969224 0.163064 
0.282982 0.534322 
0.616871 1.26021 
-0.870284 -1.72628 
0.64124 1.31304 
0.64579 1.32192 
-0.325345 -0.581183 
0.397237 0.843527 
-0.226187 -0.455509 
-0.194691 -0.322859 
0.385984 0.757 
-0.57692 -1.09068 
0.354846 0.652494 
0.421349 0.850044 
-0.450333 -0.860768 
0.00513333 -0.0239307 
0.436437 0.891923 
0.430799 0.882182 
-0.681343 -1.36636 
-0.215664 -0.407013 
0.246106 0.478531 
0.0283523 0.00670296 
0.122122 0.28305 
0.00242464 0.0418816 
0.486897 0.950277 
-0.332345 -0.715683 
0.308614 0.595189 
0.319667 0.660991 
-0.490027 -1.00902 
-0.394805 -0.732944 
0.452426 0.923458 
-0.214393 -0.438003 
0.678957 1.38995 
0.597041 1.18723 
-0.917919 -1.80628 
0.207229 0.375407 
0.233104 0.423008 
-0.0978365 -0.222052 
0.572759 1.16928 
0.760103 1.48153 
-0.584753 -1.16997 
0.558045 1.08999 
0.174867 0.373508 
0.294673 0.582505 
-0.828993 -1.68051 
-0.463168 -0.882587 
-0.226108 -0.434408 
-0.225845 -0.467424 
0.130816 0.276131 
0.461874 0.94033 
0.694695 1.35842 
0.551464 1.15236 
-0.0770457 -0.143589 
0.728656 1.47606 
-0.269546 -0.587968 
0.410437 0.826678 
0.720323 1.41378 
-0.375889 -0.794025 
-0.976243 -1.94071 
-0.70134 -1.37019 
0.261984 0.461654 
-0.615501 -1.27458 
0.728088 1.4885 
-0.259892 -0.501817 
0.00967202 0.030988 
-0.199791 -0.469691 
0.548274 1.07504 
0.294416 0.59876 
0.321454 0.625272 
0.0103189 0.00211674 
0.4487 0.858106 
-0.0198082 0.00524441 
-0.62014 -1.20848 
-0.0264221 -0.109844 
0.488262 1.01523 
0.326436 0.637599 
-0.288789 -0.580522 
-0.863219 -1.76789 
0.430807 0.818126 
-0.230308 -0.491484 
0.0645842 0.121899 
0.720155 1.43012 
-0.0978017 -0.116911 
-0.665618 -1.37963 
0.369276 0.694204 
0.0855611 0.161513 
0.214042 0.383341 
0.762454 1.51546 
-0.503828 -0.98202 
0.439551 0.86331 
-0.938813 -1.89436 
0.507824 0.987837 
-0.0935884 -0.240752 
-0.900989 -1.82735 
-0.266209 -0.57256 
-0.076279 -0.175591 
0.441812 0.909655 
-0.539112 -1.08599 
0.571227 1.12067 
0.148187 0.272285 
-0.736758 -1.45553 
-0.360358 -0.744689 
-0.768052 -1.5647 
-0.416823 -0.82692 
-0.355845 -0.690797 
0.0392017 0.121346 
0.695612 1.42292 
-0.884748 -1.75777 
0.882713 1.78598 
0.60529 1.22015 
-0.419777 -0.878474 
-0.710187 -1.4375 
0.0274854 0.0596247 
0.300959 0.616179 
-0.979817 -1.95961 
0.494059 0.994851 
-0.401081 -0.827919 
0.482438 0.994288 
0.855754 1.73052 
0.455585 0.913659 
0.376266 0.737102 
0.865844 1.69774 
0.879241 1.76142 
-0.0732715 -0.09145 
-0.493503 -0.976518 
-0.420789 -0.823448 
0.646837 1.28445 
-0.292685 -0.569721 
-0.772645 -1.52708 
-0.429192 -0.843009 
-0.307578 -0.624165 
-0.415009 -0.858858 
-0.30207 -0.615307 
0.069457 0.166397 
0.751896 1.57729 
-0.559742 -1.10423 
-0.952818 -1.8936 
-0.0997984 -0.168493 
-0.263435 -0.561479 
-0.151143 -0.289057 
0.577456 1.12876 
-0.518569 -1.05257 
-0.65291 -1.31565 
-0.399456 -0.798737 
-0.763744 -1.52728 
-0.195077 -0.304733 
0.669289 1.37211 
-0.856131 -1.6861 
0.394783 0.762451 
0.620801 1.22667 
-0.613306 -1.18001 
-0.432776 -0.878439 
-0.605601 -1.22397 
-0.95561 -1.93222 
0.213852 0.441706 
-0.877924 -1.77084 
-0.805358 -1.58364 
0.0728739 0.218172 
-0.847359 -1.68443 
0.452113 0.954421 
-0.238143 -0.47343 
0.376273 0.723096 
-0.232961 -0.44038 
-0.298602 -0.558725 
0.649813 1.29398 
0.0537108 0.0965708 
0.263929 0.495916 
0.254189 0.555574 
-0.0563024 -0.139498 
-0.791634 -1.57893 
0.525153 1.04576 
-0.0403741 -0.0514685 
-0.0170119 -0.0632316 
-0.355724 -0.743978 
-0.261828 -0.484769 
-0.274582 -0.570319 
0.274995 0.543462 
-0.780824 -1.61523 
-0.610824 -1.25781 
0.708744 1.41401 
-0.339835 -0.679011 
0.368395 0.712577 
0.100168 0.175626 
0.110613 0.190508 
0.602786 1.17456 
0.376921 0.759541 
-0.745616 -1.50183 
0.0651623 0.201066 
0.207868 0.423104 
-0.309275 -0.600867 
-0.377722 -0.742337 
0.892662 1.79835 
0.816548 1.64608 
0.777749 1.55154 
0.320543 0.596817 
-0.845473 -1.75634 
-0.625726 -1.25095 
0.636296 1.25845 
0.103097 0.238666 
-0.817855 -1.67293 
0.771498 1.54793 
0.935353 1.86406 
-0.112829 -0.268089 
-0.499717 -1.03765 
-0.385734 -0.746736 
0.26638 0.483895 
0.912054 1.80958 
0.763034 1.53482 
-0.328324 -0.683814 
0.474856 0.912749 
-0.222968 -0.446728 
0.163375 0.346049 
-0.136589 -0.282506 
-0.372675 -0.780996 
0.0601292 0.0963452 
-0.0547037 -0.12661 
-0.644493 -1.26154 
-0.0365066 -0.0562918 
0.161749 0.276576 
-0.0950409 -0.215454 
-0.048246 -0.128798 
-0.650288 -1.26343 
-0.0686333 -0.185329 
-0.147518 -0.343176 
0.320052 0.640111 
-0.423352 -0.847327 
-0.22393 -0.47999 
0.13886 0.230012 
0.171557 0.311832 
-0.755323 -1.49268 
0.2641 0.547641 
-0.411453 -0.880014 
-0.721318 -1.4716 
-0.405269 -0.840688 
0.997981 1.9901 
0.772758 1.51293 
-0.1168 -0.260368 
-0.929821 -1.86669 
0.590574 1.17564 
0.278016 0.534274 
-0.0273356 -0.0284413 
-0.274432 -0.576673 
0.495917 0.969214 
-0.633816 -1.27645 
-0.330348 -0.651589 
-0.518998 -1.00046 
-0.74038 -1.51126 
0.0769828 0.184816 
0.249183 0.467147 
0.659601 1.28367 
-0.469631 -0.901175 
-0.222979 -0.43823 
-0.0229516 -0.0630193 
-0.315902 -0.610113 
0.225731 0.428769 
-0.889532 -1.78966 
-0.64178 -1.26904 
-0.0747414 -0.131234 
-0.201308 -0.405919 
-0.514213 -0.953297 
-0.904212 -1.8041 
-0.973292 -1.91969 
-0.504544 -1.02304 
-0.614747 -1.21325 
0.620414 1.19199 
0.8446 1.67312 
-0.24155 -0.561483 
-0.165305 -0.30547 
-0.12336 -0.240016 
0.627532 1.27056 
-0.674768 -1.38694 
0.0625355 0.0905354 
-0.312029 -0.656722 
-0.965719 -1.92975 
-0.663137 -1.33231 
0.370456 0.763223 
-0.0175979 -0.0533174 
0.574905 1.13668 
-0.210172 -0.410434 
-0.53628 -1.07435 
-0.605964 -1.20757 
0.152829 0.299281 
0.218761 0.403659 
-0.375655 -0.720965 
-0.937353 -1.84333 
0.358157 0.766974 
-0.904407 -1.81656 
0.563846 1.08764 
0.92217 1.83063 
0.0923007 0.206659 
-0.142567 -0.265065 
-0.845283 -1.71185 
0.600079 1.23061 
0.594767 1.17165 
-0.256924 -0.53108 
0.327414 0.592797 
0.165056 0.373035 
0.297946 0.548798 
0.292067 0.567591 
0.475231 0.95317 
0.39705 0.81706 
-0.184156 -0.370448 
0.909659 1.83191 
0.80024 1.5997 
0.0757706 0.0912403 
-0.0509614 -0.111541 
-0.710246 -1.46584 
-0.91351 -1.83984 
-0.564356 -1.11218 
0.719187 1.45116 
-0.309191 -0.571502 
0.761761 1.54778 
0.152931 0.293629 
0.373122 0.718888 
0.744299 1.49873 
-0.690059 -1.39249 
-0.524757 -1.02233 
-0.0121533 -0.0282576 
0.712035 1.39533 
-0.751209 -1.49275 
-0.610728 -1.20916 
0.605342 1.23747 
0.807926 1.56298 
0.20668 0.393117 
-0.229837 -0.414928 
0.528431 1.05786 
-0.724789 -1.40581 
0.875859 1.77725 
-0.639852 -1.32489 
-0.0857812 -0.12495 
-0.940891 -1.8697 
-0.0126105 -0.0452393 
-0.366904 -0.739838 
0.0937172 0.213856 
0.214571 0.372868 
-0.517388 -1.04612 
0.62228 1.2552 
0.268523 0.536126 
-0.450243 -0.910727 
0.344998 0.669249 
-0.714782 -1.42766 
-0.390798 -0.748136 
0.70702 1.42101 
0.403614 0.892558 
0.650819 1.25572 
-0.0858645 -0.191852 
0.615056 1.21432 
-0.298212 -0.546317 
-0.414447 -0.804482 
-0.298378 -0.577266 
0.4683 0.951122 
-0.0603758 -0.0885881 
-0.0148921 0.00323983 
0.169752 0.39508 
-0.812602 -1.61729 
0.596364 1.20681 
0.828961 1.65595 
0.0543054 0.125454 
-0.166927 -0.36668 
-0.511642 -0.993474 
-0.681177 -1.38546 
0.612601 1.25837 
-0.221988 -0.501287 
0.390148 0.733961 
0.478572 1.01438 
0.571019 1.15149 
-0.24208 -0.438398 
0.0194147 0.0519128 
0.522578 1.04014 
-0.553363 -1.07747 
-0.249345 -0.467562 
0.122942 0.271121 
0.34598 0.695274 
0.471245 0.926342 
-0.00415281 0.0472007 
-0.350734 -0.705366 
0.678489 1.36896 
-0.135575 -0.25695 
0.667639 1.31687 
0.50482 0.959255 
-0.19717 -0.354911 
-0.823652 -1.61502 
-0.445479 -0.871595 
-0.307872 -0.653243 
-0.671412 -1.3037 
0.192205 0.382642 
0.255634 0.544282 
0.952465 1.87372 
0.142759 0.299796 
-0.789047 -1.56929 
-0.783586 -1.56949 
-0.296565 -0.58418 
-0.697179 -1.43627 
0.453273 0.965361 
-0.480985 -0.929245 
-0.261291 -0.456444 
-0.609586 -1.23828 
-0.81861 -1.59662 
-0.378404 -0.756045 
0.722786 1.49611 
0.00586363 0.0140997 
0.35779 0.737571 
-0.158283 -0.338114 
-0.439918 -0.905225 
0.586103 1.18786 
0.144742 0.316828 
0.148702 0.330117 
0.72331 1.45235 
0.57234 1.11004 
-0.662199 -1.3251 
0.223198 0.489254 
-0.499046 -1.00293 
0.762202 1.50244 
-0.150264 -0.272647 
0.250397 0.550965 
-0.884189 -1.77146 
0.353528 0.684185 
-0.0306883 -0.0686396 
0.498444 0.963028 
-0.477949 -0.953934 
-0.428034 -0.872361 
0.0814633 0.148835 
0.807034 1.58985 
0.331777 0.653043 
0.0698179 0.159758 
0.690061 1.40776 
0.286363 0.543519 
-0.0961 -0.247312 
-0.0692056 -0.103329 
0.0440984 0.0890419 
-0.340657 -0.657325 
-0.623661 -1.26987 
-0.736134 -1.50769 
0.152354 0.254754 
-0.823473 -1.63986 
0.755089 1.51972 
-0.175408 -0.407342 
-0.420095 -0.855775 
-0.290454 -0.607741 
-0.524191 -1.0125 
-0.0284344 -0.00828806 
-0.226964 -0.427521 
-0.413924 -0.835731 
0.619883 1.27479 
-0.14349 -0.325314 
-0.270409 -0.604611 
0.430309 0.890693 
-0.2959 -0.598018 
-0.199719 -0.369267 
0.0894235 0.135914 
-0.790634 -1.5629 
-0.385798 -0.733288 
-0.117694 -0.236252 
-0.211185 -0.470774 
0.156636 0.33844 
-0.0446181 -0.102333 
-0.378095 -0.780004 
0.112504 0.22972 
-0.68281 -1.35058 
0.475581 0.892466 
0.41253 0.801781 
-0.570371 -1.10253 
-0.925981 -1.83776 
0.316675 0.676715 
0.780612 1.52518 
-0.650983 -1.32145 
0.371779 0.724528 
-0.0687478 -0.161421 
0.375807 0.742391 
0.738601 1.48293 
0.385003 0.73373 
0.349359 0.648912 
0.585273 1.1207 
0.338006 0.686158 
0.144989 0.284046 
0.501768 1.02172 
-0.741993 -1.47111 
0.261953 0.527438 
0.933873 1.8578 
-0.78375 -1.6102 
0.861897 1.719 
-0.581714 -1.15161 
-0.45796 -0.911072 
0.961194 1.9344 
0.567904 1.1273 
-0.106034 -0.225138 
0.772722 1.5204 
-0.829986 -1.68553 
-0.647978 -1.29286 
-0.808724 -1.60558 
-0.236086 -0.49361 
-0.761882 -1.54741 
-0.0633623 -0.11465 
0.641145 1.29217 
-0.0183003 -0.00973781 
0.107803 0.211923 
-0.684191 -1.40279 
-0.173751 -0.328579 
0.925146 1.89021 
0.0568989 0.158624 
0.631839 1.26768 
-0.878666 -1.75033 
0.938404 1.88919 
-0.385135 -0.787418 
0.146284 0.254083 
-0.988504 -1.99172 
-0.148484 -0.356922 
0.811751 1.61992 
-0.0206331 -0.0411405 
0.731652 1.45333 
0.202453 0.444872 
0.675591 1.3555 
-0.622473 -1.18984 
-0.205069 -0.37346 
0.0527712 0.0866057 
-0.982054 -1.95488 
-0.859495 -1.75534 
0.692962 1.32663 
-0.547811 -1.08734 
0.504887 1.0389 
-0.807468 -1.63358 
-0.333501 -0.633526 
-0.87574 -1.78038 
-0.555782 -1.09094 
-0.129276 -0.266556 
-0.564083 -1.14118 
0.431485 0.851349 
0.957724 1.92512 
0.0184774 -0.0178598 
0.58972 1.1978 
-0.383111 -0.794618 
0.499576 1.05777 
0.478363 0.902053 
-0.168843 -0.381893 
-0.611839 -1.22081 
-0.913106 -1.8179 
-0.414656 -0.776417 
0.394647 0.790841 
-0.622646 -1.29436 
-0.238743 -0.485553 
0.198293 0.448396 
0.461374 0.919801 
0.174043 0.39244 
-0.4382 -0.895469 
0.636215 1.29716 
0.617078 1.22939 
-0.592434 -1.15276 
-0.862458 -1.70806 
-0.0230609 -0.0183357 
-0.24193 -0.482289 
0.900232 1.79805 
-0.447346 -0.884756 
-0.228775 -0.480415 
-0.462464 -0.948437 
0.282512 0.560621 
0.720779 1.44052 
-0.00879989 -0.0756461 
0.712996 1.42584 
0.752365 1.48567 
-0.35128 -0.759976 
-0.552517 -1.06059 
-0.54274 -1.04989 
0.901972 1.80332 
-0.354149 -0.716849 
0.0584374 0.102882 
0.100357 0.21736 
-0.768704 -1.54409 
0.946118 1.88403 
-0.244022 -0.46715 
-0.12789 -0.206087 
0.452588 0.948899 
0.91924 1.85518 
0.685854 1.3772 
0.303741 0.600741 
-0.340185 -0.743431 
0.0645122 0.186891 
0.314337 0.662074 
0.458687 0.943593 
0.67284 1.36771 
0.439856 0.883891 
-0.410489 -0.781435 
0.791455 1.57875 
0.956513 1.89686 
0.260217 0.515161 
0.132886 0.265475 
0.405801 0.773162 
-0.0953716 -0.187011 
0.86077 1.74513 
-0.0401217 -0.113524 
-0.925802 -1.8626 
-0.682345 -1.41017 
0.580285 1.16267 
0.788058 1.55728 
-0.465495 -0.893214 
0.875892 1.75176 
-0.587983 -1.15774 
-0.571346 -1.15508 
-0.385523 -0.721997 
0.575716 1.16102 
-0.269071 -0.530928 
0.198323 0.420149 
0.241417 0.517553 
0.54974 1.13434 
-0.664658 -1.29908 
-0.237101 -0.456605 
0.102306 0.25713 
-0.775771 -1.5678 
-0.592245 -1.13605 
-0.0398576 -0.0812231 
-0.798703 -1.55534 
-0.154007 -0.262692 
0.386686 0.775983 
0.915209 1.84432 
-0.506824 -0.996829 
0.210555 0.411824 
0.245361 0.506051 
0.591869 1.18322 
-0.079261 -0.118315 
0.800526 1.58998 
-0.15563 -0.351681 
0.92909 1.8662 
0.388121 0.81348 
-0.210436 -0.442735 
0.965312 1.92733 
0.852283 1.70872 
-0.896962 -1.78446 
0.839625 1.70935 
0.342952 0.705956 
-0.425696 -0.820183 
0.463023 0.947254 
-0.15543 -0.318444 
-0.423843 -0.89162 
0.394822 0.848076 
0.079025 0.1426 
-0.391666 -0.798068 
-0.344589 -0.664078 
0.513437 0.996552 
-0.157077 -0.330631 
-0.536536 -1.04283 
0.0522126 0.0252265 
-0.00027562 -0.0439491 
-0.126645 -0.250616 
0.229126 0.407198 
0.47406 0.96324 
0.341827 0.659766 
-0.947836 -1.89378 
-0.570513 -1.08241 
-0.455779 -0.888582 
0.493105 1.00039 
0.134667 0.284054 
-0.0254953 -0.0691112 
0.338031 0.674672 
-0.111498 -0.255473 
-0.00474171 -0.0234686 
0.431356 0.928295 
-0.247589 -0.525084 
-0.75225 -1.5346 
0.0905555 0.193122 
0.478535 1.01909 
0.0143272 0.0397289 
0.317581 0.646856 
0.185766 0.374838 
0.934483 1.89897 
0.978283 1.9583 
0.327645 0.650591 
-0.0540877 -0.0896971 
-0.346244 -0.727574 
-0.161541 -0.357445 
-0.213863 -0.445721 
0.865669 1.69055 
0.7819 1.58429 
-0.834004 -1.66184 
-0.61879 -1.2031 
0.587616 1.21868 
-0.115023 -0.247298 
-0.973034 -1.93594 
0.369456 0.74719 
0.467684 0.901697 
0.170105 0.362156 
-0.857107 -1.70111 
0.379544 0.786734 
-0.170348 -0.361402 
-0.333133 -0.679198 
-0.378369 -0.713466 
-0.230477 -0.502918 
0.10213 0.147091 
0.211043 0.363022 
-0.639729 -1.29748 
-0.174192 -0.320769 
-0.30724 -0.579027 
-0.777741 -1.55303 
-0.928296 -1.82911 
-0.915607 -1.83296 
0.607922 1.19855 
0.469518 0.8903 
-0.939296 -1.88735 
0.844843 1.69739 
-0.597687 -1.22092 
0.232082 0.47402 
0.27197 0.572166 
0.771318 1.55751 
0.837144 1.637 
0.598441 1.21969 
-0.573558 -1.12429 
0.16755 0.352049 
0.787947 1.58669 
0.969526 1.95639 
0.610831 1.28134 
0.418398 0.829023 
0.945035 1.87892 
-0.331888 -0.611114 
0.695082 1.44315 
0.209388 0.402379 
0.522326 1.02712 
0.275513 0.50395 
0.824254 1.67994 
-0.699636 -1.40749 
0.600712 1.19222 
0.807897 1.58147 
0.285348 0.618061 
0.533699 1.098 
-0.265633 -0.521173 
-0.638918 -1.24811 
-0.487163 -0.985332 
-0.587556 -1.13754 
0.0728402 0.190861 
-0.168519 -0.3185 
0.817389 1.65469 
-0.476388 -0.973867 
0.302501 0.628508 
0.816375 1.61662 
-0.328015 -0.620187 
0.890223 1.79212 
0.715838 1.42898 
-0.351776 -0.659629 
-0.104721 -0.215044 
0.301006 0.587698 
-0.754574 -1.5147 
-0.343482 -0.632921 
-0.894177 -1.76936 
0.624547 1.23474 
-0.251183 -0.511725 
-0.794502 -1.62339 
0.251951 0.507501 
-0.400569 -0.813133 
-0.13134 -0.244882 
-0.316561 -0.675598 
0.344735 0.714777 
0.654118 1.3384 
-0.550844 -1.12245 
0.489693 0.9819 
0.502421 0.988595 
-0.0182123 -0.0749635 
0.934096 1.8768 
0.112837 0.166495 
0.902208 1.79155 
0.542647 1.06932 
-0.220033 -0.400448 
0.0381243 0.149529 
0.911227 1.823 
0.387805 0.788884 
0.910684 1.84897 
0.0127805 0.00662354 
0.0106046 0.0174225 
0.764819 1.50885 
-0.730435 -1.47937 
0.816821 1.62959 
-0.86119 -1.69175 
0.775165 1.57244 
0.983249 1.97086 
0.531633 1.01407 
0.194573 0.35377 
-0.450286 -0.926786 
-0.110814 -0.226499 
0.890264 1.81793 
0.746957 1.50594 
-0.0672444 -0.0818135 
0.912862 1.8159 
0.180242 0.378727 
0.157321 0.357656 
0.54393 1.08263 
-0.653587 -1.33361 
-0.566239 -1.16264 
-0.0927739 -0.223407 
-0.635865 -1.30782 
-0.173843 -0.371716 
0.230356 0.440732 
-0.589551 -1.14883 
0.215246 0.425607 
0.890257 1.78189 
0.0615908 0.0472819 
0.52471 1.07584 
0.287976 0.565931 
0.1113 0.262529 
0.724196 1.42973 
-0.273943 -0.522622 
-0.933536 -1.90301 
0.391109 0.739443 
0.23308 0.449761 
0.12207 0.21568 
-0.666153 -1.28984 
-0.838405 -1.69234 
-0.624177 -1.27765 
0.413702 0.86954 
0.69839 1.42699 
-0.401257 -0.785054 
0.0375679 0.0283427 
0.437614 0.830309 
0.272674 0.581391 
0.0346054 0.115919 
0.154655 0.324162 
-0.366478 -0.759925 
0.594733 1.23193 
-0.138681 -0.292393 
0.129302 0.205021 
-0.123156 -0.301369 
-0.672923 -1.34427 
0.459227 0.924623 
-0.33954 -0.712494 
-0.725187 -1.43199 
-0.946872 -1.87028 
-0.33082 -0.665583 
0.0158279 0.0262409 
-0.975217 -1.94867 
-0.800106 -1.5808 
-0.804742 -1.60929 
0.370607 0.731844 
-0.899743 -1.80656 
-0.778726 -1.53176 
0.912895 1.85573 
0.821784 1.62413 
0.39761 0.856169 
-0.313126 -0.633814 
-0.233073 -0.47628 
-0.920905 -1.86988 
0.512307 1.08249 
0.76092 1.48912 
0.679186 1.31711 
0.794756 1.58912 
-0.153635 -0.252804 
0.522113 0.999625 
-0.203111 -0.394991 
-0.511004 -1.02361 
0.00821462 -0.00202652 
-0.0796703 -0.0859492 
0.24332 0.485705 
-0.183207 -0.384247 
-0.717697 -1.43113 
-0.576782 -1.15385 
-0.283493 -0.521329 
-0.480641 -0.96343 
0.116372 0.249922 
-0.272401 -0.610392 
-0.633038 -1.23912 
0.722031 1.46957 
-0.100439 -0.218945 
0.75495 1.50507 
-0.100566 -0.264369 
-0.0702519 -0.165955 
0.482178 0.879909 
-0.67121 -1.35529 
-0.121476 -0.211822 
0.230294 0.469447 
-0.65089 -1.27831 
-0.346408 -0.652916 
-0.638641 -1.25909 
-0.283525 -0.57091 
-0.529196 -1.03561 
-0.180419 -0.35113 
-0.061824 -0.145367 
-0.270904 -0.541802 
0.580585 1.1875 
-0.366822 -0.72574 
0.126554 0.272795 
0.650426 1.28785 
0.79217 1.55445 
-0.833243 -1.68959 
-0.169258 -0.370303 
0.694566 1.39783 
-0.286247 -0.614721 
0.798297 1.60573 
-0.518831 -1.08212 
0.561994 1.17434 
-0.708046 -1.40053 
0.630018 1.2886 
-0.257257 -0.467855 
0.874305 1.73313 
0.519309 1.00428 
-0.689429 -1.37108 
-0.832504 -1.61276 
-0.148898 -0.254991 
-0.0600128 -0.13001 
0.700023 1.41714 


Total function evaluations: 800053
Run time (miliseconds)2.40659e+07
Run time (seconds)24065.9
Run time (minutes)401.099

END 19  !!!
Is testing: 0
run_time (seconds): 24057.5
